Order - Number,Date - Order Date,Market - Store Name,Market - Market Order URL,Market - Markeplace Name,Amount - Shipping Cost,Amount - Order Shipping,Amount - Paid by Customer,Amount - Order Subtotal,Amount - Order Tax,Amount - Order Total,Count - Number of Items,Custom - Field 1
4044101346,5/1/2026 12:11:14 AM,Lumina Custom Design,,Etsy,6.58,9.14,31.49,19.76,2.31,31.21,2,
4044098032,5/1/2026 12:03:30 AM,Woodmark Custom,,Etsy,13.48,13.48,27.05,12.59,0.98,27.05,1,
4044098182,5/1/2026 12:03:48 AM,Woodmark Custom,,Etsy,15.08,13.36,26.72,12.59,0.77,26.72,1,
4049539157,5/1/2026 12:34:15 AM,Woodmark Custom,,Etsy,5.62,7.60,26.16,16.19,2.09,25.88,1,
4044107104,5/1/2026 12:25:56 AM,Woodmark Custom,,Etsy,5.83,7.69,25.85,16.19,1.97,25.85,1,
4044113548,5/1/2026 12:45:00 AM,Woodmark Custom,,Etsy,5.97,8.13,25.90,16.19,1.58,25.90,1,
4037984243,5/1/2026 1:02:21 AM,Etched Elegance Shop,,Etsy,6.37,0.00,0.00,0.00,0.00,0.00,0,
4044119560,5/1/2026 1:03:15 AM,Devran Custom Design,,Etsy,6.65,6.65,54.49,44.76,3.08,54.49,2,
4044133524,5/1/2026 1:44:34 AM,Lumina Custom Design,,Etsy,10.80,0.00,24.94,23.04,1.90,24.94,2,
4049575437,5/1/2026 2:19:12 AM,Devran Custom Design,,Etsy,5.40,5.40,21.19,14.90,0.89,21.19,1,
4028626811,5/1/2026 3:03:53 AM,Devran Custom Design,,Etsy,7.13,18.85,87.00,41.60,4.92,65.37,1,
4044160370,5/1/2026 3:08:26 AM,Woodmark Custom,,Etsy,6.25,6.98,29.73,21.46,1.29,29.73,1,
4049592551,5/1/2026 3:16:00 AM,Devran Custom Design,,Etsy,5.48,5.48,25.81,18.36,1.97,25.81,1,
4044182412,5/1/2026 4:16:01 AM,YemlihaDesign,,Etsy,8.34,8.15,76.87,65.26,3.46,76.87,1,
4048935763,5/1/2026 5:06:18 AM,CuteArtCustomDesign,,Etsy,13.68,0.00,0.00,616.80,0.00,616.80,1,
4048935763,5/1/2026 5:07:43 AM,CuteArtCustomDesign,,Etsy,9.85,0.00,0.00,205.60,0.00,205.60,1,
4044215796,5/1/2026 5:48:05 AM,YemlihaDesign,,Etsy,6.98,7.38,30.96,21.55,2.03,30.96,1,
4044223216,5/1/2026 6:04:45 AM,YemlihaDesign,,Etsy,7.42,8.18,37.05,26.05,2.82,37.05,1,
4044220940,5/1/2026 5:59:48 AM,Custom Gift by FTM,,Etsy,6.66,0.00,20.93,19.47,1.46,20.93,1,
4044202528,5/1/2026 5:13:52 AM,Etched Elegance Shop,,Etsy,6.25,6.98,31.63,23.25,1.40,31.63,1,
4049629783,5/1/2026 5:06:41 AM,Etched Elegance Shop,,Etsy,6.39,8.51,29.53,19.35,1.67,29.53,1,
4049689895,5/1/2026 7:16:07 AM,YemlihaDesign,,Etsy,6.65,6.88,30.35,21.55,1.92,30.35,1,
4044271620,5/1/2026 7:27:44 AM,YemlihaDesign,,Etsy,6.98,7.38,30.81,21.55,1.88,30.81,1,
4049682071,5/1/2026 7:03:16 AM,Marbella Custom Gifts,,Etsy,7.90,8.06,36.75,27.00,1.69,36.75,1,
4044267366,5/1/2026 7:21:29 AM, Velvet Whiskey Design,,Etsy,7.42,7.42,19.10,11.02,0.66,19.10,1,
4044275002,5/1/2026 7:32:25 AM,Etched Elegance Shop,,Etsy,7.11,8.82,101.12,85.68,6.62,101.12,4,
4049793765,5/1/2026 9:24:10 AM, Velvet Whiskey Design,,Etsy,6.25,6.25,21.56,14.44,0.87,21.56,1,
4049723427,5/1/2026 8:04:10 AM, Velvet Whiskey Design,,Etsy,6.25,6.25,17.95,10.49,1.21,17.95,1,
4049773793,5/1/2026 9:03:06 AM,YemlihaDesign,,Etsy,13.96,39.02,431.11,366.35,25.74,431.11,17,
4049743703,5/1/2026 8:29:08 AM,YemlihaDesign,,Etsy,8.13,10.80,32.35,21.55,0.00,32.35,1,
4044351808,5/1/2026 9:03:32 AM,YemlihaDesign,,Etsy,7.38,11.24,58.14,43.10,3.80,58.14,2,
4049716335,5/1/2026 7:54:39 AM,Woodmark Custom,,Etsy,5.64,7.30,25.66,16.19,2.17,25.66,1,
4044297068,5/1/2026 8:01:08 AM,Woodmark Custom,,Etsy,5.40,6.98,25.37,16.19,2.20,25.37,1,
4044358214,5/1/2026 9:10:26 AM,Woodmark Custom,,Etsy,7.02,7.22,93.03,80.95,4.86,93.03,5,
4044347200,5/1/2026 8:58:33 AM,Woodmark Custom,,Etsy,6.25,6.98,34.21,24.70,2.53,34.21,1,
4044372114,5/1/2026 9:24:41 AM,Woodmark Custom,,Etsy,5.40,6.98,24.14,16.19,0.97,24.14,1,
4049772361,5/1/2026 9:01:21 AM,Woodmark Custom,,Etsy,5.48,7.42,21.34,12.59,1.33,21.34,1,
4044336672,5/1/2026 8:47:40 AM,Devran Custom Design,,Etsy,5.28,5.28,22.51,15.96,1.27,22.51,1,
4049758373,5/1/2026 8:46:13 AM,Etched Elegance Shop,,Etsy,6.25,7.38,27.90,19.35,1.17,27.90,1,
4044400016,5/1/2026 9:53:06 AM,Lumina Custom Design,,Etsy,0.00,0.00,15.88,14.40,1.48,15.88,1,
4044462488,5/1/2026 10:50:17 AM,SenaCustomStore,,Etsy,10.30,10.30,53.76,40.25,3.21,53.76,1,
4044457090,5/1/2026 10:45:33 AM, Velvet Whiskey Design,,Etsy,11.03,11.16,71.73,55.10,5.47,71.73,5,
4044417228,5/1/2026 10:10:03 AM,Woodmark Custom,,Etsy,5.40,6.98,20.74,12.59,1.17,20.74,1,
4044430904,5/1/2026 10:22:17 AM,Woodmark Custom,,Etsy,6.17,6.65,30.36,21.46,2.25,30.36,1,
4049861879,5/1/2026 10:30:14 AM,Woodmark Custom,,Etsy,5.28,6.65,20.25,12.59,1.01,20.25,1,
4044490388,5/1/2026 11:14:40 AM,Woodmark Custom,,Etsy,5.40,6.98,24.76,16.19,1.59,24.76,1,
4049929883,5/1/2026 11:37:15 AM,Devran Custom Design,,Etsy,5.40,5.40,17.70,11.10,1.20,17.70,1,
4049910601,5/1/2026 11:18:07 AM,Devran Custom Design,,Etsy,8.18,8.18,79.75,66.58,4.99,79.75,1,
4044517110,5/1/2026 11:39:27 AM,SenaCustomStore,,Etsy,18.52,18.48,30.24,11.76,0.00,30.24,1,
4049927987,5/1/2026 11:35:16 AM,Woodmark Custom,,Etsy,5.97,13.48,27.11,12.59,1.04,27.11,1,
4049948797,5/1/2026 11:55:11 AM,Woodmark Custom,,Etsy,5.40,6.98,25.02,16.19,1.85,25.02,1,
4044513406,5/1/2026 11:36:03 AM,Woodmark Custom,,Etsy,5.48,7.42,28.45,19.79,1.24,28.45,1,
4044539412,5/1/2026 11:59:39 AM,Woodmark Custom,,Etsy,5.40,6.98,24.15,16.19,0.98,24.15,1,
4044579902,5/1/2026 12:36:21 PM,YemlihaDesign,,Etsy,15.75,19.19,63.07,40.35,3.53,63.07,3,
4044570464,5/1/2026 12:27:45 PM,Etched Elegance Shop,,Etsy,6.25,7.38,27.89,19.35,1.16,27.89,1,
4044583606,5/1/2026 12:39:43 PM,Etched Elegance Shop,,Etsy,6.25,7.22,29.85,21.35,1.28,29.85,1,
4049974585,5/1/2026 12:20:01 PM,Woodmark Custom,,Etsy,6.95,8.13,32.71,21.46,3.12,32.71,1,
4050013055,5/1/2026 12:57:20 PM,Woodmark Custom,,Etsy,5.48,7.42,25.59,16.19,1.98,25.59,1,
4050009591,5/1/2026 12:53:52 PM,Woodmark Custom,,Etsy,6.24,10.43,54.07,39.58,4.06,54.07,2,
4044593354,5/1/2026 12:48:32 PM,Woodmark Custom,,Etsy,5.28,6.65,28.03,19.79,1.59,28.03,1,
4044664454,5/1/2026 1:54:14 PM,Custom Gift by FTM,,Etsy,6.66,0.00,38.32,35.73,2.59,38.32,1,
4044652892,5/1/2026 1:43:53 PM,SenaCustomStore,,Etsy,10.30,10.30,53.59,40.25,3.04,53.59,1,
4044643838,5/1/2026 1:35:30 PM,YemlihaDesign,,Etsy,8.18,9.58,65.39,52.10,3.71,65.39,2,
4044644560,5/1/2026 1:36:12 PM, Velvet Whiskey Design,,Etsy,8.18,8.18,38.87,28.88,1.81,38.87,1,
4044648810,5/1/2026 1:40:06 PM,Woodmark Custom,,Etsy,5.40,6.98,24.79,16.19,1.62,24.79,1,
4044654694,5/1/2026 1:45:31 PM,Woodmark Custom,,Etsy,7.77,7.77,64.39,52.41,4.21,64.39,1,
4050038287,5/1/2026 1:21:50 PM,Woodmark Custom,,Etsy,5.48,7.42,25.74,16.19,2.13,25.74,1,
4044671534,5/1/2026 2:00:36 PM,Marbella Custom Gifts,,Etsy,6.30,6.30,36.68,27.98,2.40,36.68,1,
4044677690,5/1/2026 2:06:18 PM,SenaCustomStore,,Etsy,10.30,10.30,53.90,40.25,3.35,53.90,1,
4044671012,5/1/2026 2:00:04 PM,Etched Elegance Shop,,Etsy,6.98,7.38,27.63,18.44,1.81,27.63,1,
4044681858,5/1/2026 2:10:12 PM,Woodmark Custom,,Etsy,6.37,7.42,30.17,21.46,1.29,30.17,1,
4044691570,5/1/2026 2:19:09 PM,Woodmark Custom,,Etsy,6.95,8.13,34.99,24.70,2.16,34.99,1,
4044686466,5/1/2026 2:14:34 PM,Woodmark Custom,,Etsy,5.17,6.44,20.36,12.59,1.33,20.36,1,
4044708704,5/1/2026 2:34:48 PM,YemlihaDesign,,Etsy,8.13,8.13,79.08,66.78,4.17,79.08,1,
4050105655,5/1/2026 2:30:16 PM,Marbella Custom Gifts,,Etsy,9.06,9.58,89.27,75.00,4.69,89.27,1,
4050097321,5/1/2026 2:21:48 PM,Woodmark Custom,,Etsy,6.95,8.13,34.74,24.70,1.91,34.74,1,
4044747864,5/1/2026 3:10:44 PM, Velvet Whiskey Design,,Etsy,10.80,10.80,51.66,36.89,3.97,51.66,3,
4044743876,5/1/2026 3:06:50 PM,Woodmark Custom,,Etsy,6.37,7.42,34.77,24.70,2.65,34.77,1,
4044764524,5/1/2026 3:26:31 PM,Etched Elegance Shop,,Etsy,6.17,6.88,27.80,19.35,1.57,27.80,1,
4044755884,5/1/2026 3:18:23 PM,Woodmark Custom,,Etsy,6.36,8.13,43.85,32.38,3.34,43.85,2,
4044758036,5/1/2026 3:20:30 PM,Woodmark Custom,,Etsy,5.97,9.35,45.71,32.38,3.70,45.43,1,
4044759542,5/1/2026 3:21:52 PM,Woodmark Custom,,Etsy,5.40,6.98,25.14,16.19,1.97,25.14,1,
4050171501,5/1/2026 3:39:18 PM,Woodmark Custom,,Etsy,5.48,7.42,25.26,16.19,1.65,25.26,1,
4050189919,5/1/2026 3:59:29 PM,Woodmark Custom,,Etsy,13.04,13.04,84.69,65.14,6.51,84.69,1,
4050199695,5/1/2026 4:10:44 PM,Devran Custom Design,,Etsy,5.28,5.28,21.39,14.90,1.21,21.39,1,
4044807662,5/1/2026 4:08:34 PM,Lumina Custom Design,,Etsy,7.38,7.38,69.66,56.24,6.04,69.66,4,
4044817668,5/1/2026 4:18:55 PM,Woodmark Custom,,Etsy,5.48,7.42,28.45,19.79,1.24,28.45,1,
4050222499,5/1/2026 4:36:53 PM,Woodmark Custom,,Etsy,5.48,7.42,25.56,16.19,1.95,25.56,1,
4044837104,5/1/2026 4:40:14 PM,Devran Custom Design,,Etsy,9.71,9.71,33.97,23.04,1.22,33.97,1,
4044842302,5/1/2026 4:45:44 PM,Devran Custom Design,,Etsy,5.24,5.24,17.48,11.10,1.14,17.48,1,
4044838682,5/1/2026 4:41:53 PM, Velvet Whiskey Design,,Etsy,8.13,8.13,20.10,11.02,0.95,20.10,1,
4044848184,5/1/2026 4:52:22 PM,Woodmark Custom,,Etsy,7.02,7.38,50.48,39.58,3.52,50.48,1,
4044837292,5/1/2026 4:40:27 PM,Woodmark Custom,,Etsy,9.06,9.06,66.54,52.41,5.07,66.54,1,
4050239313,5/1/2026 4:56:56 PM,Etched Elegance Shop,,Etsy,8.22,9.94,35.22,23.69,1.59,35.22,1,
4050256019,5/1/2026 5:17:43 PM, Velvet Whiskey Design,,Etsy,11.03,11.68,103.71,86.62,5.41,103.71,1,
4050242763,5/1/2026 5:01:04 PM,Woodmark Custom,,Etsy,5.40,6.98,17.01,8.99,1.04,17.01,1,
4044875692,5/1/2026 5:23:42 PM,Woodmark Custom,,Etsy,5.62,7.60,21.27,12.59,0.80,20.99,1,
4044852672,5/1/2026 4:57:18 PM,Woodmark Custom,,Etsy,7.52,11.50,33.87,19.79,2.58,33.87,1,
4044892150,5/1/2026 5:43:17 PM,Etched Elegance Shop,,Etsy,5.89,7.42,25.31,16.32,1.57,25.31,1,
4050270875,5/1/2026 5:36:26 PM,Etched Elegance Shop,,Etsy,6.25,6.98,32.70,23.87,1.85,32.70,1,
4044899494,5/1/2026 5:53:23 PM,Woodmark Custom,,Etsy,5.48,7.42,29.45,19.79,2.24,29.45,1,
4050277799,5/1/2026 5:44:53 PM,Woodmark Custom,,Etsy,5.48,7.42,25.65,16.19,2.04,25.65,1,
4044913736,5/1/2026 6:12:57 PM,Woodmark Custom,,Etsy,13.59,13.59,83.26,65.14,4.25,82.98,1,
4044902790,5/1/2026 5:57:53 PM,Woodmark Custom,,Etsy,5.97,8.13,21.68,12.59,0.96,21.68,1,
4050306641,5/1/2026 6:19:01 PM,Devran Custom Design,,Etsy,7.90,8.18,43.49,32.00,3.31,43.49,2,
4044903348,5/1/2026 5:58:38 PM,Devran Custom Design,,Etsy,5.40,5.40,17.23,11.16,0.67,17.23,1,
4050310311,5/1/2026 6:23:32 PM,Lumina Custom Design,,Etsy,9.06,9.58,38.05,26.11,2.36,38.05,1,
4050296877,5/1/2026 6:06:40 PM,Lumina Custom Design,,Etsy,5.89,5.89,17.54,10.26,1.39,17.54,1,
4050319117,5/1/2026 6:34:37 PM,YemlihaDesign,,Etsy,8.01,9.12,79.19,64.65,5.42,79.19,3,
4044940398,5/1/2026 6:47:59 PM,YemlihaDesign,,Etsy,6.25,6.25,54.33,45.00,3.08,54.33,2,
4050309605,5/1/2026 6:22:45 PM,Etched Elegance Shop,,Etsy,12.63,24.41,150.27,116.10,9.48,149.99,6,
4050332799,5/1/2026 6:53:10 PM,Woodmark Custom,,Etsy,5.97,8.13,21.82,12.59,1.10,21.82,1,
4044938106,5/1/2026 6:45:06 PM,Woodmark Custom,,Etsy,5.40,6.98,28.38,19.79,1.61,28.38,1,
4050346681,5/1/2026 7:11:35 PM,Woodmark Custom,,Etsy,5.28,6.65,28.29,19.79,1.85,28.29,1,
4044968736,5/1/2026 7:26:10 PM,Woodmark Custom,,Etsy,5.28,6.65,20.59,12.59,1.35,20.59,1,
4050394657,5/1/2026 8:10:14 PM,Devran Custom Design,,Etsy,7.90,8.18,105.61,89.38,8.05,105.61,1,
4050383067,5/1/2026 7:55:45 PM,SenaCustomStore,,Etsy,10.30,10.30,54.78,40.25,4.23,54.78,1,
4045013230,5/1/2026 8:27:50 PM,Etched Elegance Shop,,Etsy,5.89,7.42,30.18,21.42,1.34,30.18,1,
4050396363,5/1/2026 8:12:23 PM,Etched Elegance Shop,,Etsy,5.89,7.42,30.67,21.42,1.83,30.67,1,
4050366777,5/1/2026 7:36:28 PM,YemlihaDesign,,Etsy,8.13,9.06,135.23,118.75,7.42,135.23,5,
4050379785,5/1/2026 7:51:43 PM,YemlihaDesign,,Etsy,7.42,8.18,32.18,21.55,2.45,32.18,1,
4044987948,5/1/2026 7:52:26 PM,YemlihaDesign,,Etsy,7.46,8.51,32.43,21.55,2.37,32.43,1,
4050409887,5/1/2026 8:29:58 PM,Woodmark Custom,,Etsy,5.48,7.42,21.34,12.59,1.33,21.34,1,
4044984588,5/1/2026 7:47:43 PM,Woodmark Custom,,Etsy,6.69,6.88,44.48,34.69,2.91,44.48,1,
4050404703,5/1/2026 8:23:20 PM,Woodmark Custom,,Etsy,5.48,7.42,23.61,16.19,0.00,23.61,1,
4050406937,5/1/2026 8:26:11 PM,Woodmark Custom,,Etsy,9.06,9.06,65.99,52.41,4.52,65.99,1,
4045033926,5/1/2026 8:54:48 PM,Devran Custom Design,,Etsy,5.28,5.28,17.98,11.10,1.60,17.98,1,
4050430951,5/1/2026 8:57:47 PM,SenaCustomStore,,Etsy,13.04,13.04,39.20,23.84,2.32,39.20,1,
4045024088,5/1/2026 8:41:41 PM, Velvet Whiskey Design,,Etsy,8.18,9.06,66.82,57.76,0.00,66.82,1,
4045030618,5/1/2026 8:50:23 PM,Woodmark Custom,,Etsy,5.97,8.13,29.65,19.79,1.73,29.65,1,
4045034710,5/1/2026 8:55:52 PM,Woodmark Custom,,Etsy,5.48,7.42,25.08,16.19,1.47,25.08,1,
4045036024,5/1/2026 8:57:38 PM,Woodmark Custom,,Etsy,5.40,6.98,24.37,16.19,1.20,24.37,1,
4050410617,5/1/2026 8:30:54 PM,Woodmark Custom,,Etsy,5.48,7.42,21.66,12.59,1.65,21.66,1,
4050459801,5/1/2026 9:36:56 PM,Devran Custom Design,,Etsy,20.64,23.36,162.61,126.48,12.77,162.61,8,
4045090104,5/1/2026 10:13:17 PM,Devran Custom Design,,Etsy,8.18,8.18,105.36,89.38,7.80,105.36,1,
4045102976,5/1/2026 10:34:41 PM,Devran Custom Design,,Etsy,9.02,9.42,34.39,23.04,1.93,34.39,1,
4050491705,5/1/2026 10:29:21 PM,YemlihaDesign,,Etsy,10.65,11.55,120.64,104.20,4.89,120.64,4,
4050446791,5/1/2026 9:18:45 PM,YemlihaDesign,,Etsy,9.94,11.90,67.88,52.10,3.88,67.88,2,
4050441533,5/1/2026 9:11:43 PM,Woodmark Custom,,Etsy,5.48,7.42,21.08,12.59,1.07,21.08,1,
4045104864,5/1/2026 10:37:53 PM,Woodmark Custom,,Etsy,5.64,7.30,28.72,19.79,1.63,28.72,1,
4045059236,5/1/2026 9:28:40 PM,Woodmark Custom,,Etsy,9.06,9.06,66.54,52.41,5.07,66.54,1,
4045070258,5/1/2026 9:44:35 PM,Woodmark Custom,,Etsy,7.02,7.38,41.06,31.48,2.20,41.06,1,
4045103300,5/1/2026 10:35:17 PM,Woodmark Custom,,Etsy,5.62,7.60,29.08,19.79,1.41,28.80,1,
4045111440,5/1/2026 10:49:52 PM,Custom Gift by FTM,,Etsy,5.72,0.00,24.42,23.03,1.39,24.42,1,
4045121658,5/1/2026 11:11:17 PM,Etched Elegance Shop,,Etsy,10.13,12.22,96.85,78.36,6.27,96.85,4,
4045132674,5/1/2026 11:35:44 PM,Lumina Custom Design,,Etsy,10.80,10.80,42.87,29.63,2.44,42.87,1,
4050509065,5/1/2026 11:00:41 PM,Woodmark Custom,,Etsy,5.48,11.50,33.17,19.79,1.88,33.17,1,
4050537559,5/2/2026 12:05:01 AM,Devran Custom Design,,Etsy,8.18,8.18,36.43,26.59,1.66,36.43,1,
4050552953,5/2/2026 12:49:16 AM,YemlihaDesign,,Etsy,11.90,14.17,97.56,78.15,5.24,97.56,1,
4045170734,5/2/2026 1:20:30 AM,Woodmark Custom,,Etsy,5.72,7.46,29.09,19.79,1.84,29.09,1,
4045198026,5/2/2026 2:51:24 AM,SenaCustomStore,,Etsy,14.31,14.31,54.56,40.25,0.00,54.56,1,
4045196726,5/2/2026 2:47:02 AM,Etched Elegance Shop,,Etsy,6.25,7.38,33.35,24.50,1.47,33.35,1,
4050585059,5/2/2026 2:27:42 AM,Woodmark Custom,,Etsy,5.97,8.13,26.87,16.19,2.55,26.87,1,
4050621313,5/2/2026 4:39:33 AM, Velvet Whiskey Design,,Etsy,7.77,7.77,59.21,49.04,2.40,59.21,4,
4050641337,5/2/2026 5:47:17 AM,Devran Custom Design,,Etsy,5.83,5.83,29.88,22.20,1.85,29.88,2,
4050635315,5/2/2026 5:28:17 AM,Woodmark Custom,,Etsy,5.48,7.42,24.58,16.19,0.97,24.58,1,
4045269964,5/2/2026 6:20:32 AM,Custom Gift by FTM,,Etsy,8.71,0.00,90.06,84.96,5.10,90.06,1,
4045290472,5/2/2026 7:01:26 AM,Lumina Custom Design,,Etsy,5.83,5.83,17.22,10.26,1.13,17.22,1,
4050668529,5/2/2026 6:53:21 AM,Woodmark Custom,,Etsy,5.48,7.42,25.68,16.19,2.07,25.68,1,
4050658519,5/2/2026 6:31:30 AM,Woodmark Custom,,Etsy,5.40,6.98,24.79,16.19,1.62,24.79,1,
4045270074,5/2/2026 6:20:50 AM,Woodmark Custom,,Etsy,5.48,7.42,25.03,16.19,1.42,25.03,1,
4050685349,5/2/2026 7:21:51 AM,SenaCustomStore,,Etsy,8.56,8.56,52.47,40.25,3.66,52.47,1,
4045297032,5/2/2026 7:14:14 AM, Velvet Whiskey Design,,Etsy,7.90,7.90,21.92,12.26,1.76,21.92,1,
4050687013,5/2/2026 7:24:14 AM,Marbella Custom Gifts,,Etsy,5.83,5.83,47.91,39.70,2.38,47.91,1,
3963733580,5/2/2026 8:29:40 AM,YemlihaDesign,,Etsy,5.72,0.00,0.00,0.00,0.00,0.00,0,
4050710837,5/2/2026 8:00:06 AM,Lumina Custom Design,,Etsy,7.31,7.56,44.96,34.56,2.84,44.96,3,
4045343898,5/2/2026 8:23:44 AM,Lumina Custom Design,,Etsy,6.07,6.07,16.85,9.88,0.90,16.85,1,
4050695281,5/2/2026 7:36:40 AM,Devran Custom Design,,Etsy,0.00,0.00,4.84,4.51,0.33,4.84,1,
4050704261,5/2/2026 7:50:20 AM,Woodmark Custom,,Etsy,5.40,6.98,28.58,19.79,1.81,28.58,1,
4050740629,5/2/2026 8:36:23 AM,Woodmark Custom,,Etsy,5.40,6.98,25.61,17.59,1.04,25.61,1,
4050732527,5/2/2026 8:27:14 AM,Woodmark Custom,,Etsy,6.00,7.86,24.00,14.39,1.75,24.00,1,
4050758785,5/2/2026 8:56:39 AM,Etched Elegance Shop,,Etsy,8.74,9.95,31.72,19.59,2.18,31.72,1,
4045335366,5/2/2026 8:11:54 AM, Velvet Whiskey Design,,Etsy,6.37,6.37,22.06,14.44,1.25,22.06,1,
4050745615,5/2/2026 8:42:14 AM,Woodmark Custom,,Etsy,5.40,6.98,19.44,11.19,1.27,19.44,1,
4045422100,5/2/2026 9:50:56 AM,Custom Gift by FTM,,Etsy,5.40,5.40,20.24,13.60,1.24,20.24,1,
4045411964,5/2/2026 9:40:52 AM,Woodmark Custom,,Etsy,5.24,6.98,19.53,11.19,1.36,19.53,1,
4045392304,5/2/2026 9:20:47 AM,Woodmark Custom,,Etsy,5.48,7.42,23.19,14.39,1.38,23.19,1,
4050785961,5/2/2026 9:27:49 AM,Woodmark Custom,,Etsy,5.40,6.98,23.56,14.39,2.19,23.56,1,
4050784879,5/2/2026 9:26:42 AM,Lumina Custom Design,,Etsy,8.13,8.13,23.07,13.06,1.88,23.07,1,
4045450122,5/2/2026 10:17:44 AM,Woodmark Custom,,Etsy,5.48,7.42,23.72,14.39,1.91,23.72,1,
4045461170,5/2/2026 10:28:25 AM,Woodmark Custom,,Etsy,5.72,7.80,23.31,14.39,1.12,23.31,1,
4050834029,5/2/2026 10:19:27 AM,Woodmark Custom,,Etsy,5.48,7.42,23.72,14.39,1.91,23.72,1,
4050822637,5/2/2026 10:07:23 AM,Woodmark Custom,,Etsy,5.48,7.42,26.07,17.59,1.06,26.07,1,
4045478708,5/2/2026 10:45:06 AM,Woodmark Custom,,Etsy,5.48,7.42,20.15,11.19,1.54,20.15,1,
4045440430,5/2/2026 10:08:44 AM,SenaCustomStore,,Etsy,10.30,10.30,53.90,40.25,3.35,53.90,1,
4050845413,5/2/2026 10:31:02 AM,Etched Elegance Shop,,Etsy,6.87,7.02,65.36,54.06,4.28,65.36,3,
4045434970,5/2/2026 10:03:24 AM,SenaCustomStore,,Etsy,10.90,17.12,102.45,80.50,4.83,102.45,2,
4045438844,5/2/2026 10:07:06 AM,Etched Elegance Shop,,Etsy,5.83,6.98,25.16,16.32,1.86,25.16,1,
4045461136,5/2/2026 10:28:24 AM,Etched Elegance Shop,,Etsy,6.30,7.46,24.76,16.32,0.98,24.76,1,
4050818937,5/2/2026 10:03:23 AM,Lumina Custom Design,,Etsy,5.89,5.89,16.72,9.88,0.95,16.72,1,
4045488410,5/2/2026 10:54:12 AM,Woodmark Custom,,Etsy,5.62,7.60,23.75,14.39,1.48,23.47,1,
4045491072,5/2/2026 10:56:41 AM,Lumina Custom Design,,Etsy,5.83,5.83,16.77,9.88,1.06,16.77,1,
4045503544,5/2/2026 11:07:51 AM,Lumina Custom Design,,Etsy,5.89,5.89,17.18,10.26,1.03,17.18,1,
4050871673,5/2/2026 10:57:20 AM,Lumina Custom Design,,Etsy,13.01,13.81,72.75,52.22,6.44,72.47,1,
4050886841,5/2/2026 11:12:07 AM,Etched Elegance Shop,,Etsy,9.63,11.58,33.48,19.59,2.03,33.20,1,
4050882959,5/2/2026 11:08:19 AM,YemlihaDesign,,Etsy,10.63,11.82,106.11,86.20,8.09,106.11,4,
4045505282,5/2/2026 11:09:27 AM,YemlihaDesign,,Etsy,8.07,9.94,37.75,26.05,1.76,37.75,1,
4050890401,5/2/2026 11:15:36 AM,Etched Elegance Shop,,Etsy,6.18,7.30,25.51,16.32,1.89,25.51,1,
4050873271,5/2/2026 10:58:47 AM,Woodmark Custom,,Etsy,5.48,7.42,22.82,14.39,1.01,22.82,1,
4050914097,5/2/2026 11:39:00 AM,Woodmark Custom,,Etsy,5.48,7.42,26.51,17.59,1.50,26.51,1,
4045495006,5/2/2026 11:00:10 AM,Woodmark Custom,,Etsy,6.00,7.86,30.62,20.79,1.69,30.34,1,
4045544212,5/2/2026 11:45:19 AM,Woodmark Custom,,Etsy,6.37,7.42,30.89,21.46,2.01,30.89,1,
4045550658,5/2/2026 11:51:16 AM,Woodmark Custom,,Etsy,6.37,7.42,34.77,24.70,2.65,34.77,1,
4050934023,5/2/2026 11:57:58 AM,Woodmark Custom,,Etsy,5.48,7.42,16.49,7.99,1.08,16.49,1,
4050956847,5/2/2026 12:18:08 PM,Etched Elegance Shop,,Etsy,6.73,7.38,28.86,19.59,1.89,28.86,1,
4045593818,5/2/2026 12:33:08 PM, Velvet Whiskey Design,,Etsy,13.98,14.17,74.20,55.10,4.93,74.20,1,
4045580004,5/2/2026 12:19:14 PM,Etched Elegance Shop,,Etsy,17.99,110.67,550.82,403.81,36.34,550.82,1,
4045547522,5/2/2026 11:48:20 AM,Etched Elegance Shop,,Etsy,10.53,33.48,265.68,232.20,0.00,265.68,1,
4045549406,5/2/2026 11:50:03 AM,YemlihaDesign,,Etsy,8.40,10.80,34.02,21.55,1.67,34.02,1,
4050957831,5/2/2026 12:19:03 PM,Woodmark Custom,,Etsy,5.48,7.42,25.98,17.59,0.97,25.98,1,
4045629078,5/2/2026 1:08:09 PM,Devran Custom Design,,Etsy,8.13,8.13,29.99,19.61,2.25,29.99,1,
4045620186,5/2/2026 12:59:16 PM, Velvet Whiskey Design,,Etsy,9.95,9.95,37.30,24.59,2.76,37.30,1,
4045622166,5/2/2026 1:01:23 PM,YemlihaDesign,,Etsy,6.52,5.89,18.17,10.80,1.48,18.17,1,
4045635042,5/2/2026 1:14:00 PM,Lumina Custom Design,,Etsy,6.24,6.24,21.53,14.06,1.23,21.53,1,
4051006837,5/2/2026 1:00:38 PM,Etched Elegance Shop,,Etsy,6.25,7.38,27.76,19.35,1.03,27.76,1,
4045620178,5/2/2026 12:59:16 PM,Etched Elegance Shop,,Etsy,8.49,9.95,46.00,32.64,3.41,46.00,1,
4051045275,5/2/2026 1:34:05 PM,Marbella Custom Gifts,,Etsy,6.66,7.04,36.25,27.00,2.21,36.25,1,
4045650880,5/2/2026 1:29:33 PM, Velvet Whiskey Design,,Etsy,8.01,9.12,68.39,55.10,4.17,68.39,5,
4051058193,5/2/2026 1:45:12 PM,Woodmark Custom,,Etsy,5.73,6.80,38.17,27.98,3.39,38.17,2,
4045658988,5/2/2026 1:37:44 PM,Woodmark Custom,,Etsy,11.50,11.50,30.61,17.99,1.12,30.61,1,
4051059829,5/2/2026 1:46:32 PM,Woodmark Custom,,Etsy,5.40,6.98,30.29,21.99,1.32,30.29,1,
4045661172,5/2/2026 1:39:50 PM,Woodmark Custom,,Etsy,6.39,7.46,31.02,21.46,2.10,31.02,1,
4051063443,5/2/2026 1:49:34 PM,Lumina Custom Design,,Etsy,18.90,33.76,105.80,63.48,8.56,105.80,6,
4051072045,5/2/2026 1:57:12 PM,Etched Elegance Shop,,Etsy,8.58,16.80,187.04,154.80,15.44,187.04,1,
4051077159,5/2/2026 2:01:46 PM,YemlihaDesign,,Etsy,8.07,9.94,37.55,26.05,1.56,37.55,1,
4051067727,5/2/2026 1:53:17 PM,Woodmark Custom,,Etsy,5.48,7.42,36.33,25.99,2.92,36.33,1,
4051103369,5/2/2026 2:26:08 PM,Devran Custom Design,,Etsy,11.58,11.58,40.84,26.59,2.67,40.84,1,
4045703432,5/2/2026 2:19:57 PM,Etched Elegance Shop,,Etsy,6.19,7.15,49.06,38.70,3.21,49.06,1,
4051085283,5/2/2026 2:09:16 PM, Velvet Whiskey Design,,Etsy,8.18,8.18,38.87,28.88,1.81,38.87,1,
4045724880,5/2/2026 2:39:07 PM,YemlihaDesign,,Etsy,8.49,8.13,45.62,35.28,2.21,45.62,1,
4051083309,5/2/2026 2:07:21 PM,YemlihaDesign,,Etsy,7.46,7.38,35.00,26.05,1.57,35.00,1,
4051101007,5/2/2026 2:23:58 PM,YemlihaDesign,,Etsy,7.30,6.88,30.49,21.55,2.06,30.49,1,
4051115061,5/2/2026 2:37:30 PM,Woodmark Custom,,Etsy,10.60,10.60,69.06,52.41,5.77,68.78,1,
4045738044,5/2/2026 2:50:27 PM,SenaCustomStore,,Etsy,7.02,7.02,19.55,11.25,1.28,19.55,1,
4045755526,5/2/2026 3:05:58 PM,Etched Elegance Shop,,Etsy,11.32,21.79,157.24,135.45,0.00,157.24,7,
4045758706,5/2/2026 3:08:55 PM,Etched Elegance Shop,,Etsy,5.89,7.42,25.31,16.32,1.57,25.31,1,
4045755682,5/2/2026 3:06:06 PM, Velvet Whiskey Design,,Etsy,8.78,11.20,76.70,59.98,5.52,76.70,2,
4045744534,5/2/2026 2:56:04 PM, Velvet Whiskey Design,,Etsy,8.01,9.12,69.04,55.10,4.82,69.04,5,
4051158875,5/2/2026 3:20:35 PM, Velvet Whiskey Design,,Etsy,9.04,9.47,86.30,72.96,3.87,86.30,1,
4045748992,5/2/2026 3:00:14 PM, Velvet Whiskey Design,,Etsy,6.98,6.98,23.50,14.82,1.70,23.50,1,
4051177379,5/2/2026 3:38:52 PM,Devran Custom Design,,Etsy,5.48,5.48,21.73,14.90,1.35,21.73,1,
4045805576,5/2/2026 3:51:55 PM,Etched Elegance Shop,,Etsy,10.65,19.53,151.97,122.50,9.94,151.97,5,
4045784686,5/2/2026 3:33:01 PM,Woodmark Custom,,Etsy,5.62,7.60,28.17,17.99,2.30,27.89,1,
4051186585,5/2/2026 3:48:12 PM,Woodmark Custom,,Etsy,9.30,9.56,51.52,39.58,2.38,51.52,1,
4051175385,5/2/2026 3:36:48 PM,Woodmark Custom,,Etsy,5.64,0.00,16.43,15.28,1.15,16.43,1,
4051164197,5/2/2026 3:26:02 PM,Woodmark Custom,,Etsy,5.48,7.42,23.18,13.99,1.77,23.18,1,
4045786362,5/2/2026 3:34:30 PM,Woodmark Custom,,Etsy,5.48,7.42,27.51,17.99,2.10,27.51,1,
4051192611,5/2/2026 3:54:14 PM,Woodmark Custom,,Etsy,5.17,6.44,26.14,17.99,1.71,26.14,1,
4051200305,5/2/2026 4:02:28 PM,Woodmark Custom,,Etsy,6.52,7.69,34.17,24.70,1.78,34.17,1,
4051224199,5/2/2026 4:28:28 PM,Woodmark Custom,,Etsy,5.48,7.42,31.84,21.99,2.43,31.84,1,
4051247507,5/2/2026 4:53:56 PM,Woodmark Custom,,Etsy,5.40,6.98,30.85,21.99,1.88,30.85,1,
4051243425,5/2/2026 4:49:33 PM,Woodmark Custom,,Etsy,5.48,7.42,27.09,17.99,1.68,27.09,1,
4051234927,5/2/2026 4:40:17 PM,Woodmark Custom,,Etsy,5.40,6.98,26.47,17.99,1.50,26.47,1,
4051233733,5/2/2026 4:38:59 PM,Woodmark Custom,,Etsy,5.97,8.13,23.20,13.99,1.08,23.20,1,
4045853650,5/2/2026 4:38:27 PM,Devran Custom Design,,Etsy,21.18,50.13,1151.69,-319.87,88.63,-181.11,1,
4051270699,5/2/2026 5:20:36 PM,Etched Elegance Shop,,Etsy,6.95,10.80,31.84,19.35,1.69,31.84,1,
4045912064,5/2/2026 5:41:38 PM,Devran Custom Design,,Etsy,5.72,5.72,23.14,15.96,1.46,23.14,1,
4045890812,5/2/2026 5:18:09 PM,Etched Elegance Shop,,Etsy,6.52,9.95,35.92,24.50,1.47,35.92,1,
4045888674,5/2/2026 5:15:46 PM,Marbella Custom Gifts,,Etsy,5.48,5.89,36.11,27.98,2.24,36.11,1,
4051248177,5/2/2026 4:54:43 PM,YemlihaDesign,,Etsy,6.69,6.69,33.80,25.20,1.91,33.80,1,
4051283827,5/2/2026 5:36:23 PM,Woodmark Custom,,Etsy,6.25,6.98,33.69,24.70,2.01,33.69,1,
4051269713,5/2/2026 5:19:22 PM,Woodmark Custom,,Etsy,5.40,6.98,26.72,17.99,1.75,26.72,1,
4045882544,5/2/2026 5:09:13 PM,Woodmark Custom,,Etsy,5.40,6.98,26.05,17.99,1.08,26.05,1,
4045909956,5/2/2026 5:39:24 PM,Woodmark Custom,,Etsy,5.40,6.98,35.67,25.99,2.70,35.67,1,
4051276511,5/2/2026 5:27:30 PM,Woodmark Custom,,Etsy,5.40,6.98,22.44,13.99,1.47,22.44,1,
4051296259,5/2/2026 5:52:23 PM,Etched Elegance Shop,,Etsy,6.10,6.77,27.53,19.35,1.41,27.53,1,
4045916032,5/2/2026 5:45:55 PM,Woodmark Custom,,Etsy,5.48,7.42,23.18,13.99,1.77,23.18,1,
4034795835,5/2/2026 6:39:31 PM,Woodmark Custom,,Etsy,6.37,6.87,30.31,47.70,1.98,56.55,1,
4051332647,5/2/2026 6:38:59 PM,SenaCustomStore,,Etsy,8.56,8.56,52.35,40.25,3.54,52.35,1,
4051322309,5/2/2026 6:26:01 PM,Marbella Custom Gifts,,Etsy,5.73,5.73,48.61,39.70,3.18,48.61,1,
4045935230,5/2/2026 6:07:49 PM, Velvet Whiskey Design,,Etsy,6.17,6.17,20.27,12.30,1.80,20.27,1,
4045956100,5/2/2026 6:33:28 PM,Woodmark Custom,,Etsy,5.48,7.42,27.60,17.99,2.19,27.60,1,
4051308137,5/2/2026 6:07:44 PM,Woodmark Custom,,Etsy,7.77,7.77,33.86,23.95,2.14,33.86,1,
4045962956,5/2/2026 6:41:45 PM,Woodmark Custom,,Etsy,6.25,6.98,29.73,21.46,1.29,29.73,1,
4051376999,5/2/2026 7:36:20 PM,Marbella Custom Gifts,,Etsy,8.76,10.01,39.85,27.00,2.84,39.85,1,
4045988510,5/2/2026 7:13:14 PM,Devran Custom Design,,Etsy,5.48,5.48,21.61,14.90,1.23,21.61,1,
4051346015,5/2/2026 6:55:56 PM,Woodmark Custom,,Etsy,5.97,8.13,23.34,13.99,1.22,23.34,1,
4045994162,5/2/2026 7:19:54 PM,Woodmark Custom,,Etsy,6.58,7.60,34.96,24.70,2.66,34.96,1,
4051370693,5/2/2026 7:27:52 PM,Woodmark Custom,,Etsy,5.97,8.13,23.62,13.99,1.50,23.62,1,
4051390467,5/2/2026 7:53:34 PM,Woodmark Custom,,Etsy,5.97,8.13,32.43,21.99,2.31,32.43,1,
4046032238,5/2/2026 8:05:12 PM,Woodmark Custom,,Etsy,5.48,7.42,27.44,17.99,2.03,27.44,1,
4051390919,5/2/2026 7:54:06 PM,Woodmark Custom,,Etsy,5.24,6.52,30.79,21.99,2.28,30.79,1,
4046040556,5/2/2026 8:15:17 PM,Woodmark Custom,,Etsy,5.48,7.42,36.08,25.99,2.67,36.08,1,
4046032348,5/2/2026 8:05:21 PM,Etched Elegance Shop,,Etsy,6.73,7.38,26.93,18.02,1.53,26.93,1,
4051407837,5/2/2026 8:16:39 PM, Velvet Whiskey Design,,Etsy,6.68,6.68,23.80,15.77,1.35,23.80,1,
4046034278,5/2/2026 8:07:35 PM, Velvet Whiskey Design,,Etsy,6.37,6.37,22.19,14.44,1.38,22.19,1,
4051354953,5/2/2026 7:07:35 PM,Lumina Custom Design,,Etsy,6.17,6.70,28.24,19.75,1.79,28.24,1,
4051416805,5/2/2026 8:28:36 PM,Woodmark Custom,,Etsy,5.17,6.44,34.38,25.99,1.95,34.38,1,
4046053958,5/2/2026 8:31:20 PM,Woodmark Custom,,Etsy,5.40,6.98,26.66,17.99,1.69,26.66,1,
4051423415,5/2/2026 8:37:31 PM,Woodmark Custom,,Etsy,5.40,6.98,26.78,17.99,1.81,26.78,1,
4046059476,5/2/2026 8:37:34 PM,Woodmark Custom,,Etsy,6.25,6.98,29.00,20.25,1.77,29.00,1,
4051421921,5/2/2026 8:35:29 PM,Woodmark Custom,,Etsy,5.48,7.42,27.09,17.99,1.68,27.09,1,
4046067756,5/2/2026 8:47:47 PM,Woodmark Custom,,Etsy,5.28,6.65,30.50,21.99,1.86,30.50,1,
4051428855,5/2/2026 8:44:37 PM,Woodmark Custom,,Etsy,5.48,7.42,27.09,17.99,1.68,27.09,1,
4051443897,5/2/2026 9:04:22 PM,Woodmark Custom,,Etsy,5.40,6.98,31.00,21.99,2.03,31.00,1,
4051431201,5/2/2026 8:47:49 PM,Woodmark Custom,,Etsy,5.83,7.69,25.68,17.99,0.00,25.68,1,
4046108898,5/2/2026 9:41:20 PM,Etched Elegance Shop,,Etsy,10.30,14.92,86.56,65.28,6.36,86.56,1,
4046121462,5/2/2026 9:59:03 PM,Marbella Custom Gifts,,Etsy,6.48,6.50,36.18,27.00,2.68,36.18,1,
4051489189,5/2/2026 10:13:11 PM,YemlihaDesign,,Etsy,6.58,6.58,32.02,22.50,2.66,31.74,1,
4046163260,5/2/2026 11:07:16 PM,Lumina Custom Design,,Etsy,11.68,16.32,79.92,60.00,3.60,79.92,6,
4046142716,5/2/2026 10:31:28 PM,Lumina Custom Design,,Etsy,8.18,8.18,33.10,23.04,1.88,33.10,2,
4046155062,5/2/2026 10:52:03 PM,Lumina Custom Design,,Etsy,7.42,5.89,28.72,20.52,2.31,28.72,1,
4046133318,5/2/2026 10:16:32 PM,Woodmark Custom,,Etsy,5.48,7.42,36.17,25.99,2.76,36.17,1,
4046143688,5/2/2026 10:32:51 PM,Woodmark Custom,,Etsy,5.97,8.13,27.20,17.99,1.08,27.20,1,
4051489151,5/2/2026 10:13:06 PM,Woodmark Custom,,Etsy,5.48,7.42,36.08,25.99,2.67,36.08,1,
4051502467,5/2/2026 10:36:05 PM,Woodmark Custom,,Etsy,5.48,7.42,23.18,13.99,1.77,23.18,1,
4046138574,5/2/2026 10:24:57 PM, Velvet Whiskey Design,,Etsy,7.77,7.77,38.19,28.87,1.55,38.19,1,
4046180938,5/2/2026 11:52:23 PM,Etched Elegance Shop,,Etsy,8.76,10.80,37.37,23.69,2.88,37.37,1,
4051529643,5/2/2026 11:36:24 PM,Woodmark Custom,,Etsy,5.48,7.42,22.83,13.99,1.42,22.83,1,
4051532527,5/2/2026 11:45:17 PM,Woodmark Custom,,Etsy,5.97,8.13,36.97,25.99,2.85,36.97,1,
4051535929,5/2/2026 11:55:58 PM,Woodmark Custom,,Etsy,5.48,7.42,31.45,21.99,2.04,31.45,1,
4051540615,5/3/2026 12:11:12 AM,Woodmark Custom,,Etsy,5.97,0.00,28.60,28.60,0.00,28.60,1,
4046193534,5/3/2026 12:29:20 AM,Woodmark Custom,,Etsy,6.37,7.42,31.07,21.46,2.19,31.07,1,
4046206196,5/3/2026 1:12:10 AM,Woodmark Custom,,Etsy,10.43,10.43,95.76,77.95,7.38,95.76,5,
4051562537,5/3/2026 1:29:04 AM,Woodmark Custom,,Etsy,5.97,8.13,28.30,17.99,2.18,28.30,1,
4046211858,5/3/2026 1:31:28 AM,Woodmark Custom,,Etsy,5.48,7.42,22.89,13.99,1.48,22.89,1,
4046229956,5/3/2026 2:24:04 AM,Woodmark Custom,,Etsy,5.62,7.60,27.97,17.99,2.10,27.69,1,
4051625813,5/3/2026 4:47:21 AM,Devran Custom Design,,Etsy,8.13,8.18,66.28,53.76,4.34,66.28,3,
4051651637,5/3/2026 6:01:53 AM,Woodmark Custom,,Etsy,6.13,8.07,35.62,25.99,1.56,35.62,1,
4051661015,5/3/2026 6:24:26 AM,Marbella Custom Gifts,,Etsy,7.26,8.06,35.01,25.00,1.95,35.01,1,
4051682043,5/3/2026 7:09:37 AM,Woodmark Custom,,Etsy,6.17,6.80,64.42,53.97,3.65,64.42,3,
4046356012,5/3/2026 7:23:14 AM,Woodmark Custom,,Etsy,5.48,7.42,27.54,17.99,2.13,27.54,1,
4046341552,5/3/2026 6:59:53 AM,Woodmark Custom,,Etsy,5.40,6.98,31.94,21.99,2.97,31.94,1,
4051691315,5/3/2026 7:25:35 AM,Woodmark Custom,,Etsy,5.48,7.42,27.19,17.99,1.78,27.19,1,
4051692547,5/3/2026 7:27:41 AM,Devran Custom Design,,Etsy,7.90,8.06,33.59,23.04,2.49,33.59,1,
4051667335,5/3/2026 6:39:02 AM, Velvet Whiskey Design,,Etsy,26.74,27.65,52.24,24.59,0.00,52.24,2,
4046358376,5/3/2026 7:26:38 AM, Velvet Whiskey Design,,Etsy,6.17,6.17,22.00,14.44,1.39,22.00,1,
4046383630,5/3/2026 8:01:13 AM,Devran Custom Design,,Etsy,0.00,0.00,23.91,22.56,1.35,23.91,1,
4046397968,5/3/2026 8:19:38 AM, Velvet Whiskey Design,,Etsy,8.18,8.18,40.35,28.88,3.29,40.35,1,
4051779973,5/3/2026 9:23:12 AM, Velvet Whiskey Design,,Etsy,10.93,11.43,84.34,66.12,6.79,84.34,1,
4051714173,5/3/2026 8:01:02 AM,Lumina Custom Design,,Etsy,7.38,0.00,32.43,30.59,1.84,32.43,2,
4046405070,5/3/2026 8:28:26 AM,YemlihaDesign,,Etsy,7.46,7.38,59.42,47.89,4.15,59.42,1,
4046444754,5/3/2026 9:12:14 AM,SenaCustomStore,,Etsy,10.30,10.30,53.08,40.25,2.53,53.08,1,
4046459082,5/3/2026 9:27:12 AM,SenaCustomStore,,Etsy,8.56,8.56,52.23,40.25,3.42,52.23,1,
4046453514,5/3/2026 9:21:30 AM,Etched Elegance Shop,,Etsy,6.25,7.38,28.60,19.35,1.87,28.60,1,
4046408938,5/3/2026 8:32:58 AM,Etched Elegance Shop,,Etsy,6.10,6.52,32.52,23.87,2.13,32.52,1,
4051718891,5/3/2026 8:08:00 AM,Woodmark Custom,,Etsy,5.24,6.52,26.47,17.99,1.96,26.47,1,
4051718945,5/3/2026 8:08:06 AM,Woodmark Custom,,Etsy,5.48,7.42,27.51,17.99,2.10,27.51,1,
4051740911,5/3/2026 8:37:07 AM,Woodmark Custom,,Etsy,5.48,7.42,32.02,21.99,2.61,32.02,1,
4046391248,5/3/2026 8:11:25 AM,Woodmark Custom,,Etsy,5.28,6.65,31.43,21.99,2.79,31.43,1,
4046414636,5/3/2026 8:39:27 AM,Woodmark Custom,,Etsy,6.10,6.52,29.25,20.25,2.48,29.25,1,
4046385674,5/3/2026 8:04:01 AM,Woodmark Custom,,Etsy,5.28,6.65,30.40,21.99,1.76,30.40,1,
4046430906,5/3/2026 8:57:31 AM,Woodmark Custom,,Etsy,5.48,7.42,31.28,21.99,1.87,31.28,1,
4051768731,5/3/2026 9:10:30 AM,Woodmark Custom,,Etsy,6.36,8.40,22.39,13.99,0.00,22.39,1,
4046443380,5/3/2026 9:10:47 AM,Woodmark Custom,,Etsy,5.48,7.42,23.18,13.99,1.77,23.18,1,
4051757635,5/3/2026 8:57:26 AM,Woodmark Custom,,Etsy,5.48,7.42,27.51,17.99,2.10,27.51,1,
4046466672,5/3/2026 9:34:53 AM,Etched Elegance Shop,,Etsy,9.08,11.16,75.17,58.77,5.24,75.17,3,
4046495656,5/3/2026 10:02:57 AM,Etched Elegance Shop,,Etsy,6.73,7.38,28.72,19.59,1.75,28.72,1,
4046492070,5/3/2026 9:59:41 AM,Lumina Custom Design,,Etsy,10.43,10.43,24.28,13.06,0.79,24.28,1,
4046460746,5/3/2026 9:28:50 AM,Lumina Custom Design,,Etsy,6.25,7.04,28.40,19.75,1.61,28.40,1,
4046512286,5/3/2026 10:18:50 AM,Woodmark Custom,,Etsy,5.48,7.42,27.67,17.99,2.26,27.67,1,
4051795623,5/3/2026 9:40:28 AM,Woodmark Custom,,Etsy,5.28,6.65,22.08,13.99,1.44,22.08,1,
4046508116,5/3/2026 10:14:55 AM,Woodmark Custom,,Etsy,5.28,6.65,25.59,17.99,0.95,25.59,1,
4046480382,5/3/2026 9:48:30 AM,Woodmark Custom,,Etsy,5.72,7.46,26.39,17.99,0.94,26.39,1,
4046533456,5/3/2026 10:38:47 AM, Velvet Whiskey Design,,Etsy,6.37,6.37,21.82,14.44,1.01,21.82,1,
4051857481,5/3/2026 10:42:58 AM,Woodmark Custom,,Etsy,5.48,11.50,35.57,21.99,2.08,35.57,1,
4046544610,5/3/2026 10:48:57 AM,Etched Elegance Shop,,Etsy,6.66,8.01,61.00,49.00,3.99,61.00,1,
4046556260,5/3/2026 10:59:24 AM,Woodmark Custom,,Etsy,5.83,7.22,45.11,35.98,1.91,45.11,2,
4046546290,5/3/2026 10:50:25 AM,Woodmark Custom,,Etsy,5.40,6.98,22.23,13.99,1.26,22.23,1,
4051890283,5/3/2026 11:13:52 AM, Velvet Whiskey Design,,Etsy,11.03,11.68,81.93,66.12,4.13,81.93,1,
4051891603,5/3/2026 11:15:07 AM,Woodmark Custom,,Etsy,5.40,6.98,26.72,17.99,1.75,26.72,1,
4051885825,5/3/2026 11:09:43 AM,Woodmark Custom,,Etsy,5.48,7.42,36.17,25.99,2.76,36.17,1,
4051898865,5/3/2026 11:21:58 AM,Etched Elegance Shop,,Etsy,11.57,13.48,96.33,77.40,5.45,96.33,4,
4046586126,5/3/2026 11:26:01 AM,Woodmark Custom,,Etsy,6.36,8.40,26.39,17.99,0.00,26.39,1,
4046580736,5/3/2026 11:21:23 AM,Woodmark Custom,,Etsy,6.00,7.86,27.55,17.99,1.70,27.55,1,
4046630404,5/3/2026 12:04:45 PM,SenaCustomStore,,Etsy,10.30,10.30,53.07,40.25,2.52,53.07,1,
4046602498,5/3/2026 11:40:34 AM, Velvet Whiskey Design,,Etsy,6.98,6.98,23.76,14.82,1.96,23.76,1,
4046632294,5/3/2026 12:06:26 PM,Marbella Custom Gifts,,Etsy,7.26,8.06,28.95,18.75,2.14,28.95,1,
4051921869,5/3/2026 11:44:05 AM,Woodmark Custom,,Etsy,5.48,7.42,23.12,13.99,1.71,23.12,1,
4046598328,5/3/2026 11:36:54 AM,Woodmark Custom,,Etsy,10.96,10.96,67.04,52.41,3.67,67.04,1,
4046598952,5/3/2026 11:37:30 AM,Woodmark Custom,,Etsy,5.24,6.52,26.23,17.99,1.72,26.23,1,
4051951607,5/3/2026 12:11:58 PM,Woodmark Custom,,Etsy,5.97,13.48,37.31,21.99,1.84,37.31,1,
4051947365,5/3/2026 12:08:07 PM,Woodmark Custom,,Etsy,6.37,7.42,30.62,21.46,1.74,30.62,1,
4051958265,5/3/2026 12:17:59 PM,Woodmark Custom,,Etsy,5.40,6.98,30.29,21.99,1.32,30.29,1,
4045853650,5/2/2026 4:38:27 PM,Devran Custom Design,,Etsy,21.18,0.00,1151.69,1332.80,0.00,1332.80,1,
4051984059,5/3/2026 12:41:42 PM,Custom Gift by FTM,,Etsy,5.89,0.00,49.86,46.06,3.80,49.86,2,
4046679548,5/3/2026 12:46:16 PM,Etched Elegance Shop,,Etsy,6.27,6.65,32.69,23.69,2.35,32.69,1,
4051980225,5/3/2026 12:38:23 PM,Lumina Custom Design,,Etsy,8.18,8.18,53.57,41.02,4.37,53.57,1,
4046664044,5/3/2026 12:33:26 PM,Woodmark Custom,,Etsy,5.62,7.60,26.49,17.99,0.90,26.49,1,
4051999049,5/3/2026 12:55:28 PM,Woodmark Custom,,Etsy,9.06,9.06,66.54,52.41,5.07,66.54,1,
4046687688,5/3/2026 12:53:24 PM,Woodmark Custom,,Etsy,5.40,6.98,26.78,17.99,1.81,26.78,1,
4046697184,5/3/2026 1:01:09 PM,Devran Custom Design,,Etsy,5.40,5.40,22.86,15.96,1.50,22.86,1,
4046702326,5/3/2026 1:05:19 PM,Devran Custom Design,,Etsy,5.48,5.48,21.31,14.90,0.93,21.31,1,
4046695480,5/3/2026 12:59:44 PM,Marbella Custom Gifts,,Etsy,7.26,8.18,28.21,18.35,1.68,28.21,1,
4052017979,5/3/2026 1:12:28 PM,Marbella Custom Gifts,,Etsy,7.26,8.06,29.53,20.25,1.22,29.53,1,
4046693974,5/3/2026 12:58:25 PM,Lumina Custom Design,,Etsy,8.13,9.58,24.80,13.20,2.02,24.80,1,
4046714574,5/3/2026 1:15:17 PM,Woodmark Custom,,Etsy,6.37,7.42,31.44,21.46,2.56,31.44,1,
4046700106,5/3/2026 1:03:29 PM,Woodmark Custom,,Etsy,7.90,8.18,41.63,31.48,1.97,41.63,1,
4046727828,5/3/2026 1:26:10 PM,YemlihaDesign,,Etsy,7.69,8.18,71.52,57.89,5.45,71.52,1,
4052052379,5/3/2026 1:43:44 PM,SenaCustomStore,,Etsy,8.56,8.56,52.62,40.25,3.81,52.62,1,
4052077073,5/3/2026 2:05:32 PM, Velvet Whiskey Design,,Etsy,11.16,12.22,118.09,99.18,6.69,118.09,1,
4052034097,5/3/2026 1:26:42 PM,Etched Elegance Shop,,Etsy,6.95,10.80,33.20,19.35,3.05,33.20,1,
4046758276,5/3/2026 1:49:23 PM,Etched Elegance Shop,,Etsy,6.25,7.22,35.92,26.35,2.35,35.92,1,
4046782320,5/3/2026 2:07:52 PM,Woodmark Custom,,Etsy,5.48,7.42,31.84,21.99,2.43,31.84,1,
4052070321,5/3/2026 1:59:43 PM,Woodmark Custom,,Etsy,5.48,7.42,27.02,17.99,1.61,27.02,1,
4046800028,5/3/2026 2:21:45 PM,YemlihaDesign,,Etsy,6.93,6.65,58.36,47.89,3.82,58.36,1,
4052109707,5/3/2026 2:34:30 PM,Devran Custom Design,,Etsy,5.83,5.83,25.87,18.46,1.58,25.87,1,
4052088451,5/3/2026 2:15:51 PM, Velvet Whiskey Design,,Etsy,6.95,6.95,20.33,12.30,1.08,20.33,1,
4052117629,5/3/2026 2:41:10 PM,Etched Elegance Shop,,Etsy,7.50,14.06,119.82,97.92,7.84,119.82,1,
4052118207,5/3/2026 2:41:38 PM,Lumina Custom Design,,Etsy,11.10,28.12,174.60,138.18,8.30,174.60,1,
4046807434,5/3/2026 2:27:43 PM,Woodmark Custom,,Etsy,5.48,7.42,27.51,17.99,2.10,27.51,1,
4052090233,5/3/2026 2:17:20 PM,Woodmark Custom,,Etsy,6.25,6.98,28.45,20.25,1.22,28.45,1,
4046811224,5/3/2026 2:30:40 PM,Woodmark Custom,,Etsy,5.40,6.98,26.05,17.99,1.08,26.05,1,
4046865216,5/3/2026 3:12:56 PM, Velvet Whiskey Design,,Etsy,10.63,12.22,105.67,88.16,5.29,105.67,8,
4052138679,5/3/2026 2:59:11 PM,Woodmark Custom,,Etsy,6.37,7.42,34.77,24.70,2.65,34.77,1,
4052180323,5/3/2026 3:34:52 PM,Custom Gift by FTM,,Etsy,7.73,0.00,148.37,138.18,10.19,148.37,6,
4046878614,5/3/2026 3:23:51 PM,Devran Custom Design,,Etsy,7.90,8.06,33.67,23.04,2.57,33.67,1,
4052211831,5/3/2026 4:03:33 PM, Velvet Whiskey Design,,Etsy,9.58,11.16,90.91,74.10,5.65,90.91,5,
4046922488,5/3/2026 4:01:06 PM, Velvet Whiskey Design,,Etsy,12.34,12.22,89.36,77.14,0.00,89.36,1,
4052215967,5/3/2026 4:07:33 PM,Etched Elegance Shop,,Etsy,6.37,8.18,29.46,19.35,1.93,29.46,1,
4046926504,5/3/2026 4:04:40 PM,Woodmark Custom,,Etsy,7.02,7.02,64.93,52.41,5.50,64.93,1,
4046928184,5/3/2026 4:06:16 PM,Woodmark Custom,,Etsy,6.36,8.40,27.96,17.99,1.57,27.96,1,
4052187073,5/3/2026 3:41:01 PM,Woodmark Custom,,Etsy,5.48,7.42,22.28,13.99,0.87,22.28,1,
4046899552,5/3/2026 3:41:18 PM,Woodmark Custom,,Etsy,5.48,7.42,22.83,13.99,1.42,22.83,1,
4046977194,5/3/2026 4:50:29 PM,Devran Custom Design,,Etsy,5.48,6.37,18.58,11.10,1.11,18.58,1,
4046961174,5/3/2026 4:35:45 PM,Devran Custom Design,,Etsy,9.52,9.52,39.09,26.59,2.98,39.09,1,
4046976326,5/3/2026 4:49:40 PM,Devran Custom Design,,Etsy,5.48,5.48,18.03,11.16,1.39,18.03,1,
4052258443,5/3/2026 4:48:06 PM,Woodmark Custom,,Etsy,5.28,6.65,34.72,25.99,2.08,34.72,1,
4046982166,5/3/2026 4:55:14 PM,YemlihaDesign,,Etsy,6.98,7.38,58.59,47.89,3.32,58.59,1,
4046987446,5/3/2026 5:00:00 PM, Velvet Whiskey Design,,Etsy,6.37,6.37,19.41,12.30,0.74,19.41,1,
4047004774,5/3/2026 5:17:08 PM,Lumina Custom Design,,Etsy,7.69,8.74,39.90,28.12,3.04,39.90,2,
4052271555,5/3/2026 5:01:09 PM,Woodmark Custom,,Etsy,5.48,7.42,23.12,13.99,1.71,23.12,1,
4052313477,5/3/2026 5:45:03 PM, Velvet Whiskey Design,,Etsy,11.16,11.16,71.23,55.10,4.97,71.23,1,
4047104504,5/3/2026 6:55:32 PM, Velvet Whiskey Design,,Etsy,6.69,6.69,24.24,15.96,1.59,24.24,1,
4047047532,5/3/2026 5:58:21 PM, Velvet Whiskey Design,,Etsy,7.90,7.90,20.93,12.26,0.77,20.93,1,
4052318787,5/3/2026 5:50:49 PM,Custom Gift by FTM,,Etsy,6.66,0.00,24.97,22.60,2.37,24.97,1,
4047098072,5/3/2026 6:49:17 PM,SenaCustomStore,,Etsy,8.56,8.56,51.23,40.25,2.42,51.23,1,
4052329537,5/3/2026 6:02:31 PM,Lumina Custom Design,,Etsy,11.03,16.52,118.11,92.31,9.28,118.11,1,
4052310589,5/3/2026 5:41:56 PM,Devran Custom Design,,Etsy,9.54,9.54,22.85,44.86,0.96,55.36,2,
4047042796,5/3/2026 5:53:46 PM,YemlihaDesign,,Etsy,8.07,9.42,29.74,18.75,1.57,29.74,1,
4052356861,5/3/2026 6:32:41 PM,Devran Custom Design,,Etsy,5.40,6.25,18.40,11.10,1.05,18.40,1,
4047019188,5/3/2026 5:31:03 PM,Etched Elegance Shop,,Etsy,6.95,10.80,32.05,21.25,0.00,32.05,1,
4047028082,5/3/2026 5:39:25 PM,Woodmark Custom,,Etsy,5.40,6.98,26.72,17.99,1.75,26.72,1,
4047075166,5/3/2026 6:26:02 PM,Woodmark Custom,,Etsy,6.74,7.86,31.74,21.46,2.42,31.74,1,
4052347077,5/3/2026 6:21:49 PM,Woodmark Custom,,Etsy,5.40,6.98,30.85,21.99,1.88,30.85,1,
4052369127,5/3/2026 6:46:21 PM,Woodmark Custom,,Etsy,7.02,7.38,44.16,34.69,2.09,44.16,1,
4047021624,5/3/2026 5:33:17 PM,Woodmark Custom,,Etsy,5.48,7.42,21.41,13.99,0.00,21.41,1,
4047037492,5/3/2026 5:48:33 PM,Woodmark Custom,,Etsy,5.83,7.69,35.24,25.99,1.56,35.24,1,
4052335647,5/3/2026 6:09:15 PM,Woodmark Custom,,Etsy,8.01,8.01,78.09,65.14,4.94,78.09,1,
4052426755,5/3/2026 7:48:30 PM,Etched Elegance Shop,,Etsy,11.32,22.32,186.80,154.80,9.68,186.80,8,
4052427435,5/3/2026 7:49:13 PM,Etched Elegance Shop,,Etsy,6.73,7.38,28.86,19.59,1.89,28.86,1,
4047127282,5/3/2026 7:17:52 PM,Devran Custom Design,,Etsy,7.90,8.06,32.54,23.04,1.44,32.54,1,
4052423699,5/3/2026 7:45:13 PM,Marbella Custom Gifts,,Etsy,8.13,8.18,52.70,40.50,4.02,52.70,1,
4047146220,5/3/2026 7:36:23 PM, Velvet Whiskey Design,,Etsy,7.77,7.77,42.37,31.92,2.68,42.37,1,
4047143162,5/3/2026 7:33:26 PM,Marbella Custom Gifts,,Etsy,6.66,7.04,27.47,18.75,1.68,27.47,1,
4052402199,5/3/2026 7:22:27 PM,Woodmark Custom,,Etsy,5.72,7.80,35.73,25.99,1.94,35.73,1,
4052403787,5/3/2026 7:24:08 PM,Woodmark Custom,,Etsy,5.48,7.42,35.36,25.99,1.95,35.36,1,
4052430803,5/3/2026 7:52:50 PM,Woodmark Custom,,Etsy,5.48,7.42,31.28,21.99,1.87,31.28,1,
4047139686,5/3/2026 7:30:00 PM,Woodmark Custom,,Etsy,7.90,8.18,42.93,31.48,3.27,42.93,1,
4052410443,5/3/2026 7:31:20 PM,Woodmark Custom,,Etsy,5.62,7.60,23.78,13.99,1.91,23.50,1,
4052428935,5/3/2026 7:50:46 PM,Woodmark Custom,,Etsy,7.77,7.77,64.99,52.41,4.81,64.99,1,
4052413061,5/3/2026 7:34:03 PM,Woodmark Custom,,Etsy,5.48,7.42,27.92,17.99,2.51,27.92,1,
4047170472,5/3/2026 8:00:03 PM,Etched Elegance Shop,,Etsy,6.37,8.18,29.35,19.35,1.82,29.35,1,
4047250688,5/3/2026 9:20:19 PM, Velvet Whiskey Design,,Etsy,9.12,9.12,69.04,55.10,4.82,69.04,1,
4052449521,5/3/2026 8:12:19 PM, Velvet Whiskey Design,,Etsy,9.58,11.16,69.70,55.10,3.44,69.70,1,
4052489189,5/3/2026 8:55:00 PM, Velvet Whiskey Design,,Etsy,10.63,9.06,73.72,59.28,5.38,73.72,1,
4052488035,5/3/2026 8:53:43 PM,Etched Elegance Shop,,Etsy,7.78,14.35,155.05,130.56,10.14,155.05,2,
4047236452,5/3/2026 9:05:15 PM,Etched Elegance Shop,,Etsy,7.26,8.18,29.44,19.59,1.67,29.44,1,
4047220540,5/3/2026 8:49:19 PM,Custom Gift by FTM,,Etsy,5.48,0.00,24.93,23.03,1.90,24.93,1,
4052438975,5/3/2026 8:01:30 PM,SenaCustomStore,,Etsy,10.80,10.43,53.39,39.50,3.46,53.39,1,
4052500673,5/3/2026 9:07:52 PM,Lumina Custom Design,,Etsy,6.07,6.07,17.18,10.26,0.85,17.18,1,
4047202812,5/3/2026 8:31:34 PM,Devran Custom Design,,Etsy,5.48,5.48,17.97,11.16,1.33,17.97,1,
4047242384,5/3/2026 9:11:43 PM,Marbella Custom Gifts,,Etsy,7.42,8.06,30.65,20.25,2.34,30.65,1,
4052444869,5/3/2026 8:07:36 PM,Woodmark Custom,,Etsy,6.39,7.46,29.65,20.25,1.94,29.65,1,
4047210666,5/3/2026 8:39:14 PM,Woodmark Custom,,Etsy,5.48,7.42,35.25,25.99,1.84,35.25,1,
4047210852,5/3/2026 8:39:27 PM,Woodmark Custom,,Etsy,5.72,7.80,22.97,13.99,1.18,22.97,1,
4052483447,5/3/2026 8:48:35 PM,Woodmark Custom,,Etsy,5.40,6.98,30.29,21.99,1.32,30.29,1,
4047225034,5/3/2026 8:53:41 PM,Woodmark Custom,,Etsy,5.40,6.98,26.05,17.99,1.08,26.05,1,
4047202106,5/3/2026 8:30:53 PM,Woodmark Custom,,Etsy,5.48,7.42,29.41,21.99,0.00,29.41,1,
4047222408,5/3/2026 8:51:07 PM,Woodmark Custom,,Etsy,5.48,7.42,26.67,17.99,1.26,26.67,1,
4052487875,5/3/2026 8:53:32 PM,Woodmark Custom,,Etsy,5.40,6.98,30.19,21.99,1.22,30.19,1,
4047232128,5/3/2026 9:00:51 PM,Woodmark Custom,,Etsy,5.48,7.42,27.09,17.99,1.68,27.09,1,
4052460671,5/3/2026 8:24:14 PM,Woodmark Custom,,Etsy,5.48,7.42,27.54,17.99,2.13,27.54,1,
4052493081,5/3/2026 8:59:11 PM,Woodmark Custom,,Etsy,6.36,8.40,22.39,13.99,0.00,22.39,1,
4052497369,5/3/2026 9:04:03 PM,Woodmark Custom,,Etsy,5.48,7.42,23.02,13.99,1.61,23.02,1,
4052507821,5/3/2026 9:16:01 PM,Woodmark Custom,,Etsy,7.60,11.50,35.50,21.99,2.01,35.50,1,
4052530527,5/3/2026 9:43:44 PM,CuteArtCustomDesign,,Etsy,12.39,37.49,242.37,188.50,16.38,242.37,1,
4047302170,5/3/2026 10:20:32 PM,Etched Elegance Shop,,Etsy,0.00,8.13,25.71,16.32,1.26,25.71,1,
4052581001,5/3/2026 10:58:58 PM,Etched Elegance Shop,,Etsy,0.00,8.13,32.15,21.42,2.60,32.15,1,
4047291722,5/3/2026 10:07:06 PM,Etched Elegance Shop,,Etsy,0.00,10.80,32.13,19.35,1.98,32.13,1,
4052564893,5/3/2026 10:32:33 PM, Velvet Whiskey Design,,Etsy,9.58,11.16,71.77,55.10,5.51,71.77,5,
4047294808,5/3/2026 10:11:05 PM, Velvet Whiskey Design,,Etsy,13.99,14.48,122.59,99.18,8.65,122.31,2,
4052566127,5/3/2026 10:34:27 PM,SenaCustomStore,,Etsy,8.56,8.56,51.23,40.25,2.42,51.23,1,
4047298042,5/3/2026 10:15:21 PM,Marbella Custom Gifts,,Etsy,8.40,10.67,32.72,20.25,1.80,32.72,1,
4047269778,5/3/2026 9:40:56 PM,Woodmark Custom,,Etsy,5.40,6.98,22.39,13.99,1.42,22.39,1,
4047262566,5/3/2026 9:32:55 PM,Woodmark Custom,,Etsy,5.97,8.13,32.56,21.99,2.44,32.56,1,
4047307712,5/3/2026 10:27:57 PM,Woodmark Custom,,Etsy,5.40,6.98,31.29,21.99,2.32,31.29,1,
4052530243,5/3/2026 9:43:23 PM,Woodmark Custom,,Etsy,5.62,0.00,16.80,15.28,1.24,16.52,1,
4047314804,5/3/2026 10:37:57 PM,Woodmark Custom,,Etsy,5.62,7.60,27.18,17.99,1.31,26.90,1,
4047270442,5/3/2026 9:41:44 PM,Woodmark Custom,,Etsy,5.40,6.98,26.72,17.99,1.75,26.72,1,
4047279458,5/3/2026 9:51:58 PM,Woodmark Custom,,Etsy,5.97,8.13,23.20,13.99,1.08,23.20,1,
4052586005,5/3/2026 11:08:25 PM,Woodmark Custom,,Etsy,9.06,9.06,66.54,52.41,5.07,66.54,1,
4047334682,5/3/2026 11:09:30 PM,Woodmark Custom,,Etsy,5.40,6.98,30.71,21.99,1.74,30.71,1,
4052617265,5/4/2026 12:20:35 AM,Woodmark Custom,,Etsy,5.97,8.13,18.72,9.99,0.60,18.72,1,
4047347612,5/3/2026 11:33:59 PM,Woodmark Custom,,Etsy,5.48,7.42,23.31,13.99,1.90,23.31,1,
4047350028,5/3/2026 11:38:45 PM,Woodmark Custom,,Etsy,7.60,11.50,27.08,13.99,1.59,27.08,1,
4047344184,5/3/2026 11:27:12 PM,Woodmark Custom,,Etsy,5.48,7.42,31.95,21.99,2.54,31.95,1,
4052601189,5/3/2026 11:40:14 PM,Woodmark Custom,,Etsy,6.36,8.40,26.39,17.99,0.00,26.39,1,
4052601831,5/3/2026 11:41:36 PM,Woodmark Custom,,Etsy,5.48,7.42,22.28,13.99,0.87,22.28,1,
4052624917,5/4/2026 12:42:16 AM,Woodmark Custom,,Etsy,8.89,13.36,41.72,25.99,2.37,41.72,1,
4052624641,5/4/2026 12:41:40 AM,Woodmark Custom,,Etsy,5.48,7.42,31.36,21.99,1.95,31.36,1,
4047379222,5/4/2026 12:47:43 AM,Woodmark Custom,,Etsy,5.48,7.42,31.84,21.99,2.43,31.84,1,
4047390724,5/4/2026 1:20:12 AM,Etched Elegance Shop,,Etsy,0.00,9.52,31.51,19.59,2.40,31.51,1,
4047389204,5/4/2026 1:15:52 AM,Woodmark Custom,,Etsy,9.34,13.48,33.04,17.99,1.57,33.04,1,
4047436834,5/4/2026 3:35:02 AM,Woodmark Custom,,Etsy,5.97,8.13,39.47,28.59,2.75,39.47,1,
4052692939,5/4/2026 4:20:02 AM,Woodmark Custom,,Etsy,5.40,6.98,38.06,28.59,2.49,38.06,1,
4052709453,5/4/2026 5:07:03 AM,Woodmark Custom,,Etsy,5.40,6.98,28.58,19.79,1.81,28.58,1,
4047495408,5/4/2026 6:00:26 AM,Woodmark Custom,,Etsy,5.48,7.42,28.85,19.79,1.64,28.85,1,
4052708521,5/4/2026 5:04:14 AM,Woodmark Custom,,Etsy,5.72,7.46,55.43,43.98,3.99,55.43,1,
4037536296,5/4/2026 6:15:25 AM,Devran Custom Design,,Etsy,6.96,6.44,78.74,106.00,4.46,116.90,2,
4052735241,5/4/2026 6:12:43 AM,Etched Elegance Shop,,Etsy,13.83,55.80,479.33,387.00,36.53,479.33,1,
4047527594,5/4/2026 6:58:49 AM,Etched Elegance Shop,,Etsy,6.37,8.18,29.97,19.35,2.44,29.97,1,
4047526804,5/4/2026 6:57:34 AM,Woodmark Custom,,Etsy,6.37,7.42,33.60,24.70,1.48,33.60,1,
4052745373,5/4/2026 6:35:00 AM,Woodmark Custom,,Etsy,5.48,7.42,28.40,19.79,1.19,28.40,1,
4047515708,5/4/2026 6:38:54 AM,Woodmark Custom,,Etsy,8.53,12.82,35.53,19.79,2.64,35.25,1,
4052750447,5/4/2026 6:45:04 AM,Woodmark Custom,,Etsy,6.37,7.42,28.88,21.46,0.00,28.88,1,
4047535212,5/4/2026 7:11:05 AM,Woodmark Custom,,Etsy,7.52,11.50,33.28,19.79,1.99,33.28,1,
4047573032,5/4/2026 8:02:37 AM,SenaCustomStore,,Etsy,8.56,8.56,52.23,40.25,3.42,52.23,1,
4052770961,5/4/2026 7:21:26 AM,Etched Elegance Shop,,Etsy,6.25,7.22,30.64,21.35,2.07,30.64,1,
4052784273,5/4/2026 7:42:03 AM,Woodmark Custom,,Etsy,5.48,7.42,29.45,19.79,2.24,29.45,1,
4052785279,5/4/2026 7:43:40 AM,Woodmark Custom,,Etsy,5.40,6.98,33.35,24.19,2.18,33.35,1,
4047563476,5/4/2026 7:50:52 AM,Woodmark Custom,,Etsy,9.06,9.06,65.92,52.41,4.45,65.92,1,
4052786977,5/4/2026 7:46:03 AM,Woodmark Custom,,Etsy,5.48,7.42,27.21,19.79,0.00,27.21,1,
4047559922,5/4/2026 7:46:21 AM,Woodmark Custom,,Etsy,7.52,11.50,33.28,19.79,1.99,33.28,1,
4044238983,5/4/2026 8:21:23 AM,Marbella Custom Gifts,,Etsy,6.27,0.00,0.00,0.00,0.00,0.00,0,
4047648270,5/4/2026 9:20:29 AM,Custom Gift by FTM,,Etsy,7.39,0.00,37.88,35.73,2.15,37.88,1,
4047595844,5/4/2026 8:28:36 AM,Lumina Custom Design,,Etsy,5.89,5.89,17.48,10.26,1.33,17.48,1,
4047633016,5/4/2026 9:05:56 AM,Woodmark Custom,,Etsy,5.40,6.98,37.29,28.59,1.72,37.29,1,
4047641512,5/4/2026 9:14:02 AM,Woodmark Custom,,Etsy,38.18,45.04,69.37,19.79,4.54,69.37,1,
4047654672,5/4/2026 9:26:33 AM,YemlihaDesign,,Etsy,8.34,8.01,110.02,95.78,6.23,110.02,2,
4047667856,5/4/2026 9:38:35 AM,Etched Elegance Shop,,Etsy,7.26,8.18,30.06,19.59,2.29,30.06,1,
4047654872,5/4/2026 9:26:43 AM, Velvet Whiskey Design,,Etsy,11.03,11.68,82.43,66.12,4.63,82.43,1,
4052911841,5/4/2026 10:10:11 AM,YemlihaDesign,,Etsy,6.15,6.10,30.89,22.50,2.29,30.89,1,
4047723582,5/4/2026 10:26:40 AM,Devran Custom Design,,Etsy,7.02,7.38,149.24,127.68,14.18,149.24,1,
4052942517,5/4/2026 10:39:53 AM,YemlihaDesign,,Etsy,7.77,7.77,102.54,90.00,4.77,102.54,1,
4052942467,5/4/2026 10:39:50 AM,Lumina Custom Design,,Etsy,6.24,6.24,21.36,13.68,1.44,21.36,1,
4052928603,5/4/2026 10:26:20 AM,Etched Elegance Shop,,Etsy,16.19,23.73,166.28,130.56,11.99,166.28,8,
4047714604,5/4/2026 10:19:13 AM, Velvet Whiskey Design,,Etsy,6.69,6.69,24.24,15.96,1.59,24.24,1,
4052917555,5/4/2026 10:15:41 AM, Velvet Whiskey Design,,Etsy,7.38,7.38,48.36,36.48,4.50,48.36,1,
4052929573,5/4/2026 10:27:15 AM,Woodmark Custom,,Etsy,12.86,26.52,915.47,121.63,51.82,199.97,1,
4047736768,5/4/2026 10:37:57 AM,Woodmark Custom,,Etsy,5.48,7.42,29.45,19.79,2.24,29.45,1,
4052948219,5/4/2026 10:45:08 AM,Woodmark Custom,,Etsy,5.83,7.69,24.46,15.39,1.38,24.46,1,
4047781826,5/4/2026 11:16:28 AM,YemlihaDesign,,Etsy,8.40,9.54,32.79,20.16,3.09,32.79,4,
4052979629,5/4/2026 11:14:56 AM,YemlihaDesign,,Etsy,7.69,8.18,60.56,47.89,4.49,60.56,1,
4052975073,5/4/2026 11:10:40 AM,Etched Elegance Shop,,Etsy,6.39,7.46,33.78,23.25,3.07,33.78,1,
4047769088,5/4/2026 11:04:44 AM,Lumina Custom Design,,Etsy,7.38,7.38,50.44,41.02,2.04,50.44,1,
4047783470,5/4/2026 11:17:54 AM,Woodmark Custom,,Etsy,5.48,7.42,28.84,19.79,1.63,28.84,1,
4047759726,5/4/2026 10:56:47 AM,Woodmark Custom,,Etsy,5.97,8.13,24.71,15.39,1.19,24.71,1,
4052991045,5/4/2026 11:25:54 AM,Woodmark Custom,,Etsy,5.28,6.65,23.58,15.39,1.54,23.58,1,
4053005063,5/4/2026 11:38:53 AM,Lumina Custom Design,,Etsy,10.01,10.01,22.09,10.00,2.08,22.09,1,
4053001661,5/4/2026 11:35:42 AM,Woodmark Custom,,Etsy,5.40,6.98,28.64,19.79,1.87,28.64,1,
4047817470,5/4/2026 11:46:10 AM,Devran Custom Design,,Etsy,6.25,6.25,22.04,14.90,0.89,22.04,1,
4047837244,5/4/2026 12:02:42 PM,Woodmark Custom,,Etsy,5.40,6.98,23.29,15.39,0.92,23.29,1,
4047833198,5/4/2026 11:59:19 AM,Woodmark Custom,,Etsy,5.40,6.98,34.44,24.19,3.27,34.44,1,
4053046399,5/4/2026 12:15:55 PM,Woodmark Custom,,Etsy,5.24,6.52,32.86,24.19,2.15,32.86,1,
4047840416,5/4/2026 12:05:23 PM,Woodmark Custom,,Etsy,5.97,8.13,34.59,24.19,2.27,34.59,1,
4047842388,5/4/2026 12:07:01 PM,Woodmark Custom,,Etsy,5.48,7.42,33.70,24.19,2.09,33.70,1,
4047853294,5/4/2026 12:16:09 PM,Woodmark Custom,,Etsy,7.90,8.18,42.98,31.48,3.32,42.98,1,
4047864736,5/4/2026 12:25:12 PM,Woodmark Custom,,Etsy,5.48,7.42,33.51,24.19,1.90,33.51,1,
4053046545,5/4/2026 12:16:03 PM,Woodmark Custom,,Etsy,5.97,0.00,16.69,15.28,1.41,16.69,1,
4047855486,5/4/2026 12:17:48 PM,Woodmark Custom,,Etsy,5.72,7.80,34.02,24.19,2.03,34.02,1,
4053034639,5/4/2026 12:05:01 PM,Etched Elegance Shop,,Etsy,5.58,6.44,24.13,16.32,1.37,24.13,1,
4047831100,5/4/2026 11:57:41 AM,Etched Elegance Shop,,Etsy,7.73,10.63,82.08,65.28,6.17,82.08,1,
4053038899,5/4/2026 12:09:01 PM,Etched Elegance Shop,,Etsy,9.55,30.74,299.23,251.55,16.94,299.23,1,
4047858904,5/4/2026 12:20:31 PM,Marbella Custom Gifts,,Etsy,6.25,6.98,30.93,21.99,1.96,30.93,1,
4053026973,5/4/2026 11:58:09 AM,Lumina Custom Design,,Etsy,7.69,7.69,24.89,15.30,1.90,24.89,1,
4034789343,5/4/2026 1:09:12 PM,Etched Elegance Shop,,Etsy,6.70,0.00,0.00,0.00,0.00,0.00,0,
4053095877,5/4/2026 12:59:55 PM,Devran Custom Design,,Etsy,5.48,5.48,25.93,18.36,2.09,25.93,1,
4053094639,5/4/2026 12:58:50 PM,Custom Gift by FTM,,Etsy,12.20,0.00,49.83,45.20,4.63,49.83,2,
4053129597,5/4/2026 1:29:37 PM,Custom Gift by FTM,,Etsy,6.36,6.37,28.15,20.00,1.78,28.15,1,
4053066769,5/4/2026 12:34:18 PM,YemlihaDesign,,Etsy,10.63,37.68,444.87,382.00,25.19,444.87,1,
4047949276,5/4/2026 1:31:23 PM,YemlihaDesign,,Etsy,6.30,6.25,16.93,10.08,0.60,16.93,1,
4047928724,5/4/2026 1:14:51 PM,Etched Elegance Shop,,Etsy,6.25,7.38,33.67,24.50,1.79,33.67,1,
4053078705,5/4/2026 12:45:04 PM, Velvet Whiskey Design,,Etsy,7.38,7.38,42.02,32.68,1.96,42.02,2,
4053095673,5/4/2026 12:59:46 PM, Velvet Whiskey Design,,Etsy,13.26,13.26,89.29,72.20,3.83,89.29,1,
4053068805,5/4/2026 12:36:12 PM,Woodmark Custom,,Etsy,5.40,6.98,24.72,15.39,2.35,24.72,1,
4047926798,5/4/2026 1:13:14 PM,Woodmark Custom,,Etsy,5.48,7.42,29.45,19.79,2.24,29.45,1,
4053106567,5/4/2026 1:09:36 PM,Woodmark Custom,,Etsy,5.48,7.42,28.40,19.79,1.19,28.40,1,
4047881380,5/4/2026 12:37:59 PM,Woodmark Custom,,Etsy,6.25,6.98,30.29,21.46,1.85,30.29,1,
4047971656,5/4/2026 1:49:48 PM, Velvet Whiskey Design,,Etsy,8.18,9.06,45.59,33.06,3.47,45.59,3,
4053168607,5/4/2026 2:02:14 PM,Etched Elegance Shop,,Etsy,7.26,8.18,28.99,19.59,1.22,28.99,1,
4047994320,5/4/2026 2:09:17 PM,SenaCustomStore,,Etsy,8.56,8.56,52.47,40.25,3.66,52.47,1,
4047979774,5/4/2026 1:56:35 PM,Marbella Custom Gifts,,Etsy,6.24,6.24,32.70,24.19,2.27,32.70,1,
4053169125,5/4/2026 2:02:42 PM,Woodmark Custom,,Etsy,5.83,7.69,24.78,15.39,1.70,24.78,1,
4053192819,5/4/2026 2:21:56 PM, Velvet Whiskey Design,,Etsy,6.95,6.95,20.98,12.30,1.73,20.98,1,
4053211689,5/4/2026 2:38:46 PM,SenaCustomStore,,Etsy,5.48,5.89,19.13,11.76,1.48,19.13,1,
4053220185,5/4/2026 2:46:31 PM,Lumina Custom Design,,Etsy,5.58,5.58,16.39,9.88,0.93,16.39,1,
4053282355,5/4/2026 3:47:28 PM,Woodmark Custom,,Etsy,5.48,7.42,24.78,15.39,1.97,24.78,1,
4053290895,5/4/2026 3:55:29 PM,Etched Elegance Shop,,Etsy,8.80,23.68,217.12,174.15,19.29,217.12,9,
4048104072,5/4/2026 3:59:23 PM,Devran Custom Design,,Etsy,42.14,42.14,58.10,15.96,0.00,58.10,1,
4053308735,5/4/2026 4:12:31 PM,Marbella Custom Gifts,,Etsy,5.72,6.07,22.76,15.39,1.30,22.76,1,
4053299213,5/4/2026 4:03:17 PM,Woodmark Custom,,Etsy,7.56,7.56,79.61,65.14,6.91,79.61,1,
4053319255,5/4/2026 4:23:09 PM,Devran Custom Design,,Etsy,5.40,5.40,22.86,15.96,1.50,22.86,1,
4048136504,5/4/2026 4:33:01 PM,Woodmark Custom,,Etsy,6.25,6.98,33.17,24.70,1.49,33.17,1,
4053335093,5/4/2026 4:39:09 PM,Woodmark Custom,,Etsy,5.97,8.13,34.32,24.19,2.00,34.32,1,
4053342151,5/4/2026 4:46:37 PM,Devran Custom Design,,Etsy,5.70,5.70,28.95,20.98,2.27,28.95,1,
4053356015,5/4/2026 5:01:33 PM,Custom Gift by FTM,,Etsy,7.39,0.00,38.59,35.73,2.86,38.59,1,
4053349355,5/4/2026 4:54:05 PM, Velvet Whiskey Design,,Etsy,7.02,7.04,27.40,18.81,1.55,27.40,1,
4048161686,5/4/2026 5:00:59 PM,Woodmark Custom,,Etsy,5.48,7.42,33.06,24.19,1.45,33.06,1,
4048178258,5/4/2026 5:20:27 PM,Custom Gift by FTM,,Etsy,7.39,0.00,38.68,35.73,2.95,38.68,1,
4053362053,5/4/2026 5:08:18 PM,Etched Elegance Shop,,Etsy,6.19,7.15,48.60,38.70,2.75,48.60,2,
4048175914,5/4/2026 5:17:35 PM, Velvet Whiskey Design,,Etsy,9.12,9.79,116.90,99.18,7.93,116.90,1,
4053363691,5/4/2026 5:10:08 PM,Woodmark Custom,,Etsy,10.60,10.60,36.82,23.95,2.27,36.82,1,
4048191456,5/4/2026 5:36:05 PM,Woodmark Custom,,Etsy,5.83,7.69,34.51,24.19,2.63,34.51,1,
4048229202,5/4/2026 6:22:46 PM,Devran Custom Design,,Etsy,8.75,9.52,45.58,32.00,3.78,45.30,2,
4048220600,5/4/2026 6:11:59 PM,Devran Custom Design,,Etsy,7.02,7.38,95.68,79.80,8.50,95.68,1,
4048240878,5/4/2026 6:37:29 PM,Custom Gift by FTM,,Etsy,8.49,0.00,38.68,35.73,2.95,38.68,1,
4053417559,5/4/2026 6:12:59 PM,Devran Custom Design,,Etsy,5.24,5.24,18.00,11.16,1.60,18.00,1,
4048236754,5/4/2026 6:32:23 PM,SenaCustomStore,,Etsy,17.99,38.76,169.62,120.75,10.11,169.62,3,
4053444691,5/4/2026 6:44:29 PM,Devran Custom Design,,Etsy,8.18,8.18,37.07,26.59,2.30,37.07,1,
4048203456,5/4/2026 5:50:50 PM,Etched Elegance Shop,,Etsy,7.02,8.01,48.76,38.70,2.05,48.76,2,
4048204114,5/4/2026 5:51:41 PM,Etched Elegance Shop,,Etsy,14.92,22.57,148.09,114.24,11.28,148.09,2,
4048206228,5/4/2026 5:54:16 PM,Marbella Custom Gifts,,Etsy,6.27,6.50,27.02,18.75,1.77,27.02,1,
4048245264,5/4/2026 6:42:51 PM,Lumina Custom Design,,Etsy,9.06,10.63,64.11,50.14,3.34,64.11,1,
4053420783,5/4/2026 6:16:51 PM,Etched Elegance Shop,,Etsy,7.02,8.01,47.46,36.04,3.41,47.46,2,
4048229588,5/4/2026 6:23:17 PM,Marbella Custom Gifts,,Etsy,6.80,6.88,47.93,37.50,3.55,47.93,1,
4048235730,5/4/2026 6:30:58 PM,Etched Elegance Shop,,Etsy,8.76,10.80,46.62,32.64,3.18,46.62,1,
4053439697,5/4/2026 6:38:46 PM,Etched Elegance Shop,,Etsy,6.37,8.18,35.50,24.50,2.82,35.50,1,
4053411565,5/4/2026 6:05:33 PM,Woodmark Custom,,Etsy,6.58,7.60,31.53,21.46,2.19,31.25,1,
4048262876,5/4/2026 7:04:23 PM,Woodmark Custom,,Etsy,5.40,6.98,24.05,15.39,1.68,24.05,1,
4053435551,5/4/2026 6:34:05 PM,Woodmark Custom,,Etsy,5.97,8.13,29.87,19.79,1.95,29.87,1,
4048194104,5/4/2026 5:39:21 PM,Woodmark Custom,,Etsy,5.40,6.98,32.62,24.19,1.45,32.62,1,
4053395557,5/4/2026 5:46:25 PM,Woodmark Custom,,Etsy,5.40,6.98,33.86,24.19,2.69,33.86,1,
4048315584,5/4/2026 8:06:38 PM,YemlihaDesign,,Etsy,7.69,8.18,60.70,47.89,4.63,60.70,1,
4053519379,5/4/2026 8:06:59 PM,Etched Elegance Shop,,Etsy,5.89,7.42,25.82,16.32,2.08,25.82,1,
4048295222,5/4/2026 7:43:02 PM,Etched Elegance Shop,,Etsy,11.50,12.06,34.00,19.35,2.59,34.00,1,
4048287420,5/4/2026 7:33:39 PM, Velvet Whiskey Design,,Etsy,7.38,7.38,34.41,25.08,1.95,34.41,1,
4053535961,5/4/2026 8:24:23 PM, Velvet Whiskey Design,,Etsy,9.22,9.56,36.51,23.56,3.39,36.51,2,
4048331556,5/4/2026 8:24:30 PM, Velvet Whiskey Design,,Etsy,6.37,6.37,22.27,14.44,1.46,22.27,1,
4053519671,5/4/2026 8:07:18 PM,Custom Gift by FTM,,Etsy,6.66,0.00,37.88,35.73,2.15,37.88,1,
4053522301,5/4/2026 8:10:08 PM,Custom Gift by FTM,,Etsy,5.28,5.28,19.97,13.60,1.09,19.97,1,
4053494169,5/4/2026 7:39:38 PM,Woodmark Custom,,Etsy,5.24,6.52,38.27,28.59,3.16,38.27,1,
4048325472,5/4/2026 8:17:55 PM,Woodmark Custom,,Etsy,6.37,7.42,30.71,21.46,1.83,30.71,1,
4048310474,5/4/2026 8:00:28 PM,Woodmark Custom,,Etsy,5.40,6.98,32.63,24.19,1.46,32.63,1,
4053505443,5/4/2026 7:51:32 PM,Woodmark Custom,,Etsy,6.98,9.22,34.87,24.19,1.46,34.87,1,
4053544969,5/4/2026 8:33:52 PM,SenaCustomStore,,Etsy,13.30,20.60,109.44,80.50,8.34,109.44,2,
4048339192,5/4/2026 8:33:13 PM,Woodmark Custom,,Etsy,5.48,7.42,34.22,24.19,2.61,34.22,1,
4053544903,5/4/2026 8:33:49 PM,Woodmark Custom,,Etsy,6.25,6.98,29.14,20.25,1.91,29.14,1,
4048340428,5/4/2026 8:34:46 PM,Woodmark Custom,,Etsy,5.48,7.42,28.94,19.79,1.73,28.94,1,
4048277070,5/4/2026 7:21:20 PM,Woodmark Custom,,Etsy,5.40,6.98,38.24,28.59,2.67,38.24,1,
4048337828,5/4/2026 8:31:46 PM,Woodmark Custom,,Etsy,5.62,7.60,39.55,28.59,3.08,39.27,1,
4048356830,5/4/2026 8:52:38 PM,Woodmark Custom,,Etsy,12.20,12.20,69.72,52.41,5.11,69.72,1,
4048272554,5/4/2026 7:15:49 PM,CuteArtCustomDesign,,Etsy,6.13,5.99,12.86,6.30,0.57,12.86,1,
4048350386,5/4/2026 8:45:28 PM,Devran Custom Design,,Etsy,5.48,5.48,25.96,18.36,2.12,25.96,1,
4053561187,5/4/2026 8:51:17 PM,Devran Custom Design,,Etsy,5.48,5.48,23.58,15.96,2.14,23.58,1,
4048328618,5/4/2026 8:21:16 PM,Devran Custom Design,,Etsy,5.48,5.48,23.16,15.96,1.72,23.16,1,
4053579985,5/4/2026 9:12:03 PM,Etched Elegance Shop,,Etsy,6.70,6.88,28.04,19.59,1.57,28.04,1,
4053583957,5/4/2026 9:16:34 PM,Woodmark Custom,,Etsy,9.33,12.55,88.35,69.39,6.13,88.07,1,
4053580941,5/4/2026 9:13:01 PM,Woodmark Custom,,Etsy,5.40,6.98,28.64,19.79,1.87,28.64,1,
4048390392,5/4/2026 9:32:00 PM,Etched Elegance Shop,,Etsy,7.52,8.18,29.30,19.59,1.53,29.30,1,
4048401982,5/4/2026 9:46:35 PM,Etched Elegance Shop,,Etsy,6.98,7.38,27.63,18.44,1.81,27.63,1,
4048415406,5/4/2026 10:04:16 PM,Marbella Custom Gifts,,Etsy,6.65,6.70,28.57,20.25,1.62,28.57,1,
4048382940,5/4/2026 9:23:02 PM,Marbella Custom Gifts,,Etsy,7.96,9.14,30.92,20.25,1.25,30.64,1,
4053633055,5/4/2026 10:19:22 PM, Velvet Whiskey Design,,Etsy,7.60,7.60,20.33,11.02,1.43,20.05,1,
4048415726,5/4/2026 10:04:45 PM, Velvet Whiskey Design,,Etsy,9.58,12.22,96.42,77.14,7.06,96.42,7,
4053610029,5/4/2026 9:47:55 PM,Woodmark Custom,,Etsy,6.37,7.42,30.47,21.46,1.59,30.47,1,
4053633041,5/4/2026 10:19:21 PM,Woodmark Custom,,Etsy,8.53,12.82,35.50,19.79,2.61,35.22,1,
4053642693,5/4/2026 10:33:24 PM,Woodmark Custom,,Etsy,7.52,11.50,33.36,19.79,2.07,33.36,1,
4048385134,5/4/2026 9:25:38 PM,Woodmark Custom,,Etsy,6.37,7.42,28.78,20.25,1.11,28.78,1,
4048404896,5/4/2026 9:50:16 PM,Woodmark Custom,,Etsy,5.48,7.42,28.40,19.79,1.19,28.40,1,
4053601379,5/4/2026 9:37:14 PM,Woodmark Custom,,Etsy,6.69,6.88,40.63,31.48,2.27,40.63,1,
4048410432,5/4/2026 9:57:28 PM,Woodmark Custom,,Etsy,5.48,7.42,34.26,24.19,2.65,34.26,1,
4048455882,5/4/2026 11:07:03 PM,Etched Elegance Shop,,Etsy,7.68,23.90,146.22,113.15,9.17,146.22,5,
4048453046,5/4/2026 11:01:54 PM,Etched Elegance Shop,,Etsy,6.25,6.98,37.26,28.17,2.11,37.26,1,
4053659379,5/4/2026 11:00:43 PM,Woodmark Custom,,Etsy,7.77,7.77,63.32,52.41,3.14,63.32,1,
4053666133,5/4/2026 11:13:10 PM,Woodmark Custom,,Etsy,5.72,7.80,29.31,19.79,1.72,29.31,1,
4053679799,5/4/2026 11:41:35 PM,YemlihaDesign,,Etsy,9.37,9.58,114.05,95.78,8.69,114.05,2,
4048492282,5/5/2026 12:29:11 AM,Devran Custom Design,,Etsy,5.97,5.97,23.53,15.96,1.60,23.53,1,
4053681515,5/4/2026 11:45:16 PM,Woodmark Custom,,Etsy,5.97,8.13,25.97,15.39,2.45,25.97,1,
4048488030,5/5/2026 12:17:58 AM,Woodmark Custom,,Etsy,5.64,7.30,23.92,15.39,1.23,23.92,1,
4048522972,5/5/2026 2:01:55 AM,Woodmark Custom,,Etsy,6.36,8.40,34.59,24.19,2.00,34.59,1,
4052929573,5/4/2026 10:27:15 AM,Woodmark Custom,,Etsy,10.63,0.00,915.47,715.50,0.00,715.50,1,
4053748195,5/5/2026 3:04:39 AM,Devran Custom Design,,Etsy,7.90,8.06,33.16,23.04,2.06,33.16,1,
4053744627,5/5/2026 2:52:44 AM,Woodmark Custom,,Etsy,5.40,6.98,29.58,19.79,2.81,29.58,1,
4048556604,5/5/2026 3:47:08 AM, Velvet Whiskey Design,,Etsy,10.30,11.68,81.28,63.08,6.52,81.28,4,
4048598976,5/5/2026 5:41:16 AM,Woodmark Custom,,Etsy,6.37,7.42,29.95,20.25,2.28,29.95,1,
4048612266,5/5/2026 6:09:44 AM,Woodmark Custom,,Etsy,6.25,6.98,34.61,24.70,2.93,34.61,1,
4048611156,5/5/2026 6:07:24 AM,Woodmark Custom,,Etsy,5.40,6.98,28.38,19.79,1.61,28.38,1,
4053842667,5/5/2026 7:04:32 AM,YemlihaDesign,,Etsy,7.69,8.18,58.94,47.89,2.87,58.94,1,
4048667466,5/5/2026 7:41:56 AM,YemlihaDesign,,Etsy,6.36,6.37,17.44,10.08,0.99,17.44,1,
4053855317,5/5/2026 7:25:08 AM,Woodmark Custom,,Etsy,5.40,6.98,28.71,19.79,1.94,28.71,1,
4048664296,5/5/2026 7:37:53 AM,Woodmark Custom,,Etsy,12.20,12.20,68.94,52.41,4.33,68.94,1,
4053850311,5/5/2026 7:17:18 AM,Etched Elegance Shop,,Etsy,11.50,12.06,33.49,19.35,2.08,33.49,1,
4048690652,5/5/2026 8:12:14 AM,YemlihaDesign,,Etsy,7.69,8.18,59.06,47.89,2.99,59.06,1,
4048715860,5/5/2026 8:42:05 AM,Etched Elegance Shop,,Etsy,6.00,6.65,27.82,19.35,1.82,27.82,1,
4048711900,5/5/2026 8:37:45 AM,Etched Elegance Shop,,Etsy,7.86,11.58,32.37,18.44,2.07,32.09,1,
4053895035,5/5/2026 8:19:52 AM,Lumina Custom Design,,Etsy,6.24,6.24,17.35,10.26,0.85,17.35,1,
4048722048,5/5/2026 8:48:41 AM, Velvet Whiskey Design,,Etsy,6.56,6.56,51.42,41.50,3.36,51.42,1,
4053902829,5/5/2026 8:29:23 AM,Woodmark Custom,,Etsy,6.95,8.13,35.11,24.70,2.28,35.11,1,
4048751988,5/5/2026 9:20:18 AM,Woodmark Custom,,Etsy,5.48,7.42,34.38,24.19,2.77,34.38,1,
4053953321,5/5/2026 9:25:28 AM,Woodmark Custom,,Etsy,5.48,7.42,29.45,19.79,2.24,29.45,1,
4053961813,5/5/2026 9:34:34 AM,Devran Custom Design,,Etsy,7.02,7.38,92.34,78.12,6.84,92.34,7,
4054007101,5/5/2026 10:19:52 AM,Etched Elegance Shop,,Etsy,7.02,7.38,43.02,32.64,3.00,43.02,1,
4054039541,5/5/2026 10:50:15 AM,Lumina Custom Design,,Etsy,5.73,5.73,17.19,10.26,1.20,17.19,1,
4048804580,5/5/2026 10:12:27 AM,Etched Elegance Shop,,Etsy,6.88,8.01,60.39,48.96,3.42,60.39,1,
4048803722,5/5/2026 10:11:44 AM, Velvet Whiskey Design,,Etsy,8.18,8.18,38.79,28.88,1.73,38.79,1,
4048850408,5/5/2026 10:57:15 AM,Etched Elegance Shop,,Etsy,6.37,8.18,29.04,19.35,1.51,29.04,1,
4053980125,5/5/2026 9:52:53 AM, Velvet Whiskey Design,,Etsy,7.38,7.77,43.79,33.06,2.96,43.79,1,
4053968873,5/5/2026 9:41:57 AM,Woodmark Custom,,Etsy,5.40,9.22,35.58,24.19,2.17,35.58,1,
4054002771,5/5/2026 10:15:27 AM,Woodmark Custom,,Etsy,5.40,6.98,28.86,19.79,2.09,28.86,1,
4053989517,5/5/2026 10:02:04 AM,Woodmark Custom,,Etsy,5.28,6.65,33.85,24.19,3.01,33.85,1,
4054007893,5/5/2026 10:20:38 AM,Woodmark Custom,,Etsy,5.48,7.42,34.33,24.19,2.72,34.33,1,
4048819584,5/5/2026 10:26:43 AM,Woodmark Custom,,Etsy,5.48,7.42,33.19,24.19,1.58,33.19,1,
4054028519,5/5/2026 10:40:05 AM,Woodmark Custom,,Etsy,5.17,6.44,23.36,15.39,1.53,23.36,1,
4054046991,5/5/2026 10:57:00 AM,Woodmark Custom,,Etsy,5.40,6.98,24.16,15.39,1.79,24.16,1,
4048837186,5/5/2026 10:44:02 AM,Woodmark Custom,,Etsy,5.97,8.13,34.68,24.19,2.36,34.68,1,
4048851216,5/5/2026 10:58:00 AM,Etched Elegance Shop,,Etsy,6.37,7.42,31.29,23.87,0.00,31.29,1,
4054062725,5/5/2026 11:11:42 AM,Woodmark Custom,,Etsy,6.25,6.98,28.87,20.25,1.64,28.87,1,
4054085063,5/5/2026 11:32:38 AM,Lumina Custom Design,,Etsy,11.21,12.55,99.15,79.04,7.56,99.15,8,
4054090257,5/5/2026 11:37:25 AM,Woodmark Custom,,Etsy,5.40,6.98,28.64,19.79,1.87,28.64,1,
4048872870,5/5/2026 11:19:34 AM,Woodmark Custom,,Etsy,6.10,6.52,29.25,20.25,2.48,29.25,1,
4048895796,5/5/2026 11:41:07 AM,Custom Gift by FTM,,Etsy,7.39,0.00,24.80,22.60,2.20,24.80,1,
4054072887,5/5/2026 11:21:09 AM,SenaCustomStore,,Etsy,14.31,14.31,58.08,40.25,3.52,58.08,1,
4048901286,5/5/2026 11:46:10 AM,Woodmark Custom,,Etsy,5.97,8.13,29.45,19.79,1.53,29.45,1,
4048923412,5/5/2026 12:07:04 PM,YemlihaDesign,,Etsy,6.33,6.88,59.70,47.89,4.93,59.70,1,
4054136631,5/5/2026 12:20:46 PM,Custom Gift by FTM,,Etsy,7.02,0.00,39.39,35.73,3.66,39.39,1,
4048928464,5/5/2026 12:11:55 PM, Velvet Whiskey Design,,Etsy,9.79,10.12,169.51,147.56,11.83,169.51,1,
4054114861,5/5/2026 12:00:09 PM,Marbella Custom Gifts,,Etsy,5.48,5.89,23.09,15.39,1.81,23.09,1,
4048923090,5/5/2026 12:06:45 PM,Etched Elegance Shop,,Etsy,6.25,6.98,27.01,18.15,1.88,27.01,1,
4054107691,5/5/2026 11:53:39 AM,Etched Elegance Shop,,Etsy,7.78,14.35,138.88,114.24,10.29,138.88,1,
4054107201,5/5/2026 11:53:12 AM,Woodmark Custom,,Etsy,5.28,6.65,33.00,24.19,2.16,33.00,1,
4054114481,5/5/2026 11:59:47 AM,Woodmark Custom,,Etsy,5.40,6.98,28.78,19.79,2.01,28.78,1,
4054166549,5/5/2026 12:48:25 PM,Devran Custom Design,,Etsy,7.99,8.15,33.06,23.04,1.87,33.06,1,
4054187923,5/5/2026 1:07:43 PM,YemlihaDesign,,Etsy,6.36,6.37,30.78,22.50,1.91,30.78,1,
4054190007,5/5/2026 1:09:36 PM, Velvet Whiskey Design,,Etsy,8.18,8.18,48.34,36.89,3.27,48.34,1,
4054205065,5/5/2026 1:22:48 PM,Woodmark Custom,,Etsy,5.72,7.80,34.22,24.19,2.23,34.22,1,
4054212187,5/5/2026 1:28:44 PM,YemlihaDesign,,Etsy,6.41,6.77,41.52,32.40,2.35,41.52,3,
4049011282,5/5/2026 1:27:49 PM, Velvet Whiskey Design,,Etsy,5.40,5.40,20.43,14.17,0.86,20.43,1,
4054232633,5/5/2026 1:46:28 PM,Lumina Custom Design,,Etsy,5.97,5.97,16.94,9.88,1.09,16.94,1,
4049032832,5/5/2026 1:47:39 PM,Woodmark Custom,,Etsy,5.48,7.42,31.61,24.19,0.00,31.61,1,
4054256367,5/5/2026 2:06:13 PM,YemlihaDesign,,Etsy,8.07,9.94,34.50,21.55,2.73,34.22,1,
4054247813,5/5/2026 1:59:08 PM,SenaCustomStore,,Etsy,14.31,14.31,57.68,40.25,3.12,57.68,1,
4054252341,5/5/2026 2:02:55 PM,Woodmark Custom,,Etsy,5.40,6.98,24.11,15.39,1.74,24.11,1,
4054273039,5/5/2026 2:20:26 PM,Woodmark Custom,,Etsy,10.99,9.79,340.48,300.44,30.25,340.48,14,
4054261585,5/5/2026 2:10:48 PM,Woodmark Custom,,Etsy,5.24,6.52,27.89,19.79,1.58,27.89,1,
4054284105,5/5/2026 2:29:56 PM,Lumina Custom Design,,Etsy,14.31,20.39,84.59,64.20,0.00,84.59,1,
4049073010,5/5/2026 2:24:58 PM,Woodmark Custom,,Etsy,5.97,8.13,24.71,15.39,1.19,24.71,1,
4054285303,5/5/2026 2:30:59 PM,Marbella Custom Gifts,,Etsy,8.76,10.01,33.44,20.25,3.18,33.44,1,
4049098176,5/5/2026 2:48:01 PM,YemlihaDesign,,Etsy,8.40,10.80,35.76,21.55,3.41,35.76,1,
4049087746,5/5/2026 2:38:23 PM, Velvet Whiskey Design,,Etsy,8.03,8.74,103.93,88.16,7.03,103.93,7,
4047209395,5/5/2026 3:33:34 PM,Lumina Custom Design,,Etsy,7.42,7.42,24.76,33.99,1.02,42.43,1,
4049134662,5/5/2026 3:21:55 PM,YemlihaDesign,,Etsy,9.23,9.56,115.24,99.70,5.98,115.24,4,
4054342025,5/5/2026 3:20:26 PM,YemlihaDesign,,Etsy,7.69,8.18,31.52,21.55,1.79,31.52,1,
4054326317,5/5/2026 3:06:26 PM,Etched Elegance Shop,,Etsy,13.45,33.48,309.28,259.68,16.12,309.28,1,
4054325213,5/5/2026 3:05:23 PM,Etched Elegance Shop,,Etsy,6.37,8.18,29.97,19.35,2.44,29.97,1,
4054316547,5/5/2026 2:58:01 PM,Etched Elegance Shop,,Etsy,8.12,8.13,32.88,22.20,2.55,32.88,1,
4054340455,5/5/2026 3:19:01 PM,Woodmark Custom,,Etsy,6.95,8.13,36.21,24.70,3.38,36.21,1,
4049142780,5/5/2026 3:29:48 PM,Woodmark Custom,,Etsy,7.31,7.31,63.30,52.41,3.58,63.30,1,
4049166430,5/5/2026 3:53:05 PM,Woodmark Custom,,Etsy,5.40,6.98,24.50,15.39,2.13,24.50,1,
4042568484,5/5/2026 4:00:51 PM,Lumina Custom Design,,Etsy,6.58,9.14,30.68,51.98,1.79,62.91,1,
4054421113,5/5/2026 4:36:28 PM,SenaCustomStore,,Etsy,20.12,76.89,558.57,-11.54,31.62,96.97,1,
4054421113,5/5/2026 4:36:28 PM,SenaCustomStore,,Etsy,20.12,0.00,558.57,461.60,0.00,461.60,1,
4049268310,5/5/2026 5:50:38 PM,Custom Gift by FTM,,Etsy,8.49,0.00,38.68,35.73,2.95,38.68,1,
4054478819,5/5/2026 5:43:14 PM,Etched Elegance Shop,,Etsy,13.83,24.44,233.34,525.58,17.78,567.80,2,
4049230038,5/5/2026 5:02:59 PM,YemlihaDesign,,Etsy,13.48,15.16,108.95,86.20,7.59,108.95,4,
4054415609,5/5/2026 4:30:53 PM,YemlihaDesign,,Etsy,7.69,8.18,37.05,26.05,2.82,37.05,1,
4054454055,5/5/2026 5:13:30 PM, Velvet Whiskey Design,,Etsy,7.38,7.77,46.91,36.48,2.66,46.91,1,
4049217352,5/5/2026 4:48:01 PM, Velvet Whiskey Design,,Etsy,6.37,6.37,22.19,14.44,1.38,22.19,1,
4049251602,5/5/2026 5:29:24 PM, Velvet Whiskey Design,,Etsy,8.13,8.13,24.34,14.38,1.83,24.34,1,
4049248298,5/5/2026 5:25:14 PM,Lumina Custom Design,,Etsy,8.18,8.18,53.89,42.18,3.53,53.89,3,
4049214546,5/5/2026 4:44:57 PM,Woodmark Custom,,Etsy,6.25,6.98,29.58,21.46,1.14,29.58,1,
4049229014,5/5/2026 5:01:46 PM,Woodmark Custom,,Etsy,7.77,7.77,63.33,52.41,3.15,63.33,1,
4054501759,5/5/2026 6:12:24 PM,Devran Custom Design,,Etsy,7.02,7.38,58.26,48.00,2.88,58.26,3,
4054496469,5/5/2026 6:05:34 PM,Woodmark Custom,,Etsy,5.97,8.13,32.32,24.19,0.00,32.32,1,
4049289076,5/5/2026 6:16:17 PM,Custom Gift by FTM,,Etsy,7.39,0.00,24.49,22.60,1.89,24.49,1,
4054518119,5/5/2026 6:32:57 PM,SenaCustomStore,,Etsy,8.56,8.56,52.23,40.25,3.42,52.23,1,
4054513775,5/5/2026 6:27:36 PM,Woodmark Custom,,Etsy,7.56,7.56,58.78,47.37,3.85,58.78,1,
4054511907,5/5/2026 6:25:10 PM,Woodmark Custom,,Etsy,5.97,8.13,24.94,15.39,1.42,24.94,1,
4054542723,5/5/2026 7:03:07 PM,SenaCustomStore,,Etsy,10.30,10.30,53.90,40.25,3.35,53.90,1,
4054522681,5/5/2026 6:38:45 PM,Etched Elegance Shop,,Etsy,8.45,23.74,268.86,229.90,15.22,268.86,11,
4054543485,5/5/2026 7:04:01 PM, Velvet Whiskey Design,,Etsy,8.74,9.95,34.19,22.04,2.20,34.19,1,
4054537815,5/5/2026 6:57:01 PM, Velvet Whiskey Design,,Etsy,6.25,6.25,19.29,12.30,0.74,19.29,1,
4049310268,5/5/2026 6:42:43 PM,Woodmark Custom,,Etsy,9.67,9.67,60.89,47.37,3.85,60.89,1,
4037059819,5/5/2026 7:07:01 PM, Velvet Whiskey Design,,Etsy,9.95,12.27,254.33,588.00,18.62,618.89,1,
4049330098,5/5/2026 7:06:55 PM,Devran Custom Design,,Etsy,5.89,8.18,33.03,22.19,2.66,33.03,1,
4054573867,5/5/2026 7:41:31 PM,SenaCustomStore,,Etsy,14.31,14.31,58.59,40.25,4.03,58.59,1,
4049353946,5/5/2026 7:35:33 PM,Etched Elegance Shop,,Etsy,10.50,25.62,226.55,188.10,12.83,226.55,9,
4054571471,5/5/2026 7:38:31 PM,Lumina Custom Design,,Etsy,6.52,0.00,17.63,16.32,1.31,17.63,1,
4049331282,5/5/2026 7:08:29 PM,Lumina Custom Design,,Etsy,5.89,5.89,17.18,10.26,1.03,17.18,1,
4054563599,5/5/2026 7:28:40 PM,Lumina Custom Design,,Etsy,8.01,8.01,70.83,59.26,3.56,70.83,4,
4054572537,5/5/2026 7:39:54 PM,Lumina Custom Design,,Etsy,6.36,6.36,16.93,9.88,0.69,16.93,1,
4049365072,5/5/2026 7:48:40 PM,Woodmark Custom,,Etsy,6.37,7.42,30.38,21.46,1.50,30.38,1,
4054549145,5/5/2026 7:11:05 PM,Woodmark Custom,,Etsy,6.52,7.69,31.19,21.46,2.04,31.19,1,
4054553761,5/5/2026 7:16:39 PM,Woodmark Custom,,Etsy,5.40,6.98,38.15,28.59,2.58,38.15,1,
4054567265,5/5/2026 7:33:24 PM,Woodmark Custom,,Etsy,6.37,7.42,34.25,24.70,2.13,34.25,1,
4054555033,5/5/2026 7:18:12 PM,Woodmark Custom,,Etsy,5.48,7.42,29.62,19.79,2.41,29.62,1,
4054624215,5/5/2026 8:40:58 PM,Devran Custom Design,,Etsy,6.37,6.37,50.81,40.68,3.76,50.81,3,
4054594829,5/5/2026 8:06:50 PM,Devran Custom Design,,Etsy,5.48,5.48,22.73,15.96,1.29,22.73,1,
4049392008,5/5/2026 8:18:57 PM, Velvet Whiskey Design,,Etsy,16.25,23.36,157.74,126.16,8.22,157.74,5,
4049386712,5/5/2026 8:12:57 PM, Velvet Whiskey Design,,Etsy,6.37,6.37,22.53,14.44,1.72,22.53,1,
4049406170,5/5/2026 8:34:59 PM,Woodmark Custom,,Etsy,5.48,7.42,24.81,15.39,2.00,24.81,1,
4049411868,5/5/2026 8:41:22 PM,Woodmark Custom,,Etsy,5.28,0.00,31.39,28.60,2.79,31.39,1,
4054610067,5/5/2026 8:24:40 PM,Woodmark Custom,,Etsy,6.25,6.98,29.41,20.25,2.18,29.41,1,
4049470538,5/5/2026 9:53:22 PM,Devran Custom Design,,Etsy,9.85,9.79,151.94,134.10,8.05,151.94,9,
4054666535,5/5/2026 9:32:54 PM,Devran Custom Design,,Etsy,9.37,9.95,68.01,53.76,4.30,68.01,1,
4049463454,5/5/2026 9:43:47 PM,Marbella Custom Gifts,,Etsy,6.73,7.04,29.06,20.25,1.77,29.06,1,
4049445954,5/5/2026 9:21:41 PM,Etched Elegance Shop,,Etsy,6.17,6.88,29.72,20.90,1.94,29.72,1,
4049430450,5/5/2026 9:02:50 PM, Velvet Whiskey Design,,Etsy,9.12,9.79,116.87,99.18,7.90,116.87,8,
4054675271,5/5/2026 9:44:55 PM, Velvet Whiskey Design,,Etsy,8.13,8.13,19.15,11.02,0.00,19.15,1,
4054641403,5/5/2026 9:01:20 PM,Woodmark Custom,,Etsy,5.48,7.42,29.42,19.79,2.21,29.42,1,
4054659127,5/5/2026 9:23:26 PM,Woodmark Custom,,Etsy,6.39,7.46,31.02,21.46,2.10,31.02,1,
4027632208,5/5/2026 10:18:53 PM,Etched Elegance Shop,,Etsy,5.72,0.00,0.00,0.00,0.00,0.00,0,
4049477104,5/5/2026 10:02:30 PM,Etched Elegance Shop,,Etsy,8.76,10.80,36.66,23.89,1.97,36.66,1,
4049472076,5/5/2026 9:55:30 PM,Etched Elegance Shop,,Etsy,9.22,9.56,31.33,19.72,2.05,31.33,1,
4049523258,5/5/2026 11:16:11 PM,Custom Gift by FTM,,Etsy,7.39,0.00,23.84,22.60,1.24,23.84,1,
4049509362,5/5/2026 10:50:44 PM,YemlihaDesign,,Etsy,8.40,10.80,34.56,21.55,2.21,34.56,1,
4054720829,5/5/2026 10:56:36 PM,Etched Elegance Shop,,Etsy,9.08,10.63,80.19,65.01,4.55,80.19,3,
4054721549,5/5/2026 10:57:57 PM,Etched Elegance Shop,,Etsy,6.37,8.18,30.82,20.90,1.74,30.82,1,
4054724767,5/5/2026 11:04:05 PM,Etched Elegance Shop,,Etsy,6.37,8.18,31.48,20.90,2.40,31.48,1,
4054699287,5/5/2026 10:20:39 PM,Woodmark Custom,,Etsy,5.48,7.42,24.58,15.39,1.77,24.58,1,
4049472036,5/5/2026 9:55:27 PM,Woodmark Custom,,Etsy,13.04,13.04,83.88,65.14,5.70,83.88,1,
4049503178,5/5/2026 10:41:01 PM,Woodmark Custom,,Etsy,5.40,6.98,28.91,19.79,2.14,28.91,1,
4049514374,5/5/2026 10:59:23 PM,Woodmark Custom,,Etsy,5.97,8.13,35.23,24.19,2.91,35.23,1,
4049492862,5/5/2026 10:25:04 PM,Woodmark Custom,,Etsy,5.48,7.42,29.59,19.79,2.38,29.59,1,
4049532724,5/5/2026 11:34:57 PM,Devran Custom Design,,Etsy,5.40,5.40,22.96,15.96,1.60,22.96,1,
4049534886,5/5/2026 11:39:42 PM,Woodmark Custom,,Etsy,5.72,7.80,29.39,19.79,1.80,29.39,1,
4054760407,5/6/2026 12:28:46 AM,Woodmark Custom,,Etsy,12.87,12.87,62.27,49.40,0.00,62.27,2,
4049535824,5/5/2026 11:41:37 PM,Woodmark Custom,,Etsy,6.25,6.98,33.59,24.70,1.91,33.59,1,
4049565928,5/6/2026 12:57:13 AM,Etched Elegance Shop,,Etsy,6.95,10.80,33.76,20.90,2.06,33.76,1,
4054774437,5/6/2026 1:11:19 AM,Lumina Custom Design,,Etsy,6.07,6.07,16.98,10.26,0.65,16.98,1,
4049631180,5/6/2026 4:10:21 AM,Marbella Custom Gifts,,Etsy,7.42,8.06,29.58,20.25,1.27,29.58,1,
4049663178,5/6/2026 5:36:06 AM,Woodmark Custom,,Etsy,7.52,11.50,29.24,15.39,2.35,29.24,1,
4054854775,5/6/2026 5:23:49 AM,Woodmark Custom,,Etsy,5.48,7.42,24.69,15.39,1.88,24.69,1,
4049706238,5/6/2026 7:02:05 AM,Custom Gift by FTM,,Etsy,5.40,0.00,24.41,23.03,1.38,24.41,1,
4054878275,5/6/2026 6:18:21 AM, Velvet Whiskey Design,,Etsy,6.25,6.25,19.92,12.54,1.13,19.92,1,
4054913873,5/6/2026 7:22:29 AM, Velvet Whiskey Design,,Etsy,26.74,27.65,48.25,20.60,0.00,48.25,1,
4054875541,5/6/2026 6:12:37 AM,Woodmark Custom,,Etsy,7.54,6.88,60.23,49.40,3.95,60.23,2,
4049697922,5/6/2026 6:47:38 AM,Woodmark Custom,,Etsy,5.48,7.42,33.70,24.19,2.09,33.70,1,
4054903477,5/6/2026 7:05:18 AM,Woodmark Custom,,Etsy,5.48,7.42,24.26,15.39,1.45,24.26,1,
4054921363,5/6/2026 7:33:27 AM,YemlihaDesign,,Etsy,6.36,6.37,17.72,10.08,1.27,17.72,1,
4054927295,5/6/2026 7:41:41 AM,SenaCustomStore,,Etsy,21.27,128.32,811.60,-530.84,60.12,-342.40,1,
4054920269,5/6/2026 7:31:54 AM,Woodmark Custom,,Etsy,5.48,7.42,29.01,19.79,1.80,29.01,1,
4054929089,5/6/2026 7:44:14 AM,Woodmark Custom,,Etsy,5.83,7.69,29.68,19.79,2.20,29.68,1,
4054934523,5/6/2026 7:51:46 AM,Woodmark Custom,,Etsy,8.01,8.01,78.27,65.14,5.12,78.27,1,
4049764818,5/6/2026 8:25:27 AM,SenaCustomStore,,Etsy,14.31,14.31,58.69,40.25,4.13,58.69,1,
4049743802,5/6/2026 7:58:20 AM,Etched Elegance Shop,,Etsy,6.37,8.18,31.48,20.90,2.40,31.48,1,
4049758098,5/6/2026 8:17:10 AM,Lumina Custom Design,,Etsy,7.38,7.38,50.87,41.02,2.47,50.87,1,
4054951113,5/6/2026 8:14:01 AM,Woodmark Custom,,Etsy,5.48,7.42,28.45,19.79,1.24,28.45,1,
4054976221,5/6/2026 8:43:10 AM,YemlihaDesign,,Etsy,7.69,9.95,31.50,21.55,0.00,31.50,1,
4049793422,5/6/2026 8:58:50 AM,YemlihaDesign,,Etsy,6.36,6.37,31.40,22.50,2.53,31.40,1,
4055015131,5/6/2026 9:24:41 AM,CuteArtCustomDesign,,Etsy,7.46,5.99,32.54,24.70,1.85,32.54,1,
4049847616,5/6/2026 9:55:10 AM,Devran Custom Design,,Etsy,6.33,6.33,22.42,14.90,1.19,22.42,1,
4049840206,5/6/2026 9:47:39 AM,SenaCustomStore,,Etsy,14.31,12.13,56.34,155.25,3.96,171.34,2,
4054994599,5/6/2026 9:02:45 AM,Devran Custom Design,,Etsy,6.56,6.57,34.91,26.24,2.10,34.91,1,
4049813334,5/6/2026 9:20:03 AM,Lumina Custom Design,,Etsy,6.25,7.04,28.67,19.75,1.88,28.67,1,
4049833498,5/6/2026 9:41:07 AM, Velvet Whiskey Design,,Etsy,9.58,11.16,75.21,58.00,6.05,75.21,5,
4049773412,5/6/2026 8:36:06 AM, Velvet Whiskey Design,,Etsy,8.06,8.18,32.83,23.20,1.45,32.83,2,
4055002577,5/6/2026 9:11:03 AM, Velvet Whiskey Design,,Etsy,8.06,8.18,33.27,23.20,1.89,33.27,2,
4054997597,5/6/2026 9:05:55 AM,Woodmark Custom,,Etsy,5.97,8.13,35.07,24.19,2.75,35.07,1,
4049775476,5/6/2026 8:38:32 AM,Woodmark Custom,,Etsy,6.37,7.42,31.26,21.46,2.38,31.26,1,
4049784800,5/6/2026 8:49:18 AM,Woodmark Custom,,Etsy,9.58,9.58,60.72,47.37,3.77,60.72,1,
4049902322,5/6/2026 10:48:41 AM,CuteArtCustomDesign,,Etsy,9.67,12.99,93.20,74.11,6.10,93.20,3,
4055105307,5/6/2026 10:54:48 AM,YemlihaDesign,,Etsy,6.90,7.80,23.77,15.97,0.00,23.77,1,
4049883562,5/6/2026 10:29:44 AM,Devran Custom Design,,Etsy,6.95,6.95,23.25,14.90,1.40,23.25,1,
4049882122,5/6/2026 10:28:15 AM,Etched Elegance Shop,,Etsy,8.18,10.63,86.61,71.68,4.30,86.61,4,
4049868880,5/6/2026 10:15:32 AM,Marbella Custom Gifts,,Etsy,7.02,7.04,30.64,21.60,2.00,30.64,1,
4049866508,5/6/2026 10:13:23 AM,Etched Elegance Shop,,Etsy,6.98,7.38,35.60,25.43,2.79,35.60,1,
4049929330,5/6/2026 11:15:17 AM,Woodmark Custom,,Etsy,7.56,7.56,79.24,65.14,6.54,79.24,1,
4055126915,5/6/2026 11:15:45 AM,Woodmark Custom,,Etsy,5.48,7.42,34.18,24.19,2.57,34.18,1,
4055144679,5/6/2026 11:33:13 AM,Woodmark Custom,,Etsy,13.48,13.48,33.27,19.79,0.00,33.27,1,
4055131599,5/6/2026 11:20:37 AM,Woodmark Custom,,Etsy,9.02,9.94,47.21,34.69,2.58,47.21,1,
4055135623,5/6/2026 11:24:36 AM,Woodmark Custom,,Etsy,6.17,6.65,30.85,21.46,2.74,30.85,1,
4055145883,5/6/2026 11:34:25 AM,Woodmark Custom,,Etsy,6.98,9.22,30.20,19.79,1.19,30.20,1,
4049941804,5/6/2026 11:27:25 AM,Woodmark Custom,,Etsy,6.25,6.98,33.90,24.70,2.22,33.90,1,
4055148885,5/6/2026 11:37:24 AM,Woodmark Custom,,Etsy,9.95,14.62,130.19,104.82,10.75,130.19,2,
4046873713,5/6/2026 11:43:55 AM,Woodmark Custom,,Etsy,5.48,7.42,25.56,35.98,1.95,45.35,1,
4055146291,5/6/2026 11:34:51 AM,YemlihaDesign,,Etsy,8.13,10.80,33.91,21.55,1.56,33.91,1,
4055141989,5/6/2026 11:30:42 AM,Marbella Custom Gifts,,Etsy,6.19,6.57,30.78,21.60,2.61,30.78,1,
4049969652,5/6/2026 11:54:47 AM,Woodmark Custom,,Etsy,5.40,6.98,23.88,15.39,1.51,23.88,1,
4055151463,5/6/2026 11:39:52 AM,Woodmark Custom,,Etsy,6.00,7.86,39.46,28.59,3.01,39.46,1,
4041836512,5/6/2026 12:40:59 PM,Woodmark Custom,,Etsy,5.62,7.60,22.15,27.98,1.68,37.26,1,
4055222725,5/6/2026 12:46:35 PM,Devran Custom Design,,Etsy,7.90,8.18,103.71,89.28,6.25,103.71,8,
4049988132,5/6/2026 12:12:53 PM,Devran Custom Design,,Etsy,5.40,5.40,18.26,11.16,1.70,18.26,1,
4055179163,5/6/2026 12:06:30 PM,Etched Elegance Shop,,Etsy,9.08,12.55,82.45,62.69,6.93,82.17,1,
4049995812,5/6/2026 12:20:43 PM,Woodmark Custom,,Etsy,5.48,7.42,24.21,15.39,1.40,24.21,1,
4055194809,5/6/2026 12:21:14 PM,Woodmark Custom,,Etsy,5.40,6.98,28.64,19.79,1.87,28.64,1,
4049999562,5/6/2026 12:24:19 PM,Woodmark Custom,,Etsy,5.48,7.42,34.22,24.19,2.61,34.22,1,
4055198179,5/6/2026 12:24:26 PM,Woodmark Custom,,Etsy,6.37,7.42,31.44,21.46,2.56,31.44,1,
4050001356,5/6/2026 12:26:08 PM,Woodmark Custom,,Etsy,7.13,8.40,31.20,21.46,1.34,31.20,1,
4049996346,5/6/2026 12:21:12 PM,Woodmark Custom,,Etsy,5.48,7.42,24.18,15.39,1.37,24.18,1,
4050029240,5/6/2026 12:53:01 PM,Woodmark Custom,,Etsy,5.48,7.42,28.99,19.79,1.78,28.99,1,
4050032744,5/6/2026 12:56:18 PM,Woodmark Custom,,Etsy,5.48,7.42,29.39,19.79,2.18,29.39,1,
4055275645,5/6/2026 1:35:27 PM,SenaCustomStore,,Etsy,7.88,7.88,51.50,40.25,3.37,51.50,1,
4050081694,5/6/2026 1:41:28 PM,Lumina Custom Design,,Etsy,10.01,10.01,20.01,10.00,0.00,20.01,1,
4050046354,5/6/2026 1:09:20 PM,Etched Elegance Shop,,Etsy,52.06,65.94,280.14,201.60,12.60,280.14,8,
4050053608,5/6/2026 1:16:04 PM,Etched Elegance Shop,,Etsy,11.02,49.20,511.63,430.08,32.35,511.63,1,
4050062028,5/6/2026 1:23:26 PM,Etched Elegance Shop,,Etsy,5.89,7.42,26.94,17.92,1.60,26.94,1,
4055276137,5/6/2026 1:35:56 PM,Woodmark Custom,,Etsy,13.48,13.48,40.54,23.85,3.21,40.54,1,
4050089324,5/6/2026 1:48:19 PM, Velvet Whiskey Design,,Etsy,10.79,15.29,121.79,99.60,6.90,121.79,6,
4050091546,5/6/2026 1:50:19 PM,Woodmark Custom,,Etsy,5.72,7.80,29.29,19.79,1.70,29.29,1,
4055298123,5/6/2026 1:55:47 PM,Devran Custom Design,,Etsy,5.97,5.97,17.13,11.16,0.00,17.13,1,
4050095948,5/6/2026 1:54:13 PM,Woodmark Custom,,Etsy,5.83,7.69,29.30,19.79,1.82,29.30,1,
4050113980,5/6/2026 2:10:43 PM,Custom Gift by FTM,,Etsy,6.83,0.00,42.06,38.94,3.12,42.06,2,
4050156078,5/6/2026 2:49:46 PM,Etched Elegance Shop,,Etsy,6.30,7.46,26.90,17.92,1.52,26.90,1,
4055363207,5/6/2026 2:53:40 PM,Devran Custom Design,,Etsy,5.40,5.40,22.65,15.96,1.29,22.65,1,
4055331747,5/6/2026 2:25:16 PM,Woodmark Custom,,Etsy,15.22,13.48,44.57,28.59,2.50,44.57,1,
4050135498,5/6/2026 2:30:54 PM,Woodmark Custom,,Etsy,5.48,7.42,24.83,15.39,2.02,24.83,1,
4055385697,5/6/2026 3:13:15 PM,YemlihaDesign,,Etsy,9.12,9.85,137.95,128.10,0.00,137.95,6,
4043502182,5/6/2026 3:38:22 PM,Marbella Custom Gifts,,Etsy,7.42,0.00,0.00,0.00,0.00,0.00,0,
4050235194,5/6/2026 4:07:40 PM, Velvet Whiskey Design,,Etsy,6.10,6.10,20.37,12.94,1.33,20.37,1,
4050204714,5/6/2026 3:37:03 PM, Velvet Whiskey Design,,Etsy,6.37,6.37,25.63,17.20,2.06,25.63,1,
4050208146,5/6/2026 3:40:34 PM,Marbella Custom Gifts,,Etsy,14.67,18.01,102.42,80.00,4.41,102.42,1,
4055414275,5/6/2026 3:38:54 PM,Custom Gift by FTM,,Etsy,8.49,0.00,46.79,44.35,2.44,46.79,1,
4050213472,5/6/2026 3:45:58 PM,Etched Elegance Shop,,Etsy,5.83,6.98,26.77,17.92,1.87,26.77,1,
4055413137,5/6/2026 3:37:49 PM,Lumina Custom Design,,Etsy,6.24,6.24,17.45,10.26,0.95,17.45,1,
4050233268,5/6/2026 4:05:37 PM,Woodmark Custom,,Etsy,6.52,7.69,36.79,27.45,1.65,36.79,1,
4055462087,5/6/2026 4:27:35 PM,Etched Elegance Shop,,Etsy,10.30,13.04,70.97,53.76,4.17,70.97,1,
4050268572,5/6/2026 4:45:30 PM,Etched Elegance Shop,,Etsy,12.54,21.62,137.47,107.52,8.33,137.47,1,
4055496203,5/6/2026 5:04:48 PM,Custom Gift by FTM,,Etsy,5.48,0.00,26.19,24.22,1.97,26.19,1,
4050297860,5/6/2026 5:20:06 PM,Marbella Custom Gifts,,Etsy,8.40,10.67,32.27,21.60,0.00,32.27,1,
4055495191,5/6/2026 5:03:39 PM,Devran Custom Design,,Etsy,5.28,5.28,22.52,15.96,1.28,22.52,1,
4055519605,5/6/2026 5:31:42 PM,YemlihaDesign,,Etsy,6.37,6.37,18.87,11.20,1.30,18.87,1,
4055516591,5/6/2026 5:28:10 PM,YemlihaDesign,,Etsy,8.14,8.40,107.52,89.57,9.55,107.52,1,
4050295074,5/6/2026 5:16:49 PM,YemlihaDesign,,Etsy,7.69,8.18,32.18,21.55,2.45,32.18,1,
4055526205,5/6/2026 5:39:38 PM,Marbella Custom Gifts,,Etsy,5.62,5.97,33.08,24.19,2.64,32.80,1,
4055506781,5/6/2026 5:16:59 PM,Lumina Custom Design,,Etsy,8.18,8.18,51.02,39.50,3.34,51.02,1,
4050305590,5/6/2026 5:29:42 PM, Velvet Whiskey Design,,Etsy,9.54,9.54,23.33,12.80,0.99,23.33,1,
4050321478,5/6/2026 5:49:13 PM,Woodmark Custom,,Etsy,5.58,6.94,28.87,19.79,2.14,28.87,1,
4050307364,5/6/2026 5:31:55 PM,Woodmark Custom,,Etsy,5.97,8.13,34.19,24.19,1.87,34.19,1,
4050353270,5/6/2026 6:28:45 PM,Devran Custom Design,,Etsy,7.22,7.38,32.82,24.00,1.44,32.82,1,
4050364690,5/6/2026 6:43:16 PM,SenaCustomStore,,Etsy,7.55,7.55,58.77,46.00,5.22,58.77,1,
4055575587,5/6/2026 6:38:32 PM,Devran Custom Design,,Etsy,7.02,7.38,91.97,79.80,4.79,91.97,5,
4055579461,5/6/2026 6:43:21 PM,Marbella Custom Gifts,,Etsy,7.26,8.18,26.80,16.55,2.07,26.80,1,
4050375980,5/6/2026 6:56:52 PM,Marbella Custom Gifts,,Etsy,7.42,8.06,31.62,21.60,1.96,31.62,1,
4050381384,5/6/2026 7:03:33 PM,Lumina Custom Design,,Etsy,9.37,9.37,25.42,14.69,1.36,25.42,1,
4050379812,5/6/2026 7:01:32 PM, Velvet Whiskey Design,,Etsy,9.58,11.68,88.39,69.60,7.11,88.39,6,
4055587675,5/6/2026 6:52:54 PM,Woodmark Custom,,Etsy,9.06,9.06,70.58,56.90,4.62,70.58,1,
4055648717,5/6/2026 8:04:01 PM,Etched Elegance Shop,,Etsy,6.17,6.80,31.65,23.06,1.79,31.65,1,
4050390132,5/6/2026 7:14:16 PM,Etched Elegance Shop,,Etsy,8.74,9.95,35.70,23.89,1.86,35.70,1,
4050398324,5/6/2026 7:24:24 PM,Etched Elegance Shop,,Etsy,6.17,6.80,31.95,23.06,2.09,31.95,1,
4055607631,5/6/2026 7:16:59 PM,SenaCustomStore,,Etsy,8.56,7.77,80.24,68.36,4.11,80.24,4,
4050437188,5/6/2026 8:10:42 PM,SenaCustomStore,,Etsy,8.56,8.56,58.38,46.00,3.82,58.38,1,
4055636827,5/6/2026 7:50:52 PM,YemlihaDesign,,Etsy,8.34,8.82,119.48,104.40,6.26,119.48,8,
4050463544,5/6/2026 8:43:08 PM,Devran Custom Design,,Etsy,7.38,7.38,71.64,57.60,6.66,71.64,2,
4055678527,5/6/2026 8:35:47 PM,Lumina Custom Design,,Etsy,8.18,8.18,37.41,26.38,2.85,37.41,2,
4055601639,5/6/2026 7:09:55 PM, Velvet Whiskey Design,,Etsy,13.99,14.48,149.10,127.60,7.02,149.10,11,
4050397228,5/6/2026 7:23:04 PM, Velvet Whiskey Design,,Etsy,9.95,10.96,61.00,46.40,3.64,61.00,4,
4055667743,5/6/2026 8:24:21 PM, Velvet Whiskey Design,,Etsy,7.38,7.77,56.46,46.40,2.29,56.46,4,
4050439792,5/6/2026 8:13:44 PM, Velvet Whiskey Design,,Etsy,8.18,8.23,145.34,127.60,9.51,145.34,1,
4050509402,5/6/2026 9:44:28 PM,YemlihaDesign,,Etsy,10.63,11.82,114.42,93.88,8.72,114.42,4,
4050467100,5/6/2026 8:47:16 PM,YemlihaDesign,,Etsy,7.69,8.18,33.75,23.47,2.10,33.75,1,
4055717709,5/6/2026 9:19:31 PM,YemlihaDesign,,Etsy,9.37,9.58,61.39,46.94,4.87,61.39,2,
4050503360,5/6/2026 9:36:00 PM,YemlihaDesign,,Etsy,8.14,8.26,38.83,28.37,2.20,38.83,1,
4050520744,5/6/2026 10:01:27 PM,YemlihaDesign,,Etsy,8.07,9.94,35.16,23.47,1.75,35.16,1,
4055756041,5/6/2026 10:06:23 PM, Velvet Whiskey Design,,Etsy,11.25,13.16,77.03,58.00,5.87,77.03,5,
4050508858,5/6/2026 9:43:44 PM, Velvet Whiskey Design,,Etsy,9.06,9.06,37.52,25.60,2.86,37.52,2,
4050474546,5/6/2026 8:56:42 PM, Velvet Whiskey Design,,Etsy,6.25,6.25,22.74,15.20,1.29,22.74,1,
4050489914,5/6/2026 9:17:24 PM,Woodmark Custom,,Etsy,9.06,0.00,55.00,51.76,3.24,55.00,1,
4050520886,5/6/2026 10:01:42 PM,Woodmark Custom,,Etsy,6.37,7.42,37.34,27.45,2.47,37.34,1,
4050471858,5/6/2026 8:53:14 PM,Woodmark Custom,,Etsy,9.06,9.06,71.57,56.90,5.61,71.57,1,
4050535814,5/6/2026 10:24:49 PM,Etched Elegance Shop,,Etsy,9.58,16.32,131.27,107.52,7.43,131.27,6,
4055797179,5/6/2026 11:14:54 PM,Etched Elegance Shop,,Etsy,6.72,7.80,29.54,19.93,1.81,29.54,1,
4055792883,5/6/2026 11:05:58 PM,Etched Elegance Shop,,Etsy,9.57,31.42,346.67,292.57,22.68,346.67,1,
4055804931,5/6/2026 11:31:07 PM,Lumina Custom Design,,Etsy,7.04,9.22,23.82,13.25,1.35,23.82,1,
4050573896,5/6/2026 11:34:39 PM,Lumina Custom Design,,Etsy,8.13,8.13,22.34,13.19,1.02,22.34,1,
4050572306,5/6/2026 11:31:07 PM,Devran Custom Design,,Etsy,9.56,9.56,26.90,15.81,1.53,26.90,1,
4050588590,5/7/2026 12:08:16 AM,Etched Elegance Shop,,Etsy,17.78,66.76,634.65,517.44,50.45,634.65,1,
4055833701,5/7/2026 12:42:43 AM,YemlihaDesign,,Etsy,15.89,15.89,103.03,78.37,8.77,103.03,1,
4050586536,5/7/2026 12:03:23 AM, Velvet Whiskey Design,,Etsy,9.54,10.01,31.52,19.80,1.71,31.52,1,
4050576620,5/6/2026 11:40:39 PM,Woodmark Custom,,Etsy,6.37,7.42,37.24,27.45,2.37,37.24,1,
4050602152,5/7/2026 12:43:16 AM,Woodmark Custom,,Etsy,5.97,8.13,29.45,19.79,1.53,29.45,1,
4050619336,5/7/2026 1:32:20 AM,Woodmark Custom,,Etsy,5.97,8.13,33.77,24.19,1.45,33.77,1,
4055895207,5/7/2026 3:57:00 AM,Woodmark Custom,,Etsy,7.77,7.77,69.20,56.90,4.53,69.20,1,
4050667694,5/7/2026 4:04:32 AM,Etched Elegance Shop,,Etsy,6.00,6.65,29.75,20.90,2.20,29.75,1,
4055950761,5/7/2026 6:58:03 AM,Woodmark Custom,,Etsy,5.48,7.42,38.40,28.59,2.39,38.40,1,
4050768850,5/7/2026 8:01:25 AM,Woodmark Custom,,Etsy,6.17,8.60,34.80,23.85,2.35,34.80,1,
4050732956,5/7/2026 7:13:01 AM,Woodmark Custom,,Etsy,5.48,7.42,29.01,19.79,1.80,29.01,1,
4050731002,5/7/2026 7:10:04 AM,Devran Custom Design,,Etsy,5.40,6.25,18.61,11.10,1.26,18.61,1,
4050780820,5/7/2026 8:16:24 AM,Woodmark Custom,,Etsy,5.48,7.42,33.12,24.19,1.51,33.12,1,
4050817100,5/7/2026 8:55:45 AM, Velvet Whiskey Design,,Etsy,7.02,7.02,24.71,16.80,0.89,24.71,1,
4050784414,5/7/2026 8:20:24 AM, Velvet Whiskey Design,,Etsy,5.48,5.48,17.71,10.92,1.31,17.71,1,
4050835144,5/7/2026 9:14:22 AM,Devran Custom Design,,Etsy,9.56,9.56,143.88,126.72,7.60,143.88,6,
4056029197,5/7/2026 8:46:22 AM,Devran Custom Design,,Etsy,9.47,9.47,87.07,71.90,5.70,87.07,5,
4050749672,5/7/2026 7:36:24 AM,SenaCustomStore,,Etsy,10.30,10.30,60.87,46.00,4.57,60.87,1,
4050873650,5/7/2026 9:53:09 AM,SenaCustomStore,,Etsy,8.56,8.56,60.29,46.00,5.73,60.29,1,
4056063733,5/7/2026 9:26:42 AM,SenaCustomStore,,Etsy,7.88,7.88,57.65,46.00,3.77,57.65,1,
4050759996,5/7/2026 7:50:03 AM,Lumina Custom Design,,Etsy,5.83,5.83,17.22,10.26,1.13,17.22,1,
4050767214,5/7/2026 7:59:19 AM,YemlihaDesign,,Etsy,7.02,7.04,35.46,26.10,2.32,35.46,1,
4050866708,5/7/2026 9:45:41 AM,Lumina Custom Design,,Etsy,7.42,8.06,30.29,20.51,1.72,30.29,1,
4056085669,5/7/2026 9:49:26 AM,YemlihaDesign,,Etsy,7.22,7.38,50.40,39.72,3.30,50.40,2,
4055972163,5/7/2026 7:30:50 AM,Lumina Custom Design,,Etsy,6.24,6.24,17.23,10.26,0.73,17.23,1,
4056083493,5/7/2026 9:47:15 AM,YemlihaDesign,,Etsy,6.98,7.38,38.25,28.37,2.50,38.25,1,
4050889620,5/7/2026 10:10:21 AM,Lumina Custom Design,,Etsy,9.58,9.58,73.40,59.26,4.56,73.40,1,
4056128365,5/7/2026 10:29:12 AM,SenaCustomStore,,Etsy,19.21,51.36,346.92,276.00,19.56,346.92,1,
4050894644,5/7/2026 10:15:45 AM,Etched Elegance Shop,,Etsy,13.25,33.16,309.25,250.88,25.21,309.25,1,
4056173977,5/7/2026 11:13:06 AM,Etched Elegance Shop,,Etsy,8.40,12.87,32.59,19.72,0.00,32.59,1,
4056169179,5/7/2026 11:08:29 AM,Woodmark Custom,,Etsy,12.54,12.20,102.96,82.35,8.41,102.96,3,
4056174475,5/7/2026 11:13:35 AM,Woodmark Custom,,Etsy,5.48,7.42,28.91,19.79,1.70,28.91,1,
4050981582,5/7/2026 11:48:11 AM,Etched Elegance Shop,,Etsy,5.83,6.98,25.98,17.92,1.08,25.98,1,
4056180007,5/7/2026 11:18:57 AM,YemlihaDesign,,Etsy,6.52,7.42,28.92,19.86,1.64,28.92,1,
4056202111,5/7/2026 11:40:32 AM,Etched Elegance Shop,,Etsy,5.73,6.65,33.11,23.52,2.94,33.11,1,
4056175149,5/7/2026 11:14:16 AM,Devran Custom Design,,Etsy,7.90,8.06,32.71,23.04,1.61,32.71,1,
4050955830,5/7/2026 11:20:43 AM,Lumina Custom Design,,Etsy,6.74,9.63,31.55,19.75,2.17,31.55,1,
4050976010,5/7/2026 11:42:09 AM,Woodmark Custom,,Etsy,7.90,8.18,45.74,34.97,2.59,45.74,1,
4056240955,5/7/2026 12:17:42 PM,Etched Elegance Shop,,Etsy,6.37,8.18,30.82,20.90,1.74,30.82,1,
4056249625,5/7/2026 12:25:46 PM,Devran Custom Design,,Etsy,6.69,6.80,106.27,92.29,7.18,106.27,1,
4051028288,5/7/2026 12:36:14 PM,YemlihaDesign,,Etsy,6.98,7.38,32.70,23.47,1.85,32.70,1,
4056262931,5/7/2026 12:38:08 PM,YemlihaDesign,,Etsy,6.37,6.37,36.27,27.43,2.47,36.27,1,
4056263829,5/7/2026 12:38:57 PM,Etched Elegance Shop,,Etsy,5.89,7.42,26.59,17.92,1.25,26.59,1,
4056272119,5/7/2026 12:46:29 PM,Etched Elegance Shop,,Etsy,10.80,28.64,245.85,197.12,20.09,245.85,1,
4056291429,5/7/2026 1:03:52 PM, Velvet Whiskey Design,,Etsy,10.63,12.22,144.51,124.80,7.49,144.51,8,
4051051780,5/7/2026 12:59:48 PM,Custom Gift by FTM,,Etsy,11.32,0.00,126.46,116.82,9.64,126.46,6,
4056297359,5/7/2026 1:09:18 PM,Custom Gift by FTM,,Etsy,8.49,0.00,47.62,44.35,3.27,47.62,1,
4056368435,5/7/2026 2:14:12 PM,Devran Custom Design,,Etsy,9.21,13.59,133.95,111.60,8.76,133.95,1,
4056326175,5/7/2026 1:35:54 PM,YemlihaDesign,,Etsy,6.36,6.24,18.18,10.93,1.01,18.18,1,
4056346569,5/7/2026 1:54:14 PM,Etched Elegance Shop,,Etsy,6.65,6.88,30.26,21.67,1.71,30.26,1,
4051105500,5/7/2026 1:56:29 PM,Etched Elegance Shop,,Etsy,6.00,6.65,35.43,26.46,2.32,35.43,1,
4051117710,5/7/2026 2:09:27 PM,Lumina Custom Design,,Etsy,5.97,5.97,17.84,10.26,1.33,17.56,1,
4051126704,5/7/2026 2:18:43 PM,Lumina Custom Design,,Etsy,10.43,10.80,23.11,11.48,0.83,23.11,1,
4051125684,5/7/2026 2:17:44 PM,Woodmark Custom,,Etsy,9.06,9.06,71.48,56.90,5.52,71.48,1,
4051103228,5/7/2026 1:54:09 PM,Woodmark Custom,,Etsy,26.83,36.57,114.60,71.55,6.48,114.60,3,
4051085914,5/7/2026 1:36:02 PM,Woodmark Custom,,Etsy,9.58,9.58,54.46,40.44,4.44,54.46,1,
4056419293,5/7/2026 2:59:59 PM,Etched Elegance Shop,,Etsy,6.40,7.18,65.82,53.76,4.88,65.82,3,
4051185322,5/7/2026 3:20:06 PM,Etched Elegance Shop,,Etsy,5.83,6.98,26.71,17.92,1.81,26.71,1,
4056383807,5/7/2026 2:28:04 PM,YemlihaDesign,,Etsy,7.89,8.08,84.12,70.41,5.63,84.12,3,
4056385247,5/7/2026 2:29:18 PM,YemlihaDesign,,Etsy,7.99,7.04,35.79,26.10,2.65,35.79,2,
4051150942,5/7/2026 2:43:36 PM, Velvet Whiskey Design,,Etsy,7.94,8.15,78.30,64.52,5.63,78.30,1,
4051163570,5/7/2026 2:56:54 PM, Velvet Whiskey Design,,Etsy,12.06,12.06,35.83,21.74,2.03,35.83,2,
4056395243,5/7/2026 2:38:09 PM,Woodmark Custom,,Etsy,6.37,7.42,31.27,23.85,0.00,31.27,1,
4051195318,5/7/2026 3:30:51 PM, Velvet Whiskey Design,,Etsy,11.03,11.68,86.15,69.60,4.87,86.15,6,
4056498407,5/7/2026 4:16:43 PM,Marbella Custom Gifts,,Etsy,8.71,9.58,79.31,64.80,4.93,79.31,1,
4056515795,5/7/2026 4:35:01 PM,Etched Elegance Shop,,Etsy,8.13,10.80,32.47,21.67,0.00,32.47,1,
4051247462,5/7/2026 4:31:00 PM,Lumina Custom Design,,Etsy,6.37,8.06,29.04,19.75,1.23,29.04,1,
4056520693,5/7/2026 4:40:56 PM,YemlihaDesign,,Etsy,13.42,20.50,340.26,212.50,22.26,255.26,12,
4056519637,5/7/2026 4:39:34 PM,Woodmark Custom,,Etsy,5.40,6.98,23.82,15.39,1.45,23.82,1,
4051258898,5/7/2026 4:45:43 PM, Velvet Whiskey Design,,Etsy,10.50,13.94,74.98,203.00,3.04,219.98,2,
4056546355,5/7/2026 5:10:08 PM,YemlihaDesign,,Etsy,5.73,5.83,26.33,18.00,2.50,26.33,1,
4056530951,5/7/2026 4:52:21 PM,Woodmark Custom,,Etsy,6.95,8.13,32.49,22.50,1.86,32.49,1,
4056545117,5/7/2026 5:08:41 PM, Velvet Whiskey Design,,Etsy,37.47,64.28,122.28,58.00,0.00,122.28,5,
4056534189,5/7/2026 4:55:57 PM, Velvet Whiskey Design,,Etsy,11.16,12.22,123.15,104.40,6.53,123.15,9,
4051284744,5/7/2026 5:19:28 PM, Velvet Whiskey Design,,Etsy,7.42,7.42,20.07,11.60,1.05,20.07,1,
4051285462,5/7/2026 5:20:31 PM,Woodmark Custom,,Etsy,9.06,9.06,37.10,26.45,1.59,37.10,1,
4056591813,5/7/2026 6:04:20 PM,Etched Elegance Shop,,Etsy,7.26,8.18,47.71,35.84,3.69,47.71,2,
4056573983,5/7/2026 5:42:57 PM,Woodmark Custom,,Etsy,7.02,7.38,46.80,34.97,4.45,46.80,1,
4054927295,5/6/2026 7:41:41 AM,SenaCustomStore,,Etsy,22.55,0.00,811.60,605.85,0.00,605.85,1,
4054927295,5/6/2026 7:41:41 AM,SenaCustomStore,,Etsy,21.27,0.00,811.60,577.00,0.00,577.00,1,
4054927295,5/6/2026 7:41:41 AM,SenaCustomStore,,Etsy,21.27,0.00,811.60,577.00,0.00,577.00,1,
4054927295,5/6/2026 7:41:41 AM,SenaCustomStore,,Etsy,21.27,0.00,811.60,577.00,0.00,577.00,1,
4056606963,5/7/2026 6:22:56 PM,Marbella Custom Gifts,,Etsy,7.90,8.06,31.44,21.60,1.78,31.44,1,
4056594735,5/7/2026 6:07:59 PM,Lumina Custom Design,,Etsy,9.56,50.07,340.12,-26.74,22.25,45.58,2,
4056601703,5/7/2026 6:16:33 PM,Etched Elegance Shop,,Etsy,6.37,7.42,29.16,19.93,1.81,29.16,1,
4056618503,5/7/2026 6:37:13 PM,Etched Elegance Shop,,Etsy,5.83,6.98,26.64,17.92,1.74,26.64,1,
4051356758,5/7/2026 7:00:53 PM,Lumina Custom Design,,Etsy,7.42,8.06,30.46,20.51,1.89,30.46,1,
4051349688,5/7/2026 6:51:09 PM, Velvet Whiskey Design,,Etsy,6.80,6.80,24.73,16.60,1.33,24.73,1,
4056643457,5/7/2026 7:09:00 PM,Woodmark Custom,,Etsy,7.77,7.77,68.55,56.90,3.88,68.55,1,
4056676779,5/7/2026 7:50:23 PM,Devran Custom Design,,Etsy,5.48,5.48,17.74,11.16,1.10,17.74,1,
4051374700,5/7/2026 7:24:27 PM,Devran Custom Design,,Etsy,6.33,6.33,22.42,14.90,1.19,22.42,1,
4051412990,5/7/2026 8:13:58 PM, Velvet Whiskey Design,,Etsy,9.04,9.47,84.60,69.60,5.53,84.60,6,
4051426350,5/7/2026 8:31:35 PM,Devran Custom Design,,Etsy,6.24,6.24,28.56,22.32,0.00,28.56,2,
4051444822,5/7/2026 8:55:41 PM,SenaCustomStore,,Etsy,14.31,14.31,63.88,46.00,3.57,63.88,1,
4056733403,5/7/2026 8:56:40 PM, Velvet Whiskey Design,,Etsy,7.46,7.46,19.76,11.60,0.70,19.76,1,
4056729269,5/7/2026 8:51:58 PM,Woodmark Custom,,Etsy,5.40,6.98,23.94,15.39,1.57,23.94,1,
4051451422,5/7/2026 9:04:27 PM,YemlihaDesign,,Etsy,8.13,10.80,34.27,23.47,0.00,34.27,1,
4051459252,5/7/2026 9:14:40 PM,YemlihaDesign,,Etsy,6.52,6.77,32.66,23.47,2.42,32.66,1,
4051480082,5/7/2026 9:42:37 PM,Marbella Custom Gifts,,Etsy,15.22,15.22,31.54,15.39,0.93,31.54,1,
4051490756,5/7/2026 9:58:27 PM,Lumina Custom Design,,Etsy,6.72,9.42,30.78,19.76,1.60,30.78,2,
4051480876,5/7/2026 9:43:41 PM, Velvet Whiskey Design,,Etsy,8.01,9.47,85.40,69.60,6.33,85.40,2,
4051524348,5/7/2026 10:55:32 PM,YemlihaDesign,,Etsy,6.95,6.95,19.13,11.20,0.98,19.13,1,
4051529078,5/7/2026 11:04:37 PM,Woodmark Custom,,Etsy,5.28,6.65,23.58,15.39,1.54,23.58,1,
4051531730,5/7/2026 11:09:55 PM,Woodmark Custom,,Etsy,9.56,14.75,93.35,72.29,6.31,93.35,2,
4056836141,5/7/2026 11:36:52 PM,Devran Custom Design,,Etsy,9.54,10.80,108.22,88.56,8.86,108.22,1,
4056828537,5/7/2026 11:20:30 PM,Lumina Custom Design,,Etsy,6.07,6.07,21.35,14.06,1.22,21.35,1,
4056820871,5/7/2026 11:04:52 PM,Lumina Custom Design,,Etsy,6.24,6.24,17.24,10.26,0.74,17.24,1,
4056842229,5/7/2026 11:51:37 PM, Velvet Whiskey Design,,Etsy,6.70,6.88,31.94,23.20,1.86,31.94,2,
4056846489,5/8/2026 12:02:29 AM,Devran Custom Design,,Etsy,18.48,18.48,36.94,18.46,0.00,36.94,1,
4056594735,5/7/2026 6:07:59 PM,Lumina Custom Design,,Etsy,9.98,0.00,340.12,294.54,0.00,294.54,2,
4056520693,5/8/2026 2:33:56 AM,YemlihaDesign,,Etsy,7.22,0.00,0.00,85.00,0.00,85.00,2,
4056971077,5/8/2026 6:10:09 AM,Custom Gift by FTM,,Etsy,7.22,0.00,41.28,38.94,2.34,41.28,2,
4051684616,5/8/2026 6:17:26 AM,Devran Custom Design,,Etsy,6.17,6.17,23.12,14.90,2.05,23.12,1,
4051665970,5/8/2026 5:34:57 AM,Etched Elegance Shop,,Etsy,7.51,8.08,47.43,35.84,3.51,47.43,2,
4056973863,5/8/2026 6:16:06 AM,Woodmark Custom,,Etsy,6.00,6.44,32.41,23.85,2.12,32.41,1,
4051684926,5/8/2026 6:18:03 AM,Woodmark Custom,,Etsy,0.00,0.00,10.60,10.00,0.60,10.60,1,
4056994545,5/8/2026 6:56:39 AM,Devran Custom Design,,Etsy,6.33,6.33,23.14,14.90,1.91,23.14,1,
4043717076,5/8/2026 7:33:01 AM, Velvet Whiskey Design,,Etsy,5.89,9.06,35.35,32.00,1.97,43.03,1,
4057044893,5/8/2026 8:15:12 AM,Custom Gift by FTM,,Etsy,6.66,0.00,20.64,19.47,1.17,20.64,1,
4057036077,5/8/2026 8:02:47 AM,Devran Custom Design,,Etsy,5.48,5.48,21.46,14.76,1.22,21.46,1,
4056998967,5/8/2026 7:04:20 AM,Woodmark Custom,,Etsy,5.97,8.13,29.65,19.79,1.73,29.65,1,
4051711574,5/8/2026 7:08:26 AM,Woodmark Custom,,Etsy,6.25,6.98,32.26,23.85,1.43,32.26,1,
4051716044,5/8/2026 7:15:39 AM,Woodmark Custom,,Etsy,6.39,7.46,38.49,27.45,3.58,38.49,1,
4051830356,5/8/2026 9:34:55 AM,Marbella Custom Gifts,,Etsy,6.66,7.04,30.87,21.60,2.23,30.87,1,
4051850152,5/8/2026 9:55:33 AM,Woodmark Custom,,Etsy,10.96,10.96,73.46,56.90,5.60,73.46,1,
4051866798,5/8/2026 10:12:26 AM,Etched Elegance Shop,,Etsy,6.88,8.82,70.60,57.78,4.00,70.60,2,
4057211651,5/8/2026 11:24:56 AM,Etched Elegance Shop,,Etsy,6.25,7.38,30.40,20.90,2.12,30.40,1,
4057155925,5/8/2026 10:24:40 AM,Etched Elegance Shop,,Etsy,6.37,8.18,30.82,20.90,1.74,30.82,1,
4051885440,5/8/2026 10:30:48 AM,Custom Gift by FTM,,Etsy,8.49,0.00,24.58,22.60,1.98,24.58,1,
4051911380,5/8/2026 10:56:20 AM,Devran Custom Design,,Etsy,8.60,8.60,21.69,11.16,1.93,21.69,1,
4051861800,5/8/2026 10:07:30 AM,Woodmark Custom,,Etsy,14.67,14.67,71.57,56.90,0.00,71.57,1,
4051934438,5/8/2026 11:19:15 AM,Woodmark Custom,,Etsy,6.37,7.42,32.54,22.50,2.62,32.54,1,
4051950156,5/8/2026 11:34:59 AM,Lumina Custom Design,,Etsy,5.83,5.83,20.88,13.68,1.37,20.88,1,
4051888550,5/8/2026 10:33:55 AM,Woodmark Custom,,Etsy,5.28,6.65,28.29,19.79,1.85,28.29,1,
4057200195,5/8/2026 11:12:39 AM,Woodmark Custom,,Etsy,5.97,6.98,28.51,19.79,1.74,28.51,1,
4051901216,5/8/2026 10:46:20 AM,YemlihaDesign,,Etsy,11.55,13.65,162.92,140.82,8.45,162.92,6,
4051963448,5/8/2026 11:49:11 AM,Devran Custom Design,,Etsy,8.13,8.13,23.90,14.42,1.35,23.90,1,
4057241287,5/8/2026 11:54:50 AM,YemlihaDesign,,Etsy,7.42,12.06,43.87,28.37,3.44,43.87,1,
4057248025,5/8/2026 12:01:47 PM, Velvet Whiskey Design,,Etsy,7.38,7.38,31.37,22.08,1.91,31.37,1,
4051999880,5/8/2026 12:26:01 PM,Devran Custom Design,,Etsy,6.24,6.24,24.70,18.46,0.00,24.70,1,
4057290793,5/8/2026 12:47:52 PM, Velvet Whiskey Design,,Etsy,7.38,7.77,57.96,46.40,3.79,57.96,1,
4057327205,5/8/2026 1:29:04 PM,Etched Elegance Shop,,Etsy,7.50,13.62,110.45,89.60,7.23,110.45,1,
4057311931,5/8/2026 1:11:41 PM,YemlihaDesign,,Etsy,10.63,11.82,114.48,93.88,8.78,114.48,4,
4052062876,5/8/2026 1:28:35 PM,YemlihaDesign,,Etsy,8.40,8.80,134.96,117.33,8.83,134.96,1,
4052054516,5/8/2026 1:20:40 PM,Woodmark Custom,,Etsy,9.06,9.06,70.33,56.90,4.37,70.33,1,
4052044776,5/8/2026 1:11:16 PM, Velvet Whiskey Design,,Etsy,9.58,12.22,111.98,92.80,6.96,111.98,8,
4052091530,5/8/2026 1:56:02 PM,YemlihaDesign,,Etsy,6.74,6.74,19.68,11.20,1.46,19.40,1,
4057362867,5/8/2026 2:09:50 PM,YemlihaDesign,,Etsy,7.42,8.18,39.57,28.37,3.02,39.57,1,
4052071728,5/8/2026 1:37:27 PM,SenaCustomStore,,Etsy,8.56,8.56,58.38,46.00,3.82,58.38,1,
4057355979,5/8/2026 2:02:03 PM,Lumina Custom Design,,Etsy,8.06,8.06,29.85,20.51,1.28,29.85,1,
4057337059,5/8/2026 1:40:09 PM,Lumina Custom Design,,Etsy,8.06,8.06,20.01,11.25,0.70,20.01,1,
4057409555,5/8/2026 2:55:30 PM,Devran Custom Design,,Etsy,6.07,6.07,31.56,23.50,1.99,31.56,1,
4057368285,5/8/2026 2:15:32 PM,SenaCustomStore,,Etsy,7.88,7.88,57.56,46.00,3.68,57.56,1,
4052124218,5/8/2026 2:29:44 PM,Etched Elegance Shop,,Etsy,11.32,22.31,183.81,152.36,9.14,183.81,2,
4052139026,5/8/2026 2:46:56 PM,Woodmark Custom,,Etsy,7.77,7.77,68.87,56.90,4.20,68.87,1,
4052149146,5/8/2026 2:58:39 PM,Marbella Custom Gifts,,Etsy,6.66,7.04,30.50,21.60,1.86,30.50,1,
4052156154,5/8/2026 3:06:51 PM,Devran Custom Design,,Etsy,7.90,9.58,130.87,111.60,9.69,130.87,9,
4052156726,5/8/2026 3:07:37 PM,Woodmark Custom,,Etsy,5.48,7.42,33.70,24.19,2.09,33.70,1,
4052178362,5/8/2026 3:33:21 PM,Devran Custom Design,,Etsy,6.48,6.65,58.89,48.00,4.24,58.89,3,
4052187270,5/8/2026 3:43:50 PM,Devran Custom Design,,Etsy,5.40,5.40,17.55,11.16,0.99,17.55,1,
4057461881,5/8/2026 3:47:55 PM,Woodmark Custom,,Etsy,6.37,7.42,32.76,23.85,1.49,32.76,1,
4052202008,5/8/2026 4:00:11 PM,Woodmark Custom,,Etsy,9.95,8.18,60.49,47.70,4.61,60.49,2,
4052189702,5/8/2026 3:46:34 PM,SenaCustomStore,,Etsy,14.31,14.31,63.65,46.00,3.34,63.65,1,
4052203178,5/8/2026 4:01:30 PM,Devran Custom Design,,Etsy,5.40,5.40,22.96,15.96,1.60,22.96,1,
4057516017,5/8/2026 4:53:28 PM,Devran Custom Design,,Etsy,7.02,7.04,31.46,23.04,1.38,31.46,1,
4052223600,5/8/2026 4:25:17 PM,YemlihaDesign,,Etsy,6.98,7.38,37.90,28.37,2.15,37.90,1,
4057459825,5/8/2026 3:45:27 PM, Velvet Whiskey Design,,Etsy,6.98,6.98,19.28,11.60,0.70,19.28,1,
4057460427,5/8/2026 3:46:14 PM, Velvet Whiskey Design,,Etsy,8.82,6.98,19.28,214.60,0.70,222.28,8,
4057515499,5/8/2026 4:52:50 PM,Woodmark Custom,,Etsy,6.36,8.40,34.43,24.19,1.84,34.43,1,
4052261520,5/8/2026 5:12:45 PM,Etched Elegance Shop,,Etsy,12.84,46.36,389.08,322.56,20.16,389.08,2,
4052266082,5/8/2026 5:19:07 PM,SenaCustomStore,,Etsy,5.40,5.83,20.72,13.44,1.45,20.72,1,
4052269540,5/8/2026 5:23:45 PM,SenaCustomStore,,Etsy,12.43,12.43,62.14,46.00,3.71,62.14,1,
4052258326,5/8/2026 5:08:31 PM,YemlihaDesign,,Etsy,6.80,7.56,50.59,39.72,3.31,50.59,2,
4057545631,5/8/2026 5:32:32 PM,YemlihaDesign,,Etsy,7.42,8.18,33.75,23.47,2.10,33.75,1,
4052255720,5/8/2026 5:05:04 PM,Woodmark Custom,,Etsy,6.95,8.13,34.31,23.85,2.33,34.31,1,
4057537021,5/8/2026 5:20:52 PM,Woodmark Custom,,Etsy,5.97,8.13,29.90,19.79,1.98,29.90,1,
4057580057,5/8/2026 6:20:58 PM,SenaCustomStore,,Etsy,22.96,30.24,122.24,92.00,0.00,122.24,2,
4057602871,5/8/2026 6:55:00 PM,Devran Custom Design,,Etsy,7.02,7.04,31.88,56.04,1.80,64.88,2,
4057577707,5/8/2026 6:17:39 PM,YemlihaDesign,,Etsy,15.61,16.19,75.72,56.00,3.53,75.72,5,
4052290324,5/8/2026 5:52:46 PM,YemlihaDesign,,Etsy,7.46,8.51,34.22,23.47,2.24,34.22,1,
4052320686,5/8/2026 6:34:51 PM,YemlihaDesign,,Etsy,6.17,6.17,32.09,23.82,2.10,32.09,1,
4057606769,5/8/2026 7:00:38 PM,Woodmark Custom,,Etsy,5.28,6.65,32.12,24.19,1.28,32.12,1,
4052358100,5/8/2026 7:27:56 PM,YemlihaDesign,,Etsy,7.42,8.18,34.42,23.47,2.77,34.42,1,
4052436282,5/8/2026 9:23:18 PM,Devran Custom Design,,Etsy,5.40,6.25,19.13,11.10,1.78,19.13,1,
4057693439,5/8/2026 9:06:25 PM,SenaCustomStore,,Etsy,12.13,12.13,63.73,46.00,5.32,63.45,1,
4052379192,5/8/2026 7:58:56 PM,Woodmark Custom,,Etsy,6.25,6.98,32.99,23.85,2.16,32.99,1,
4057655931,5/8/2026 8:12:00 PM,SenaCustomStore,,Etsy,10.30,10.30,59.88,46.00,3.58,59.88,1,
4052416804,5/8/2026 8:53:32 PM,Lumina Custom Design,,Etsy,5.83,5.83,16.31,9.88,0.60,16.31,1,
4052401792,5/8/2026 8:30:51 PM,Etched Elegance Shop,,Etsy,14.22,10.80,31.70,216.90,0.00,227.70,2,
4057673385,5/8/2026 8:37:06 PM,Etched Elegance Shop,,Etsy,6.37,8.18,31.12,20.90,2.04,31.12,1,
4052461344,5/8/2026 10:02:53 PM,Devran Custom Design,,Etsy,7.90,8.13,24.31,14.38,1.80,24.31,1,
4057753427,5/8/2026 10:48:21 PM,Woodmark Custom,,Etsy,6.39,7.46,33.50,23.85,2.19,33.50,1,
4057758479,5/8/2026 10:58:31 PM,SenaCustomStore,,Etsy,9.98,23.64,172.68,138.00,11.04,172.68,3,
4052469232,5/8/2026 10:16:55 PM, Velvet Whiskey Design,,Etsy,6.25,6.25,21.45,15.20,0.00,21.45,1,
4052458226,5/8/2026 9:57:27 PM,YemlihaDesign,,Etsy,6.25,6.25,32.93,23.82,2.86,32.93,1,
4052476652,5/8/2026 10:30:38 PM,Marbella Custom Gifts,,Etsy,7.96,9.52,28.51,16.55,2.16,28.23,1,
4057745955,5/8/2026 10:33:36 PM,Etched Elegance Shop,,Etsy,12.54,21.62,139.62,107.52,10.48,139.62,1,
4057754859,5/8/2026 10:51:14 PM,Etched Elegance Shop,,Etsy,6.37,8.18,31.01,20.90,1.93,31.01,1,
4057783157,5/8/2026 11:56:57 PM,SenaCustomStore,,Etsy,14.31,14.31,64.11,46.00,3.80,64.11,1,
4052505144,5/8/2026 11:31:57 PM,Etched Elegance Shop,,Etsy,10.67,12.87,43.50,28.89,1.74,43.50,1,
4052499846,5/8/2026 11:19:03 PM, Velvet Whiskey Design,,Etsy,12.20,14.92,56.55,38.28,3.35,56.55,2,
4057862797,5/9/2026 4:19:31 AM,YemlihaDesign,,Etsy,6.98,7.38,32.86,23.47,2.01,32.86,1,
4052613162,5/9/2026 5:14:49 AM, Velvet Whiskey Design,,Etsy,8.80,13.03,94.05,108.19,5.32,126.54,4,
4052617616,5/9/2026 5:27:32 AM,Woodmark Custom,,Etsy,6.37,7.42,31.27,23.85,0.00,31.27,1,
4040213469,5/9/2026 5:51:31 AM, Velvet Whiskey Design,,Etsy,10.13,11.31,92.08,199.92,4.80,216.03,8,
4052656196,5/9/2026 7:00:38 AM,Marbella Custom Gifts,,Etsy,7.90,8.18,26.22,16.55,1.49,26.22,1,
4052660854,5/9/2026 7:09:14 AM,Woodmark Custom,,Etsy,6.25,6.98,36.84,27.45,2.41,36.84,1,
4057922575,5/9/2026 7:08:09 AM,Woodmark Custom,,Etsy,9.58,9.58,53.33,40.44,3.31,53.33,1,
4052682400,5/9/2026 7:46:01 AM,SenaCustomStore,,Etsy,13.25,19.88,99.89,72.61,7.40,99.89,2,
4052731768,5/9/2026 8:55:19 AM, Velvet Whiskey Design,,Etsy,6.37,6.37,20.90,12.94,1.59,20.90,1,
4052718042,5/9/2026 8:37:19 AM,Woodmark Custom,,Etsy,5.24,6.52,32.55,24.19,1.84,32.55,1,
4057999589,5/9/2026 9:06:52 AM,Etched Elegance Shop,,Etsy,9.14,9.14,75.65,59.79,6.72,75.65,3,
4058042073,5/9/2026 9:56:31 AM,Etched Elegance Shop,,Etsy,6.25,7.38,30.26,20.90,1.98,30.26,1,
4058001579,5/9/2026 9:09:11 AM,Lumina Custom Design,,Etsy,7.38,7.38,50.51,39.50,3.63,50.51,1,
4058011233,5/9/2026 9:20:33 AM,Lumina Custom Design,,Etsy,6.98,7.04,29.21,20.51,1.66,29.21,1,
4052810196,5/9/2026 10:23:59 AM, Velvet Whiskey Design,,Etsy,11.16,12.22,136.71,116.00,8.49,136.71,8,
4058067109,5/9/2026 10:24:38 AM, Velvet Whiskey Design,,Etsy,8.74,9.95,35.47,23.20,2.32,35.47,2,
4052752602,5/9/2026 9:20:33 AM,SenaCustomStore,,Etsy,5.48,5.89,20.88,13.44,1.55,20.88,1,
4052756412,5/9/2026 9:24:55 AM,SenaCustomStore,,Etsy,8.56,8.56,59.06,46.00,4.50,59.06,1,
4052740522,5/9/2026 9:06:03 AM,Woodmark Custom,,Etsy,7.77,7.77,68.08,56.90,3.41,68.08,1,
4052875332,5/9/2026 11:34:57 AM,Etched Elegance Shop,,Etsy,9.04,13.04,58.92,41.80,4.08,58.92,2,
4058086125,5/9/2026 10:45:34 AM,YemlihaDesign,,Etsy,9.12,9.85,136.10,117.35,8.90,136.10,5,
4058117343,5/9/2026 11:15:52 AM,Marbella Custom Gifts,,Etsy,10.43,10.80,58.21,43.20,4.21,58.21,2,
4052840302,5/9/2026 10:56:12 AM,Woodmark Custom,,Etsy,5.48,7.42,29.62,19.79,2.41,29.62,1,
4052903616,5/9/2026 12:04:42 PM,Etched Elegance Shop,,Etsy,7.78,14.35,149.92,125.44,10.13,149.92,7,
4052908058,5/9/2026 12:09:23 PM,Etched Elegance Shop,,Etsy,6.37,7.42,35.26,24.97,2.87,35.26,1,
4058185177,5/9/2026 12:24:38 PM,Etched Elegance Shop,,Etsy,6.37,8.18,31.41,20.90,2.33,31.41,1,
4058171531,5/9/2026 12:10:29 PM, Velvet Whiskey Design,,Etsy,6.98,6.98,20.07,11.60,1.49,20.07,1,
4052913314,5/9/2026 12:14:52 PM,Woodmark Custom,,Etsy,5.48,7.42,29.49,19.79,2.28,29.49,1,
4058197351,5/9/2026 12:37:20 PM,Devran Custom Design,,Etsy,5.72,5.72,23.79,15.96,2.11,23.79,1,
4052950788,5/9/2026 12:53:18 PM, Velvet Whiskey Design,,Etsy,9.58,12.22,99.61,81.20,6.19,99.61,7,
4058201931,5/9/2026 12:42:06 PM, Velvet Whiskey Design,,Etsy,11.82,12.22,123.50,104.40,6.88,123.50,3,
4058209379,5/9/2026 12:49:49 PM,Woodmark Custom,,Etsy,5.48,7.42,29.39,19.79,2.18,29.39,1,
4058201299,5/9/2026 12:41:29 PM,YemlihaDesign,,Etsy,6.52,6.77,32.66,23.47,2.42,32.66,1,
4052974356,5/9/2026 1:17:48 PM,Marbella Custom Gifts,,Etsy,5.83,5.83,31.51,24.22,1.46,31.51,1,
4052999884,5/9/2026 1:42:56 PM,SenaCustomStore,,Etsy,10.30,10.30,61.16,46.00,4.86,61.16,1,
4053005280,5/9/2026 1:48:18 PM,Custom Gift by FTM,,Etsy,7.02,0.00,24.35,22.60,1.75,24.35,1,
4052995852,5/9/2026 1:38:59 PM, Velvet Whiskey Design,,Etsy,31.96,67.24,136.84,69.60,0.00,136.84,6,
4058293501,5/9/2026 2:18:48 PM,SenaCustomStore,,Etsy,14.31,14.31,64.80,46.00,4.49,64.80,1,
4058287669,5/9/2026 2:12:30 PM, Velvet Whiskey Design,,Etsy,8.13,8.13,24.22,15.14,0.95,24.22,1,
4058300573,5/9/2026 2:26:11 PM,SenaCustomStore,,Etsy,10.30,10.30,61.23,46.00,4.93,61.23,1,
4058340925,5/9/2026 3:08:01 PM,Etched Elegance Shop,,Etsy,9.14,10.14,102.18,83.60,8.44,102.18,2,
4053085198,5/9/2026 3:06:06 PM,YemlihaDesign,,Etsy,6.10,6.10,32.69,23.82,2.77,32.69,1,
4053068128,5/9/2026 2:49:31 PM,YemlihaDesign,,Etsy,7.69,9.95,35.26,23.47,1.84,35.26,1,
4053095720,5/9/2026 3:16:56 PM,Woodmark Custom,,Etsy,5.48,7.42,33.35,24.19,1.74,33.35,1,
4053105136,5/9/2026 3:26:22 PM,Custom Gift by FTM,,Etsy,7.39,0.00,22.99,21.24,1.75,22.99,1,
4058363789,5/9/2026 3:32:39 PM,SenaCustomStore,,Etsy,8.56,8.56,58.92,46.00,4.36,58.92,1,
4053113426,5/9/2026 3:34:33 PM,Etched Elegance Shop,,Etsy,6.69,7.56,53.06,41.80,3.70,53.06,2,
4050871673,5/9/2026 4:09:10 PM,Lumina Custom Design,,Etsy,9.35,13.81,72.75,32.64,6.44,52.89,1,
4058379199,5/9/2026 3:49:22 PM,Etched Elegance Shop,,Etsy,9.35,27.97,281.80,232.96,20.87,281.80,13,
4053161408,5/9/2026 4:25:02 PM,Lumina Custom Design,,Etsy,10.30,10.63,68.48,52.78,5.07,68.48,1,
4053152850,5/9/2026 4:15:54 PM,Woodmark Custom,,Etsy,9.06,9.06,69.37,56.90,3.41,69.37,1,
4053200764,5/9/2026 5:09:18 PM,Devran Custom Design,,Etsy,7.90,8.18,93.64,78.12,7.34,93.64,1,
4053243354,5/9/2026 6:01:14 PM,YemlihaDesign,,Etsy,6.95,6.95,19.24,11.20,1.09,19.24,1,
4053200246,5/9/2026 5:08:43 PM,YemlihaDesign,,Etsy,8.13,8.13,37.42,26.52,2.77,37.42,1,
4053223208,5/9/2026 5:36:04 PM, Velvet Whiskey Design,,Etsy,8.18,8.18,36.11,25.89,2.04,36.11,1,
4058506827,5/9/2026 6:28:59 PM,Lumina Custom Design,,Etsy,10.80,10.80,43.03,29.64,2.59,43.03,3,
4058446755,5/9/2026 5:08:25 PM,Woodmark Custom,,Etsy,5.24,6.52,28.15,19.79,1.84,28.15,1,
4053217982,5/9/2026 5:29:41 PM,Woodmark Custom,,Etsy,5.83,7.69,28.99,19.79,1.51,28.99,1,
4053324948,5/9/2026 7:48:31 PM,Devran Custom Design,,Etsy,5.48,5.48,22.86,15.96,1.42,22.86,1,
4058565827,5/9/2026 7:51:53 PM,Lumina Custom Design,,Etsy,5.89,5.89,21.21,13.68,1.64,21.21,1,
4058515477,5/9/2026 6:40:36 PM,Marbella Custom Gifts,,Etsy,7.02,7.04,30.64,21.60,2.00,30.64,1,
4053267906,5/9/2026 6:33:47 PM,Etched Elegance Shop,,Etsy,5.89,7.42,26.86,17.92,1.52,26.86,1,
4053293640,5/9/2026 7:07:13 PM,Woodmark Custom,,Etsy,5.97,8.13,30.32,19.79,2.40,30.32,1,
4053321194,5/9/2026 7:43:31 PM,SenaCustomStore,,Etsy,12.13,12.13,63.57,46.00,5.16,63.29,1,
4053360710,5/9/2026 8:36:29 PM,Devran Custom Design,,Etsy,12.74,23.36,149.40,115.37,10.67,149.40,1,
4058580151,5/9/2026 8:11:47 PM,Devran Custom Design,,Etsy,5.89,5.89,25.64,18.46,1.29,25.64,1,
4053344178,5/9/2026 8:14:02 PM,Devran Custom Design,,Etsy,6.37,6.37,42.38,33.48,2.53,42.38,1,
4058580179,5/9/2026 8:11:49 PM,YemlihaDesign,,Etsy,5.89,5.89,21.32,14.52,0.91,21.32,1,
4058618789,5/9/2026 9:07:25 PM,Etched Elegance Shop,,Etsy,5.89,7.42,28.85,19.93,1.50,28.85,1,
4053355360,5/9/2026 8:29:17 PM,Etched Elegance Shop,,Etsy,7.42,8.18,29.13,19.72,1.23,29.13,1,
4058668603,5/9/2026 10:27:36 PM,Lumina Custom Design,,Etsy,8.13,8.13,24.85,14.69,2.03,24.85,1,
4058659947,5/9/2026 10:11:56 PM,Devran Custom Design,,Etsy,5.83,5.83,24.93,17.15,1.95,24.93,1,
4053466274,5/9/2026 11:28:38 PM,YemlihaDesign,,Etsy,6.44,6.65,32.45,23.47,2.33,32.45,1,
4053454430,5/9/2026 11:03:28 PM, Velvet Whiskey Design,,Etsy,8.18,8.18,36.80,25.89,2.73,36.80,2,
4053464010,5/9/2026 11:23:35 PM,Woodmark Custom,,Etsy,6.37,7.42,34.40,23.85,3.13,34.40,1,
4053494672,5/10/2026 12:43:12 AM,Marbella Custom Gifts,,Etsy,6.07,6.07,32.05,24.22,1.76,32.05,1,
4058723403,5/10/2026 12:42:38 AM,Etched Elegance Shop,,Etsy,13.04,21.62,142.57,107.52,13.43,142.57,6,
4058727303,5/10/2026 12:55:08 AM, Velvet Whiskey Design,,Etsy,6.10,6.10,26.82,19.20,1.52,26.82,1,
4058737919,5/10/2026 1:29:30 AM,Devran Custom Design,,Etsy,5.62,5.62,23.49,15.96,1.63,23.21,1,
4058799095,5/10/2026 4:57:57 AM,Devran Custom Design,,Etsy,5.48,5.48,22.94,15.96,1.50,22.94,1,
4058829365,5/10/2026 6:25:15 AM,Woodmark Custom,,Etsy,5.48,7.42,33.70,24.19,2.09,33.70,1,
4058818719,5/10/2026 5:57:21 AM,Devran Custom Design,,Etsy,7.90,8.18,105.77,89.28,8.31,105.77,8,
4058820293,5/10/2026 6:01:40 AM, Velvet Whiskey Design,,Etsy,11.03,12.22,111.98,92.80,6.96,111.98,1,
4053658478,5/10/2026 7:57:00 AM,YemlihaDesign,,Etsy,7.69,9.95,35.88,23.47,2.46,35.88,1,
4058849263,5/10/2026 7:09:00 AM,Woodmark Custom,,Etsy,6.25,6.94,37.14,27.45,2.75,37.14,1,
4053649612,5/10/2026 7:42:50 AM,Devran Custom Design,,Etsy,9.95,9.95,39.46,26.59,2.92,39.46,1,
4053685204,5/10/2026 8:36:35 AM,Etched Elegance Shop,,Etsy,6.25,7.38,30.26,20.90,1.98,30.26,1,
4053695262,5/10/2026 8:50:05 AM,Woodmark Custom,,Etsy,5.48,7.42,29.56,19.79,2.35,29.56,1,
4053691676,5/10/2026 8:45:29 AM,Woodmark Custom,,Etsy,5.48,7.42,29.59,19.79,2.38,29.59,1,
4058923115,5/10/2026 9:05:18 AM, Velvet Whiskey Design,,Etsy,10.08,28.91,176.73,136.26,11.56,176.73,9,
4058955489,5/10/2026 9:45:10 AM, Velvet Whiskey Design,,Etsy,9.06,9.06,37.52,25.60,2.86,37.52,1,
4053805366,5/10/2026 11:01:27 AM,SenaCustomStore,,Etsy,10.30,10.30,59.40,46.00,3.10,59.40,1,
4059014937,5/10/2026 10:54:32 AM,YemlihaDesign,,Etsy,8.18,9.58,61.18,46.94,4.66,61.18,2,
4053780954,5/10/2026 10:34:49 AM,Devran Custom Design,,Etsy,24.69,24.69,39.59,14.90,0.00,39.59,1,
4059003565,5/10/2026 10:41:10 AM,YemlihaDesign,,Etsy,6.95,6.95,37.09,27.43,2.71,37.09,1,
4058971431,5/10/2026 10:03:56 AM,Etched Elegance Shop,,Etsy,6.73,7.38,33.85,23.89,2.58,33.85,1,
4058988607,5/10/2026 10:23:46 AM,YemlihaDesign,,Etsy,7.42,8.18,29.96,19.50,2.28,29.96,1,
4053754716,5/10/2026 10:04:05 AM, Velvet Whiskey Design,,Etsy,6.69,6.88,49.65,39.60,3.17,49.65,1,
4059040801,5/10/2026 11:24:48 AM,Custom Gift by FTM,,Etsy,6.66,0.00,20.64,19.47,1.17,20.64,1,
4059071237,5/10/2026 11:58:27 AM,Devran Custom Design,,Etsy,5.40,5.40,22.75,15.96,1.39,22.75,1,
4053821096,5/10/2026 11:18:21 AM,SenaCustomStore,,Etsy,10.30,10.30,59.40,46.00,3.10,59.40,1,
4059034205,5/10/2026 11:16:55 AM,SenaCustomStore,,Etsy,5.48,5.89,20.92,13.44,1.59,20.92,1,
4053850474,5/10/2026 11:49:15 AM,YemlihaDesign,,Etsy,6.65,6.88,32.47,23.47,2.12,32.47,1,
4053869046,5/10/2026 12:11:13 PM,Woodmark Custom,,Etsy,9.54,10.80,47.79,33.55,3.44,47.79,1,
4053847608,5/10/2026 11:46:12 AM,Woodmark Custom,,Etsy,6.95,8.13,33.83,23.85,1.85,33.83,1,
4059103367,5/10/2026 12:31:52 PM,Custom Gift by FTM,,Etsy,5.48,0.00,25.73,24.22,1.51,25.73,1,
4053896284,5/10/2026 12:40:05 PM,Woodmark Custom,,Etsy,6.74,7.86,37.78,27.45,2.47,37.78,1,
4053932906,5/10/2026 1:16:34 PM,Marbella Custom Gifts,,Etsy,8.76,10.01,32.32,20.00,2.31,32.32,1,
4059161677,5/10/2026 1:33:55 PM,Devran Custom Design,,Etsy,6.58,6.58,23.54,14.90,1.78,23.26,1,
4053951366,5/10/2026 1:35:09 PM, Velvet Whiskey Design,,Etsy,8.01,9.12,70.60,58.00,3.48,70.60,1,
4059189435,5/10/2026 2:01:51 PM,Devran Custom Design,,Etsy,6.48,6.65,78.76,66.96,5.15,78.76,1,
4053978360,5/10/2026 2:02:02 PM,Devran Custom Design,,Etsy,5.40,5.40,22.33,14.76,2.17,22.33,1,
4053972752,5/10/2026 1:56:12 PM,Marbella Custom Gifts,,Etsy,5.83,5.83,32.39,24.22,2.34,32.39,1,
4059206569,5/10/2026 2:18:59 PM,Devran Custom Design,,Etsy,63.94,63.94,139.23,68.60,6.69,139.23,4,
4053990324,5/10/2026 2:13:46 PM,Marbella Custom Gifts,,Etsy,7.77,8.82,101.89,86.40,6.67,101.89,1,
4054005940,5/10/2026 2:29:33 PM,Marbella Custom Gifts,,Etsy,5.48,5.89,23.14,15.39,1.86,23.14,1,
4059269371,5/10/2026 3:21:40 PM,Devran Custom Design,,Etsy,5.40,5.40,22.13,14.76,1.97,22.13,1,
4054044648,5/10/2026 3:08:03 PM,Lumina Custom Design,,Etsy,6.98,7.04,28.78,20.51,1.23,28.78,1,
4054060042,5/10/2026 3:22:44 PM,Woodmark Custom,,Etsy,11.57,11.57,72.05,55.61,4.87,72.05,1,
4054027500,5/10/2026 2:51:10 PM,Woodmark Custom,,Etsy,0.00,0.00,8.62,8.00,0.62,8.62,1,
4054069116,5/10/2026 3:32:09 PM,Lumina Custom Design,,Etsy,45.04,45.04,69.90,20.52,4.34,69.90,2,
4054084820,5/10/2026 3:48:19 PM,YemlihaDesign,,Etsy,7.77,7.77,121.59,106.40,7.42,121.59,4,
4054096102,5/10/2026 3:59:32 PM,Etched Elegance Shop,,Etsy,9.57,10.63,77.24,62.69,3.92,77.24,1,
4059298243,5/10/2026 3:51:56 PM,Woodmark Custom,,Etsy,5.40,6.98,32.62,24.19,1.45,32.62,1,
4059291969,5/10/2026 3:45:07 PM,Woodmark Custom,,Etsy,5.40,6.98,27.96,19.79,1.19,27.96,1,
4054154232,5/10/2026 5:27:50 PM,Lumina Custom Design,,Etsy,9.58,9.58,45.71,33.75,2.38,45.71,3,
4059380445,5/10/2026 5:53:11 PM,Etched Elegance Shop,,Etsy,9.54,13.04,58.92,41.80,4.08,58.92,2,
4059407251,5/10/2026 6:28:22 PM,Custom Gift by FTM,,Etsy,5.40,0.00,25.68,24.22,1.46,25.68,1,
4059451439,5/10/2026 7:28:15 PM,SenaCustomStore,,Etsy,10.30,10.30,60.38,46.00,4.08,60.38,1,
4059395105,5/10/2026 6:12:08 PM,Etched Elegance Shop,,Etsy,7.42,8.18,31.49,21.67,1.64,31.49,1,
4054203162,5/10/2026 6:27:40 PM,Etched Elegance Shop,,Etsy,6.58,9.52,32.47,20.90,2.05,32.47,1,
4054234942,5/10/2026 7:07:11 PM,Etched Elegance Shop,,Etsy,6.17,6.65,33.83,24.97,2.21,33.83,1,
4054220866,5/10/2026 6:49:59 PM,Devran Custom Design,,Etsy,12.20,13.04,123.47,101.08,9.35,123.47,7,
4054226520,5/10/2026 6:56:55 PM,Etched Elegance Shop,,Etsy,6.37,8.18,30.90,20.90,1.82,30.90,1,
4054205398,5/10/2026 6:30:22 PM,Devran Custom Design,,Etsy,9.06,9.58,111.69,93.48,8.63,111.69,6,
4059430163,5/10/2026 6:59:03 PM,Etched Elegance Shop,,Etsy,7.26,8.18,34.31,23.89,2.24,34.31,1,
4059446879,5/10/2026 7:21:53 PM,Devran Custom Design,,Etsy,58.54,58.54,180.77,112.00,10.23,180.77,7,
4059432643,5/10/2026 7:02:23 PM,Devran Custom Design,,Etsy,33.44,33.70,172.49,126.46,12.33,172.49,1,
4054188598,5/10/2026 6:09:54 PM,Woodmark Custom,,Etsy,5.97,8.13,25.66,15.39,2.14,25.66,1,
4059453929,5/10/2026 7:31:34 PM,Woodmark Custom,,Etsy,9.06,9.06,69.92,56.90,3.96,69.92,1,
4054287536,5/10/2026 8:11:42 PM, Velvet Whiskey Design,,Etsy,8.01,9.12,71.82,58.00,4.70,71.82,4,
4054303730,5/10/2026 8:31:54 PM,Devran Custom Design,,Etsy,7.38,7.38,37.20,26.59,3.23,37.20,1,
4059474471,5/10/2026 7:59:21 PM,Marbella Custom Gifts,,Etsy,7.90,8.18,55.43,43.20,4.05,55.43,1,
4059506411,5/10/2026 8:42:17 PM,YemlihaDesign,,Etsy,7.69,9.95,35.26,23.47,1.84,35.26,1,
4059530117,5/10/2026 9:15:15 PM,Lumina Custom Design,,Etsy,15.39,38.59,180.17,132.19,9.39,180.17,1,
4059509707,5/10/2026 8:46:38 PM,Marbella Custom Gifts,,Etsy,8.76,9.42,32.83,21.60,1.81,32.83,1,
4054325542,5/10/2026 8:59:08 PM,Devran Custom Design,,Etsy,7.90,8.18,93.42,78.12,7.12,93.42,7,
4054320580,5/10/2026 8:53:10 PM,Devran Custom Design,,Etsy,8.13,8.13,25.94,15.81,2.00,25.94,1,
4059511633,5/10/2026 8:49:08 PM,Devran Custom Design,,Etsy,5.73,6.88,31.90,22.19,2.83,31.90,1,
4059510383,5/10/2026 8:47:28 PM,Woodmark Custom,,Etsy,8.13,10.63,83.98,69.95,3.40,83.98,1,
4054375228,5/10/2026 10:10:28 PM,Etched Elegance Shop,,Etsy,5.89,7.42,32.64,23.52,1.70,32.64,1,
4054372488,5/10/2026 10:06:03 PM,Etched Elegance Shop,,Etsy,5.83,6.98,32.33,23.52,1.83,32.33,1,
4054388844,5/10/2026 10:32:41 PM,Etched Elegance Shop,,Etsy,6.88,8.01,65.00,53.76,3.23,65.00,3,
4059579685,5/10/2026 10:35:32 PM, Velvet Whiskey Design,,Etsy,10.80,12.20,50.71,34.80,3.71,50.71,1,
4054398300,5/10/2026 10:48:42 PM, Velvet Whiskey Design,,Etsy,6.56,6.57,27.95,19.80,1.58,27.95,1,
4054405044,5/10/2026 11:01:30 PM,Devran Custom Design,,Etsy,13.48,18.35,57.10,33.30,5.45,57.10,3,
4054412604,5/10/2026 11:17:59 PM,Etched Elegance Shop,,Etsy,8.13,9.94,33.34,21.67,1.73,33.34,1,
4054408446,5/10/2026 11:08:43 PM,Custom Gift by FTM,,Etsy,5.40,0.00,26.22,24.22,2.00,26.22,1,
4059599281,5/10/2026 11:14:57 PM,Devran Custom Design,,Etsy,8.13,8.13,29.96,19.61,2.22,29.96,1,
4059641135,5/11/2026 1:19:34 AM,YemlihaDesign,,Etsy,7.60,9.52,35.75,23.47,2.48,35.47,1,
4059638071,5/11/2026 1:09:15 AM,YemlihaDesign,,Etsy,7.46,8.51,34.22,23.47,2.24,34.22,1,
4054548278,5/11/2026 6:05:49 AM,Woodmark Custom,,Etsy,6.37,7.42,32.01,22.50,2.09,32.01,1,
4059764929,5/11/2026 7:17:39 AM,Woodmark Custom,,Etsy,8.18,8.18,68.52,54.90,5.44,68.52,1,
4054595770,5/11/2026 7:42:21 AM,Etched Elegance Shop,,Etsy,6.25,7.38,30.12,20.90,1.84,30.12,1,
4059770231,5/11/2026 7:26:20 AM,Etched Elegance Shop,,Etsy,7.50,14.06,128.04,107.52,6.46,128.04,1,
4059771761,5/11/2026 7:28:30 AM,Devran Custom Design,,Etsy,5.40,5.40,23.14,15.96,1.78,23.14,1,
4059779363,5/11/2026 7:39:53 AM,Lumina Custom Design,,Etsy,8.06,8.06,30.46,20.51,1.89,30.46,1,
4059810167,5/11/2026 8:23:52 AM,Devran Custom Design,,Etsy,7.90,10.63,115.05,96.00,8.42,115.05,1,
4054702434,5/11/2026 10:02:44 AM,Lumina Custom Design,,Etsy,5.70,5.70,16.92,10.26,0.96,16.92,1,
4059910845,5/11/2026 10:21:50 AM,Lumina Custom Design,,Etsy,6.44,6.44,22.01,14.06,1.51,22.01,1,
4054681874,5/11/2026 9:39:15 AM,Etched Elegance Shop,,Etsy,6.39,8.51,31.06,20.90,1.65,31.06,1,
4059897247,5/11/2026 10:07:08 AM,Woodmark Custom,,Etsy,6.37,7.42,33.50,23.85,2.23,33.50,1,
4054672364,5/11/2026 9:28:48 AM,Woodmark Custom,,Etsy,5.48,7.42,19.88,10.99,1.47,19.88,1,
4054659626,5/11/2026 9:13:02 AM,Woodmark Custom,,Etsy,6.17,6.65,32.64,23.85,2.14,32.64,1,
4059824265,5/11/2026 8:41:57 AM,SenaCustomStore,,Etsy,5.40,5.83,20.57,13.44,1.30,20.57,1,
4054712338,5/11/2026 10:13:23 AM,YemlihaDesign,,Etsy,7.02,7.22,49.46,39.00,3.24,49.46,2,
4054662812,5/11/2026 9:17:11 AM,Marbella Custom Gifts,,Etsy,6.24,6.24,33.06,24.22,2.60,33.06,1,
4059927693,5/11/2026 10:39:52 AM,Devran Custom Design,,Etsy,10.30,11.16,46.52,33.28,2.08,46.52,2,
4059942467,5/11/2026 10:54:48 AM,Woodmark Custom,,Etsy,5.48,7.42,24.18,15.39,1.37,24.18,1,
4054774842,5/11/2026 11:19:54 AM,SenaCustomStore,,Etsy,5.48,5.89,20.63,13.44,1.30,20.63,1,
4059978475,5/11/2026 11:29:14 AM,Devran Custom Design,,Etsy,5.89,8.18,33.75,23.36,2.21,33.75,1,
4054774638,5/11/2026 11:19:40 AM,Woodmark Custom,,Etsy,5.40,6.98,28.84,19.79,2.07,28.84,1,
4059959699,5/11/2026 11:11:54 AM,Woodmark Custom,,Etsy,9.06,9.06,71.24,56.90,5.28,71.24,1,
4060052129,5/11/2026 12:38:58 PM,YemlihaDesign,,Etsy,8.56,8.82,106.16,91.35,5.99,106.16,7,
4054830792,5/11/2026 12:19:47 PM,YemlihaDesign,,Etsy,7.38,8.01,58.66,46.94,3.71,58.66,2,
4060033571,5/11/2026 12:21:45 PM,Devran Custom Design,,Etsy,6.95,6.95,43.36,33.48,2.93,43.36,3,
4054834854,5/11/2026 12:24:04 PM, Velvet Whiskey Design,,Etsy,15.09,40.13,207.13,151.40,15.32,206.85,1,
4054836498,5/11/2026 12:25:51 PM,Woodmark Custom,,Etsy,6.25,6.98,33.30,23.85,2.47,33.30,1,
4060103303,5/11/2026 1:26:05 PM,Etched Elegance Shop,,Etsy,13.30,36.78,246.18,195.03,14.37,246.18,9,
4060099379,5/11/2026 1:22:29 PM,YemlihaDesign,,Etsy,18.81,18.96,165.42,134.40,12.06,165.42,12,
4054907384,5/11/2026 1:38:26 PM,Etched Elegance Shop,,Etsy,5.89,7.42,33.11,23.52,2.17,33.11,1,
4054906732,5/11/2026 1:37:48 PM,Etched Elegance Shop,,Etsy,5.83,6.98,26.89,17.92,1.99,26.89,1,
4054879818,5/11/2026 1:11:12 PM,Woodmark Custom,,Etsy,5.48,7.42,24.83,15.39,2.02,24.83,1,
4060124159,5/11/2026 1:45:59 PM,Devran Custom Design,,Etsy,5.97,9.52,35.67,23.36,2.51,35.39,1,
4060135605,5/11/2026 1:56:42 PM,Devran Custom Design,,Etsy,5.97,9.52,35.67,23.36,2.51,35.39,1,
4060146855,5/11/2026 2:07:12 PM,Custom Gift by FTM,,Etsy,6.40,0.00,130.79,121.10,9.69,130.79,5,
4060147541,5/11/2026 2:07:52 PM,YemlihaDesign,,Etsy,7.46,7.38,32.70,23.47,1.85,32.70,1,
4060152387,5/11/2026 2:12:15 PM,Etched Elegance Shop,,Etsy,8.13,10.80,38.81,25.52,2.49,38.81,1,
4060151951,5/11/2026 2:11:50 PM,Devran Custom Design,,Etsy,7.38,7.38,40.63,31.36,1.89,40.63,1,
4060145043,5/11/2026 2:05:28 PM,Woodmark Custom,,Etsy,6.37,7.42,33.34,23.85,2.07,33.34,1,
4060213477,5/11/2026 3:07:43 PM,SenaCustomStore,,Etsy,7.90,7.90,21.72,12.69,1.13,21.72,1,
4060201777,5/11/2026 2:57:13 PM,Woodmark Custom,,Etsy,5.48,7.42,29.01,19.79,1.80,29.01,1,
4060243781,5/11/2026 3:36:19 PM, Velvet Whiskey Design,,Etsy,7.13,7.13,24.14,15.20,1.81,24.14,1,
4055018686,5/11/2026 3:31:04 PM,Etched Elegance Shop,,Etsy,6.25,7.38,29.98,20.90,1.70,29.98,1,
4060308209,5/11/2026 4:46:52 PM,Etched Elegance Shop,,Etsy,5.83,6.98,25.98,17.92,1.08,25.98,1,
4055064458,5/11/2026 4:22:11 PM,Etched Elegance Shop,,Etsy,8.74,9.95,36.63,23.89,2.79,36.63,1,
4060293179,5/11/2026 4:28:14 PM,Etched Elegance Shop,,Etsy,6.37,8.18,31.48,20.90,2.40,31.48,1,
4055089336,5/11/2026 4:51:09 PM,Lumina Custom Design,,Etsy,9.69,9.69,25.36,14.69,0.98,25.36,1,
4060250737,5/11/2026 3:43:13 PM,Lumina Custom Design,,Etsy,8.56,8.82,83.68,70.62,4.24,83.68,1,
4060314103,5/11/2026 4:54:24 PM, Velvet Whiskey Design,,Etsy,9.21,9.21,57.26,43.68,4.37,57.26,1,
4055062502,5/11/2026 4:19:53 PM,Devran Custom Design,,Etsy,5.97,9.52,35.86,23.36,2.70,35.58,1,
4055084468,5/11/2026 4:45:15 PM,Devran Custom Design,,Etsy,18.48,18.48,39.46,20.98,0.00,39.46,1,
4055076522,5/11/2026 4:36:11 PM,Woodmark Custom,,Etsy,10.96,10.96,71.27,56.90,3.41,71.27,1,
4060233109,5/11/2026 3:26:11 PM,Devran Custom Design,,Etsy,5.97,9.52,35.10,23.36,1.94,34.82,1,
4055033630,5/11/2026 3:47:09 PM,Woodmark Custom,,Etsy,5.97,8.13,25.66,15.39,2.14,25.66,1,
4055095066,5/11/2026 4:58:15 PM,YemlihaDesign,,Etsy,6.44,6.44,25.01,17.15,1.42,25.01,1,
4055021862,5/11/2026 3:34:22 PM,Woodmark Custom,,Etsy,6.95,8.13,33.95,23.85,1.97,33.95,1,
4060227179,5/11/2026 3:20:37 PM,Woodmark Custom,,Etsy,6.10,6.52,31.70,22.50,2.68,31.70,1,
4052139026,5/11/2026 5:27:41 PM,Woodmark Custom,,Etsy,7.77,7.77,68.87,149.75,4.20,161.72,1,
4055107476,5/11/2026 5:14:18 PM,Woodmark Custom,,Etsy,9.06,9.06,69.52,56.90,3.56,69.52,1,
4060347161,5/11/2026 5:37:15 PM,CuteArtCustomDesign,,Etsy,6.52,5.99,30.41,22.60,1.82,30.41,1,
4055103068,5/11/2026 5:08:30 PM,Etched Elegance Shop,,Etsy,7.26,8.18,34.92,23.89,2.85,34.92,1,
4055099538,5/11/2026 5:03:59 PM, Velvet Whiskey Design,,Etsy,8.10,20.56,363.58,-97.08,19.42,-57.10,1,
4055161130,5/11/2026 6:25:03 PM,Devran Custom Design,,Etsy,24.69,24.69,72.57,47.88,0.00,72.57,2,
4055152662,5/11/2026 6:13:49 PM, Velvet Whiskey Design,,Etsy,6.37,6.37,18.46,11.04,1.05,18.46,1,
4060423185,5/11/2026 7:20:19 PM,Etched Elegance Shop,,Etsy,8.82,9.79,112.43,95.56,7.08,112.43,4,
4055173208,5/11/2026 6:41:03 PM,Etched Elegance Shop,,Etsy,5.83,6.98,26.39,17.92,1.49,26.39,1,
4055166010,5/11/2026 6:31:34 PM,Etched Elegance Shop,,Etsy,7.39,9.58,55.62,41.80,4.24,55.62,1,
4055203108,5/11/2026 7:20:03 PM,Etched Elegance Shop,,Etsy,7.02,7.38,46.25,35.84,3.03,46.25,1,
4055224498,5/11/2026 7:46:30 PM,Devran Custom Design,,Etsy,5.40,5.40,25.30,18.36,1.54,25.30,1,
4055172334,5/11/2026 6:39:56 PM,Devran Custom Design,,Etsy,34.19,34.19,46.02,11.16,0.67,46.02,1,
4055169984,5/11/2026 6:36:50 PM, Velvet Whiskey Design,,Etsy,7.38,7.77,58.10,46.40,3.93,58.10,4,
4060436003,5/11/2026 7:37:57 PM,Woodmark Custom,,Etsy,6.25,6.98,36.50,27.45,2.07,36.50,1,
4055209066,5/11/2026 7:27:11 PM,Woodmark Custom,,Etsy,6.37,7.42,31.90,22.50,1.98,31.90,1,
4060409419,5/11/2026 7:02:02 PM,Woodmark Custom,,Etsy,9.06,9.06,38.35,26.45,2.84,38.35,1,
4055196746,5/11/2026 7:11:31 PM,Woodmark Custom,,Etsy,6.37,7.42,36.59,27.45,1.72,36.59,1,
4060466275,5/11/2026 8:18:45 PM,Etched Elegance Shop,,Etsy,7.73,9.58,67.14,53.76,3.80,67.14,3,
4055239730,5/11/2026 8:04:56 PM,Etched Elegance Shop,,Etsy,6.66,7.38,34.34,25.43,1.53,34.34,1,
4060486989,5/11/2026 8:44:53 PM,YemlihaDesign,,Etsy,5.83,6.25,30.47,22.49,1.73,30.47,2,
4060519281,5/11/2026 9:27:43 PM,Lumina Custom Design,,Etsy,9.52,11.25,64.39,49.38,3.76,64.39,1,
4055326186,5/11/2026 9:58:47 PM,Lumina Custom Design,,Etsy,7.04,7.04,29.55,20.51,2.00,29.55,1,
4055310626,5/11/2026 9:36:08 PM,Devran Custom Design,,Etsy,6.69,6.88,67.38,55.80,4.70,67.38,5,
4060518361,5/11/2026 9:26:33 PM,Devran Custom Design,,Etsy,7.38,7.38,40.62,31.36,1.88,40.62,2,
4055316128,5/11/2026 9:44:00 PM,Devran Custom Design,,Etsy,5.40,5.40,17.23,11.16,0.67,17.23,1,
4055338798,5/11/2026 10:17:57 PM,Devran Custom Design,,Etsy,5.73,5.73,25.94,18.46,1.75,25.94,1,
4060524541,5/11/2026 9:34:55 PM,Etched Elegance Shop,,Etsy,6.37,7.42,29.00,19.93,1.65,29.00,1,
4055316222,5/11/2026 9:44:07 PM,Etched Elegance Shop,,Etsy,6.25,6.98,30.71,21.65,2.08,30.71,1,
4055329004,5/11/2026 10:02:48 PM, Velvet Whiskey Design,,Etsy,9.54,9.54,27.98,16.80,1.64,27.98,1,
4055284668,5/11/2026 9:01:34 PM, Velvet Whiskey Design,,Etsy,7.42,7.42,20.16,11.60,1.14,20.16,1,
4055371652,5/11/2026 11:19:32 PM,Custom Gift by FTM,,Etsy,5.48,5.48,18.00,11.50,1.02,18.00,1,
4055363356,5/11/2026 11:01:46 PM,Marbella Custom Gifts,,Etsy,7.80,9.42,32.84,21.60,1.82,32.84,1,
4055422114,5/12/2026 1:41:29 AM,Devran Custom Design,,Etsy,5.97,5.97,23.41,15.96,1.48,23.41,1,
4055099538,5/11/2026 5:03:59 PM, Velvet Whiskey Design,,Etsy,8.10,0.00,363.58,388.32,0.00,388.32,1,
4055099538,5/11/2026 5:03:59 PM, Velvet Whiskey Design,,Etsy,6.24,0.00,363.58,32.36,0.00,32.36,1,
4055490140,5/12/2026 5:24:40 AM, Velvet Whiskey Design,,Etsy,7.26,8.06,29.71,19.80,1.85,29.71,1,
4060702451,5/12/2026 5:25:04 AM,Woodmark Custom,,Etsy,6.25,6.98,33.07,23.85,2.24,33.07,1,
4055518746,5/12/2026 6:32:45 AM,Devran Custom Design,,Etsy,5.40,5.40,25.42,18.36,1.66,25.42,1,
4048240878,5/12/2026 7:05:12 AM,Custom Gift by FTM,,Etsy,8.49,0.00,0.00,0.00,0.00,0.00,0,
4055536750,5/12/2026 7:06:09 AM,Devran Custom Design,,Etsy,5.48,6.37,18.75,11.68,0.70,18.75,1,
4060754923,5/12/2026 7:20:11 AM,Woodmark Custom,,Etsy,5.48,7.42,34.18,24.19,2.57,34.18,1,
4055562744,5/12/2026 7:50:16 AM,Devran Custom Design,,Etsy,5.40,5.40,17.23,11.16,0.67,17.23,1,
4055560314,5/12/2026 7:46:20 AM,Woodmark Custom,,Etsy,7.15,7.15,50.92,40.44,3.33,50.92,1,
4055568166,5/12/2026 7:58:11 AM,Woodmark Custom,,Etsy,5.48,7.42,29.42,19.79,2.21,29.42,1,
4055592098,5/12/2026 8:30:40 AM,Devran Custom Design,,Etsy,6.00,6.00,23.41,15.68,1.73,23.41,1,
4055576836,5/12/2026 8:10:37 AM, Velvet Whiskey Design,,Etsy,9.08,9.58,41.09,28.20,3.31,41.09,2,
4055587136,5/12/2026 8:24:05 AM,Lumina Custom Design,,Etsy,0.00,0.00,10.62,10.00,0.62,10.62,1,
4055667370,5/12/2026 10:02:51 AM,Lumina Custom Design,,Etsy,5.89,5.89,16.77,10.26,0.62,16.77,1,
4055619108,5/12/2026 9:04:30 AM,YemlihaDesign,,Etsy,17.51,23.64,228.58,187.76,17.18,228.58,8,
4060867393,5/12/2026 9:44:43 AM,Woodmark Custom,,Etsy,6.95,8.13,38.26,27.45,2.68,38.26,1,
4060884651,5/12/2026 10:02:52 AM,Devran Custom Design,,Etsy,5.48,6.37,18.75,11.68,0.70,18.75,1,
4060836879,5/12/2026 9:11:08 AM,Woodmark Custom,,Etsy,6.25,6.98,31.54,22.50,2.06,31.54,1,
4060886229,5/12/2026 10:04:24 AM,Woodmark Custom,,Etsy,6.37,7.42,32.83,23.85,1.56,32.83,1,
4060914039,5/12/2026 10:33:17 AM, Velvet Whiskey Design,,Etsy,7.73,8.18,41.03,30.40,2.45,41.03,1,
4055695698,5/12/2026 10:34:13 AM,Woodmark Custom,,Etsy,9.06,9.06,69.37,56.90,3.41,69.37,1,
4060964787,5/12/2026 11:24:52 AM,Devran Custom Design,,Etsy,5.83,7.38,33.74,23.36,3.00,33.74,1,
4060953205,5/12/2026 11:13:14 AM,Devran Custom Design,,Etsy,6.37,6.37,23.51,15.68,1.46,23.51,1,
4055724838,5/12/2026 11:07:00 AM,Devran Custom Design,,Etsy,5.48,6.37,19.38,11.68,1.33,19.38,1,
4055714692,5/12/2026 10:55:37 AM, Velvet Whiskey Design,,Etsy,7.42,7.42,24.55,15.60,1.53,24.55,1,
4055746004,5/12/2026 11:30:46 AM,YemlihaDesign,,Etsy,5.83,5.83,17.42,10.93,0.66,17.42,1,
4055746460,5/12/2026 11:31:18 AM,Devran Custom Design,,Etsy,45.51,27.65,105.77,78.12,0.00,105.77,7,
4055766518,5/12/2026 11:52:45 AM,Custom Gift by FTM,,Etsy,6.66,0.00,24.07,22.60,1.47,24.07,1,
4060987715,5/12/2026 11:47:46 AM,Woodmark Custom,,Etsy,7.90,8.18,55.60,43.97,3.45,55.60,1,
4061002795,5/12/2026 12:03:18 PM,Devran Custom Design,,Etsy,6.69,6.88,58.58,48.00,3.70,58.58,3,
4055772092,5/12/2026 11:58:48 AM,Woodmark Custom,,Etsy,15.77,24.69,52.14,27.45,0.00,52.14,1,
4061026359,5/12/2026 12:26:26 PM,Woodmark Custom,,Etsy,5.28,6.65,23.69,15.39,1.65,23.69,1,
4061023975,5/12/2026 12:24:07 PM,Woodmark Custom,,Etsy,6.95,8.13,34.31,23.85,2.33,34.31,1,
4055829670,5/12/2026 1:01:01 PM,Woodmark Custom,,Etsy,12.20,12.20,41.43,26.45,2.78,41.43,1,
4061102965,5/12/2026 1:43:16 PM,Etched Elegance Shop,,Etsy,6.95,10.80,33.32,20.90,1.62,33.32,1,
4055843892,5/12/2026 1:16:22 PM,Etched Elegance Shop,,Etsy,7.26,8.18,34.11,23.89,2.04,34.11,1,
4055824548,5/12/2026 12:55:53 PM,Devran Custom Design,,Etsy,6.48,6.57,28.00,19.14,2.29,28.00,1,
4055840622,5/12/2026 1:12:47 PM, Velvet Whiskey Design,,Etsy,127.22,127.22,253.34,126.12,0.00,253.34,10,
4055901808,5/12/2026 2:14:27 PM,YemlihaDesign,,Etsy,7.02,7.04,35.12,26.10,1.98,35.12,2,
4061116587,5/12/2026 1:56:47 PM,Marbella Custom Gifts,,Etsy,6.19,6.44,35.92,27.13,2.35,35.92,1,
4055877934,5/12/2026 1:50:16 PM,Woodmark Custom,,Etsy,6.95,8.13,34.31,23.85,2.33,34.31,1,
4061143229,5/12/2026 2:23:18 PM,Etched Elegance Shop,,Etsy,6.37,8.18,37.50,26.46,2.86,37.50,1,
4055944688,5/12/2026 2:58:15 PM,Etched Elegance Shop,,Etsy,6.88,7.56,67.30,53.76,5.98,67.30,3,
4055910214,5/12/2026 2:23:03 PM,Devran Custom Design,,Etsy,5.97,5.97,18.22,11.16,1.09,18.22,1,
4055920318,5/12/2026 2:33:03 PM,Woodmark Custom,,Etsy,6.37,7.42,33.77,23.85,2.50,33.77,1,
4055947342,5/12/2026 3:00:57 PM,Woodmark Custom,,Etsy,9.58,9.58,54.21,40.44,4.19,54.21,1,
4061194141,5/12/2026 3:13:01 PM,Devran Custom Design,,Etsy,6.56,6.57,58.10,48.24,3.29,58.10,4,
4055954094,5/12/2026 3:08:30 PM,Woodmark Custom,,Etsy,8.17,12.06,68.98,51.30,5.62,68.98,2,
4050398324,5/12/2026 3:23:53 PM,Etched Elegance Shop,,Etsy,5.28,0.00,0.00,0.00,0.00,0.00,0,
4061209949,5/12/2026 3:28:36 PM,YemlihaDesign,,Etsy,6.98,7.38,32.26,23.47,1.41,32.26,1,
4055999104,5/12/2026 3:58:53 PM,Etched Elegance Shop,,Etsy,7.73,8.18,62.77,49.94,4.65,62.77,2,
4055999286,5/12/2026 3:59:05 PM,Lumina Custom Design,,Etsy,6.30,6.30,21.88,13.68,1.90,21.88,1,
4055998342,5/12/2026 3:58:00 PM, Velvet Whiskey Design,,Etsy,7.73,8.18,36.11,25.89,2.04,36.11,1,
4061222013,5/12/2026 3:40:21 PM,Marbella Custom Gifts,,Etsy,5.73,5.73,32.35,24.22,2.40,32.35,1,
4050552953,5/12/2026 4:09:55 PM,YemlihaDesign,,Etsy,9.94,0.00,0.00,0.00,0.00,0.00,0,
4056011362,5/12/2026 4:13:11 PM, Velvet Whiskey Design,,Etsy,7.76,9.06,75.62,60.80,5.76,75.62,4,
4061255619,5/12/2026 4:16:05 PM,Woodmark Custom,,Etsy,6.37,7.42,37.31,27.45,2.44,37.31,1,
4056004390,5/12/2026 4:05:07 PM,Woodmark Custom,,Etsy,9.54,10.80,50.12,34.97,4.35,50.12,1,
4056021686,5/12/2026 4:25:30 PM,Woodmark Custom,,Etsy,7.22,8.82,84.48,69.95,5.71,84.48,1,
4061272011,5/12/2026 4:35:17 PM,Woodmark Custom,,Etsy,6.37,7.42,32.39,22.50,2.47,32.39,1,
4056102752,5/12/2026 6:10:46 PM,Custom Gift by FTM,,Etsy,7.36,0.00,71.86,67.79,4.07,71.86,1,
4056084860,5/12/2026 5:46:26 PM,CuteArtCustomDesign,,Etsy,7.79,5.99,32.76,24.70,2.07,32.76,1,
4061331255,5/12/2026 5:51:05 PM, Velvet Whiskey Design,,Etsy,7.73,8.18,33.58,23.20,2.20,33.58,2,
4056103176,5/12/2026 6:11:16 PM, Velvet Whiskey Design,,Etsy,6.69,6.69,24.83,16.80,1.34,24.83,1,
4061319545,5/12/2026 5:35:19 PM, Velvet Whiskey Design,,Etsy,14.67,14.67,69.60,51.62,3.31,69.60,1,
4061302039,5/12/2026 5:11:56 PM, Velvet Whiskey Design,,Etsy,5.48,5.48,18.54,11.60,1.46,18.54,1,
4056107912,5/12/2026 6:17:52 PM,Woodmark Custom,,Etsy,9.06,9.06,69.92,56.90,3.96,69.92,1,
4061361995,5/12/2026 6:33:04 PM,Woodmark Custom,,Etsy,5.28,6.65,23.58,15.39,1.54,23.58,1,
4061359307,5/12/2026 6:29:29 PM,Woodmark Custom,,Etsy,9.58,9.58,69.51,55.61,4.32,69.51,1,
4056093716,5/12/2026 5:58:05 PM,Woodmark Custom,,Etsy,6.37,7.42,37.31,27.45,2.44,37.31,1,
4056114382,5/12/2026 6:26:52 PM,Devran Custom Design,,Etsy,5.40,5.40,21.05,14.76,0.89,21.05,1,
4061367533,5/12/2026 6:40:30 PM,Woodmark Custom,,Etsy,6.25,6.98,33.22,23.85,2.39,33.22,1,
4056126326,5/12/2026 6:43:34 PM,Custom Gift by FTM,,Etsy,13.94,0.00,15.86,14.75,1.11,15.86,1,
4061375143,5/12/2026 6:50:45 PM,YemlihaDesign,,Etsy,6.25,6.25,32.33,23.82,2.26,32.33,1,
4056134706,5/12/2026 6:55:09 PM,Devran Custom Design,,Etsy,6.37,6.37,23.46,15.68,1.41,23.46,1,
4051349688,5/12/2026 6:59:24 PM, Velvet Whiskey Design,,Etsy,6.80,6.80,24.73,41.50,1.33,49.63,1,
4061428277,5/12/2026 7:59:23 PM,YemlihaDesign,,Etsy,7.42,8.18,33.75,23.47,2.10,33.75,1,
4056193172,5/12/2026 8:14:40 PM,CuteArtCustomDesign,,Etsy,9.70,16.49,146.31,116.82,13.00,146.31,1,
4061426047,5/12/2026 7:56:37 PM,CuteArtCustomDesign,,Etsy,7.67,5.99,32.72,24.70,2.03,32.72,1,
4061418365,5/12/2026 7:46:54 PM,Marbella Custom Gifts,,Etsy,6.37,8.06,59.41,48.44,2.91,59.41,2,
4056186786,5/12/2026 8:06:19 PM,Devran Custom Design,,Etsy,8.75,11.25,202.97,175.56,15.88,202.69,11,
4056135916,5/12/2026 6:56:53 PM,Devran Custom Design,,Etsy,5.89,5.89,29.02,20.98,2.15,29.02,1,
4056156080,5/12/2026 7:24:51 PM,Devran Custom Design,,Etsy,9.54,10.01,33.05,23.04,0.00,33.05,1,
4056159400,5/12/2026 7:29:39 PM,Devran Custom Design,,Etsy,7.02,7.38,103.43,89.28,6.77,103.43,1,
4061465353,5/12/2026 8:45:59 PM,Devran Custom Design,,Etsy,7.04,7.77,58.74,46.72,4.25,58.74,1,
4061512297,5/12/2026 9:48:04 PM,Etched Elegance Shop,,Etsy,10.39,16.84,152.60,125.44,10.32,152.60,1,
4056257194,5/12/2026 9:44:23 PM, Velvet Whiskey Design,,Etsy,10.52,12.22,135.18,116.00,6.96,135.18,10,
4056228174,5/12/2026 9:01:32 PM, Velvet Whiskey Design,,Etsy,14.22,12.20,62.89,46.40,4.29,62.89,1,
4056210512,5/12/2026 8:37:22 PM, Velvet Whiskey Design,,Etsy,6.25,6.25,20.24,13.20,0.79,20.24,1,
4061461749,5/12/2026 8:41:19 PM,Woodmark Custom,,Etsy,6.17,6.65,33.47,23.85,2.97,33.47,1,
4056296422,5/12/2026 10:58:39 PM,Etched Elegance Shop,,Etsy,7.50,9.12,85.09,71.67,4.30,85.09,3,
4061556245,5/12/2026 10:59:27 PM,Etched Elegance Shop,,Etsy,9.08,10.63,79.47,62.70,6.14,79.47,3,
4061526375,5/12/2026 10:08:43 PM,Etched Elegance Shop,,Etsy,7.73,9.58,60.30,46.12,4.60,60.30,2,
4061526345,5/12/2026 10:08:40 PM,Custom Gift by FTM,,Etsy,7.39,0.00,23.92,22.60,1.32,23.92,1,
4056298492,5/12/2026 11:03:00 PM,YemlihaDesign,,Etsy,7.80,9.94,35.19,23.47,1.78,35.19,1,
4061524489,5/12/2026 10:06:05 PM,Devran Custom Design,,Etsy,7.02,7.04,31.47,23.04,1.39,31.47,1,
4061546007,5/12/2026 10:39:32 PM,Marbella Custom Gifts,,Etsy,8.76,10.01,33.93,21.60,2.32,33.93,1,
4056275912,5/12/2026 10:18:12 PM,Lumina Custom Design,,Etsy,5.89,5.89,16.96,10.26,0.81,16.96,1,
4061554315,5/12/2026 10:55:34 PM,Marbella Custom Gifts,,Etsy,6.00,6.44,32.70,23.59,2.67,32.70,1,
4061557107,5/12/2026 11:01:04 PM, Velvet Whiskey Design,,Etsy,10.58,12.22,211.16,182.35,16.59,211.16,1,
4061585999,5/13/2026 12:09:54 AM,Etched Elegance Shop,,Etsy,6.95,10.80,33.74,20.90,2.04,33.74,1,
4056315670,5/12/2026 11:45:18 PM,YemlihaDesign,,Etsy,12.20,12.20,136.00,114.90,8.90,136.00,5,
4056333470,5/13/2026 12:36:35 AM,YemlihaDesign,,Etsy,10.43,12.20,59.48,43.48,3.80,59.48,2,
4056361252,5/13/2026 2:08:51 AM,Devran Custom Design,,Etsy,5.89,5.89,45.17,36.72,2.56,45.17,1,
4056358848,5/13/2026 2:00:30 AM,YemlihaDesign,,Etsy,6.98,7.38,38.34,28.37,2.59,38.34,1,
4056374816,5/13/2026 2:57:06 AM,Devran Custom Design,,Etsy,5.48,5.48,25.81,18.36,1.97,25.81,1,
4051489189,5/13/2026 5:57:49 AM,YemlihaDesign,,Etsy,5.97,0.00,0.00,0.00,0.00,0.00,0,
4061685385,5/13/2026 5:23:41 AM,Marbella Custom Gifts,,Etsy,6.19,6.48,18.29,10.49,1.32,18.29,1,
4056446014,5/13/2026 6:28:07 AM,YemlihaDesign,,Etsy,7.69,9.95,36.18,23.47,2.76,36.18,1,
4056484992,5/13/2026 7:38:44 AM,Etched Elegance Shop,,Etsy,6.72,9.94,32.76,20.90,1.92,32.76,1,
4061750703,5/13/2026 7:40:41 AM,Woodmark Custom,,Etsy,6.25,6.98,36.48,27.45,2.05,36.48,1,
4056534640,5/13/2026 8:48:48 AM,Etched Elegance Shop,,Etsy,6.24,8.13,27.80,17.92,1.75,27.80,1,
4056522092,5/13/2026 8:31:40 AM,Etched Elegance Shop,,Etsy,6.37,8.18,36.29,26.46,1.65,36.29,1,
4056517204,5/13/2026 8:25:02 AM,Marbella Custom Gifts,,Etsy,5.89,5.89,31.92,24.22,1.81,31.92,1,
4056520438,5/13/2026 8:29:18 AM,YemlihaDesign,,Etsy,8.40,12.87,42.94,28.37,1.70,42.94,1,
4056502612,5/13/2026 8:04:36 AM,Devran Custom Design,,Etsy,0.00,0.00,4.84,4.51,0.33,4.84,1,
4056500592,5/13/2026 8:01:50 AM,Devran Custom Design,,Etsy,5.48,5.48,18.01,11.16,1.37,18.01,1,
4056524846,5/13/2026 8:35:24 AM,Devran Custom Design,,Etsy,5.48,5.48,17.80,11.16,1.16,17.80,1,
4061848795,5/13/2026 9:40:18 AM,YemlihaDesign,,Etsy,10.66,11.58,55.08,39.72,3.78,55.08,2,
4056570084,5/13/2026 9:35:00 AM,YemlihaDesign,,Etsy,6.25,6.25,32.17,23.82,2.10,32.17,1,
4056592562,5/13/2026 10:01:57 AM,YemlihaDesign,,Etsy,6.17,6.17,32.39,23.82,2.40,32.39,1,
4056603272,5/13/2026 10:14:38 AM,Woodmark Custom,,Etsy,8.01,8.01,52.45,40.44,4.00,52.45,1,
4056589874,5/13/2026 9:58:53 AM,Woodmark Custom,,Etsy,6.25,6.98,30.83,22.50,1.35,30.83,1,
4056635938,5/13/2026 10:52:21 AM, Velvet Whiskey Design,,Etsy,8.18,9.06,59.97,46.40,4.51,59.97,1,
4061939467,5/13/2026 11:11:33 AM,Woodmark Custom,,Etsy,6.37,7.42,34.01,23.85,2.74,34.01,1,
4061949379,5/13/2026 11:21:49 AM,Etched Elegance Shop,,Etsy,6.66,7.38,31.08,21.67,2.03,31.08,1,
4061948701,5/13/2026 11:21:09 AM,YemlihaDesign,,Etsy,8.58,9.26,163.57,140.80,13.51,163.57,1,
4062027963,5/13/2026 12:40:45 PM,Custom Gift by FTM,,Etsy,8.49,0.00,47.45,44.35,3.10,47.45,1,
4062037065,5/13/2026 12:49:29 PM,Custom Gift by FTM,,Etsy,6.66,0.00,24.18,22.60,1.58,24.18,1,
4056683554,5/13/2026 11:47:33 AM,Devran Custom Design,,Etsy,5.40,5.40,22.91,15.96,1.55,22.91,1,
4062038221,5/13/2026 12:50:36 PM,Devran Custom Design,,Etsy,5.40,5.40,22.40,15.96,1.04,22.40,1,
4056730016,5/13/2026 12:42:13 PM,Woodmark Custom,,Etsy,9.25,11.24,54.78,40.44,3.10,54.78,1,
4056674456,5/13/2026 11:37:30 AM, Velvet Whiskey Design,,Etsy,8.18,9.06,64.49,51.78,3.65,64.49,1,
4056656794,5/13/2026 11:17:48 AM,Woodmark Custom,,Etsy,12.20,12.20,73.23,56.90,4.13,73.23,1,
4062097913,5/13/2026 1:46:55 PM,Etched Elegance Shop,,Etsy,6.17,6.80,31.95,23.06,2.09,31.95,1,
4056743356,5/13/2026 12:57:38 PM,Marbella Custom Gifts,,Etsy,9.22,9.56,55.54,41.96,4.02,55.54,4,
4034789343,5/13/2026 2:36:28 PM,Etched Elegance Shop,,Etsy,7.06,0.00,0.00,0.00,0.00,0.00,0,
4062167359,5/13/2026 2:52:26 PM,Woodmark Custom,,Etsy,6.37,7.42,33.33,23.85,2.06,33.33,1,
4056836116,5/13/2026 2:45:10 PM, Velvet Whiskey Design,,Etsy,14.92,17.86,105.35,81.20,6.29,105.35,7,
4056845908,5/13/2026 2:56:55 PM,YemlihaDesign,,Etsy,6.65,6.70,28.03,19.50,1.83,28.03,1,
4062171481,5/13/2026 2:56:16 PM,Lumina Custom Design,,Etsy,8.18,8.18,53.14,41.02,3.94,53.14,1,
4062172513,5/13/2026 2:57:10 PM,Marbella Custom Gifts,,Etsy,5.89,5.89,32.17,24.22,2.06,32.17,1,
4057211651,5/13/2026 3:34:22 PM,Etched Elegance Shop,,Etsy,6.25,0.00,0.00,0.00,0.00,0.00,0,
4056866146,5/13/2026 3:21:40 PM,Etched Elegance Shop,,Etsy,6.88,8.03,110.28,94.08,8.17,110.28,4,
4062214305,5/13/2026 3:37:45 PM,Devran Custom Design,,Etsy,24.69,24.69,72.57,47.88,0.00,72.57,3,
4056900656,5/13/2026 4:05:42 PM,YemlihaDesign,,Etsy,18.13,23.64,228.81,187.73,17.44,228.81,1,
4062272587,5/13/2026 4:39:19 PM,Etched Elegance Shop,,Etsy,7.73,10.63,70.07,54.10,5.34,70.07,2,
4056912648,5/13/2026 4:21:10 PM,Devran Custom Design,,Etsy,15.89,16.85,107.46,82.56,8.05,107.46,1,
4056907118,5/13/2026 4:14:10 PM,Woodmark Custom,,Etsy,6.37,7.42,33.15,23.85,1.88,33.15,1,
4056951338,5/13/2026 5:14:30 PM,Devran Custom Design,,Etsy,9.69,9.94,66.98,53.76,3.28,66.98,3,
4062310831,5/13/2026 5:25:30 PM,YemlihaDesign,,Etsy,7.42,8.06,29.22,19.50,1.66,29.22,1,
4062285285,5/13/2026 4:53:31 PM,Woodmark Custom,,Etsy,6.25,6.98,33.30,23.85,2.47,33.30,1,
4062315301,5/13/2026 5:31:12 PM,Woodmark Custom,,Etsy,5.48,7.42,24.83,15.39,2.02,24.83,1,
4062310547,5/13/2026 5:25:11 PM,Woodmark Custom,,Etsy,7.77,7.77,68.08,56.90,3.41,68.08,1,
4062346071,5/13/2026 6:12:52 PM,YemlihaDesign,,Etsy,8.13,10.80,36.32,23.47,2.05,36.32,1,
4062352489,5/13/2026 6:21:35 PM,Etched Elegance Shop,,Etsy,7.13,12.87,35.29,20.90,1.52,35.29,1,
4057044872,5/13/2026 7:29:24 PM,Etched Elegance Shop,,Etsy,6.65,6.88,31.12,21.67,2.57,31.12,1,
4057056836,5/13/2026 7:46:41 PM,Devran Custom Design,,Etsy,8.06,9.06,59.82,46.72,4.04,59.82,4,
4062399513,5/13/2026 7:22:04 PM,CuteArtCustomDesign,,Etsy,8.12,5.99,32.91,24.70,2.22,32.91,1,
4062448113,5/13/2026 8:23:02 PM,Devran Custom Design,,Etsy,5.89,5.89,28.21,20.98,1.34,28.21,1,
4057045982,5/13/2026 7:31:07 PM,CuteArtCustomDesign,,Etsy,7.30,5.99,33.68,24.70,2.99,33.68,1,
4062445811,5/13/2026 8:20:11 PM,YemlihaDesign,,Etsy,7.42,8.13,22.68,13.26,1.29,22.68,1,
4062451337,5/13/2026 8:27:03 PM, Velvet Whiskey Design,,Etsy,27.15,36.57,71.37,34.80,0.00,71.37,3,
4062442365,5/13/2026 8:15:54 PM, Velvet Whiskey Design,,Etsy,18.86,15.49,213.23,182.40,15.34,213.23,1,
4057070214,5/13/2026 8:04:51 PM,Woodmark Custom,,Etsy,15.77,24.69,48.54,23.85,0.00,48.54,1,
4062432631,5/13/2026 8:03:45 PM,Woodmark Custom,,Etsy,5.72,7.46,24.23,15.39,1.38,24.23,1,
4057071252,5/13/2026 8:06:14 PM,Woodmark Custom,,Etsy,6.37,7.42,37.75,27.45,2.88,37.75,1,
4057092714,5/13/2026 8:35:57 PM,Woodmark Custom,,Etsy,5.83,7.69,34.03,24.19,2.15,34.03,1,
4057065140,5/13/2026 7:58:09 PM,Woodmark Custom,,Etsy,7.02,7.38,45.31,34.97,2.96,45.31,1,
4062440585,5/13/2026 8:13:41 PM,Woodmark Custom,,Etsy,6.17,6.65,33.47,23.85,2.97,33.47,1,
4062444701,5/13/2026 8:18:42 PM,Woodmark Custom,,Etsy,7.90,8.18,49.54,38.55,2.81,49.54,1,
4057151594,5/13/2026 10:00:20 PM,CuteArtCustomDesign,,Etsy,12.54,12.99,94.21,73.50,7.72,94.21,1,
4057124830,5/13/2026 9:20:52 PM,Devran Custom Design,,Etsy,6.24,6.24,37.53,29.52,1.77,37.53,1,
4062512137,5/13/2026 9:49:28 PM,Devran Custom Design,,Etsy,6.37,6.37,23.15,15.68,1.10,23.15,1,
4062470629,5/13/2026 8:52:15 PM,Marbella Custom Gifts,,Etsy,5.89,5.89,32.52,24.22,2.41,32.52,1,
4062453327,5/13/2026 8:29:37 PM,Marbella Custom Gifts,,Etsy,6.66,7.04,30.64,21.60,2.00,30.64,1,
4057144348,5/13/2026 9:48:33 PM,Etched Elegance Shop,,Etsy,7.50,13.62,108.60,89.60,5.38,108.60,5,
4057114016,5/13/2026 9:05:36 PM,Custom Gift by FTM,,Etsy,7.39,0.00,24.46,22.60,1.86,24.46,1,
4057119864,5/13/2026 9:13:41 PM, Velvet Whiskey Design,,Etsy,7.38,7.38,32.97,23.20,2.39,32.97,1,
4057150824,5/13/2026 9:59:12 PM, Velvet Whiskey Design,,Etsy,6.98,6.98,19.70,11.60,1.12,19.70,1,
4057147734,5/13/2026 9:54:11 PM, Velvet Whiskey Design,,Etsy,10.63,12.22,111.52,92.80,6.50,111.52,1,
4062506001,5/13/2026 9:40:44 PM,Woodmark Custom,,Etsy,6.37,7.42,31.90,22.50,1.98,31.90,1,
4062529035,5/13/2026 10:15:31 PM,Woodmark Custom,,Etsy,5.97,0.00,18.64,16.98,1.66,18.64,1,
4057176784,5/13/2026 10:46:37 PM,Woodmark Custom,,Etsy,9.06,9.06,72.56,56.90,6.60,72.56,1,
4057175928,5/13/2026 10:44:52 PM,Etched Elegance Shop,,Etsy,10.45,10.79,164.92,143.34,10.79,164.92,6,
4057163924,5/13/2026 10:21:48 PM,Etched Elegance Shop,,Etsy,9.04,13.04,70.59,52.92,4.63,70.59,2,
4057194130,5/13/2026 11:25:41 PM,Etched Elegance Shop,,Etsy,6.52,9.95,38.75,26.46,2.34,38.75,1,
4057186802,5/13/2026 11:07:55 PM,Lumina Custom Design,,Etsy,9.42,9.42,31.80,20.51,1.87,31.80,1,
4049910601,5/14/2026 3:11:18 AM,Devran Custom Design,,Etsy,5.48,8.18,79.75,29.20,4.99,42.37,1,
4050641337,5/14/2026 3:13:53 AM,Devran Custom Design,,Etsy,5.40,5.83,29.88,29.20,1.85,36.88,1,
4057264250,5/14/2026 3:02:21 AM,Devran Custom Design,,Etsy,15.22,15.22,37.98,21.12,1.64,37.98,1,
4049535824,5/14/2026 5:02:56 AM,Woodmark Custom,,Etsy,6.25,6.98,33.59,54.90,1.91,63.79,1,
4057297498,5/14/2026 4:44:12 AM,Woodmark Custom,,Etsy,5.48,7.42,24.83,15.39,2.02,24.83,1,
4045297032,5/14/2026 5:49:16 AM, Velvet Whiskey Design,,Etsy,7.39,7.90,21.92,32.26,1.76,41.92,1,
4062699335,5/14/2026 5:55:04 AM, Velvet Whiskey Design,,Etsy,11.16,12.22,136.71,116.00,8.49,136.71,1,
4062712103,5/14/2026 6:22:44 AM,Etched Elegance Shop,,Etsy,6.25,7.38,29.54,20.90,1.26,29.54,1,
4062777879,5/14/2026 8:07:41 AM,YemlihaDesign,,Etsy,6.95,6.95,30.80,22.50,1.35,30.80,1,
4062766011,5/14/2026 7:52:06 AM,Etched Elegance Shop,,Etsy,6.88,8.82,88.23,71.68,7.73,88.23,4,
4062780115,5/14/2026 8:10:35 AM,Woodmark Custom,,Etsy,6.37,7.42,32.76,23.85,1.49,32.76,1,
4062767739,5/14/2026 7:54:19 AM,Woodmark Custom,,Etsy,6.25,6.98,31.25,22.50,1.77,31.25,1,
4062846565,5/14/2026 9:27:42 AM,YemlihaDesign,,Etsy,6.98,7.38,32.42,23.47,1.57,32.42,1,
4062834247,5/14/2026 9:14:12 AM,Devran Custom Design,,Etsy,5.40,5.40,17.64,11.16,1.08,17.64,1,
4062834669,5/14/2026 9:14:40 AM, Velvet Whiskey Design,,Etsy,7.90,7.90,22.54,12.80,1.84,22.54,1,
4057468740,5/14/2026 9:38:52 AM,Lumina Custom Design,,Etsy,9.95,12.06,45.84,30.78,3.00,45.84,3,
4062931957,5/14/2026 10:55:20 AM,Woodmark Custom,,Etsy,8.95,7.31,103.88,90.00,6.57,103.88,4,
4057538730,5/14/2026 10:54:51 AM,YemlihaDesign,,Etsy,28.39,56.54,260.49,187.76,16.19,260.49,8,
4057504962,5/14/2026 10:19:16 AM,YemlihaDesign,,Etsy,5.97,6.58,31.48,22.50,2.40,31.48,1,
4062946209,5/14/2026 11:09:32 AM,YemlihaDesign,,Etsy,7.60,9.52,35.72,23.47,2.45,35.44,1,
4057468736,5/14/2026 9:38:51 AM,Devran Custom Design,,Etsy,11.50,14.67,53.19,35.04,3.48,53.19,3,
4057525952,5/14/2026 10:41:42 AM,Devran Custom Design,,Etsy,14.67,14.67,77.39,62.72,0.00,77.39,1,
4062901965,5/14/2026 10:24:26 AM,Devran Custom Design,,Etsy,6.25,6.25,28.06,19.20,2.61,28.06,1,
4062998381,5/14/2026 11:59:35 AM,Custom Gift by FTM,,Etsy,6.66,0.00,30.30,28.32,1.98,30.30,1,
4057575156,5/14/2026 11:36:29 AM,YemlihaDesign,,Etsy,7.42,8.06,35.05,24.70,2.29,35.05,1,
4062978017,5/14/2026 11:40:13 AM,YemlihaDesign,,Etsy,7.42,8.18,33.87,23.47,2.22,33.87,1,
4057568570,5/14/2026 11:28:49 AM,Etched Elegance Shop,,Etsy,6.10,6.77,29.33,20.90,1.66,29.33,1,
4057621420,5/14/2026 12:29:44 PM,Custom Gift by FTM,,Etsy,9.54,0.00,24.97,22.60,2.37,24.97,1,
4063007991,5/14/2026 12:09:03 PM, Velvet Whiskey Design,,Etsy,8.18,9.06,60.31,46.40,4.85,60.31,1,
4057621618,5/14/2026 12:29:57 PM,Woodmark Custom,,Etsy,5.48,7.42,24.06,15.39,1.25,24.06,1,
4063062627,5/14/2026 1:03:35 PM,Etched Elegance Shop,,Etsy,7.51,8.08,52.61,39.86,4.67,52.61,1,
4057645656,5/14/2026 12:56:43 PM, Velvet Whiskey Design,,Etsy,6.37,6.37,23.48,15.20,1.91,23.48,1,
4057654038,5/14/2026 1:06:35 PM, Velvet Whiskey Design,,Etsy,6.37,6.37,23.27,15.20,1.70,23.27,1,
4063060681,5/14/2026 1:01:39 PM,Marbella Custom Gifts,,Etsy,5.89,5.89,31.77,24.22,1.66,31.77,1,
4063119017,5/14/2026 1:57:20 PM,YemlihaDesign,,Etsy,6.98,7.38,37.46,28.37,1.71,37.46,1,
4057696860,5/14/2026 1:54:53 PM, Velvet Whiskey Design,,Etsy,6.37,6.37,20.49,12.94,1.18,20.49,1,
4063115185,5/14/2026 1:53:55 PM, Velvet Whiskey Design,,Etsy,6.37,6.37,24.77,17.20,1.20,24.77,1,
4031115618,5/14/2026 2:00:11 PM,YemlihaDesign,,Etsy,7.80,0.00,0.00,0.00,0.00,0.00,0,
4063139399,5/14/2026 2:16:56 PM, Velvet Whiskey Design,,Etsy,8.13,8.13,26.46,16.60,1.73,26.46,1,
4063171299,5/14/2026 2:47:38 PM,Devran Custom Design,,Etsy,5.40,5.40,24.86,18.36,1.10,24.86,1,
4057749908,5/14/2026 2:55:14 PM,Woodmark Custom,,Etsy,6.95,8.13,37.71,27.45,2.13,37.71,1,
4057758320,5/14/2026 3:04:59 PM,Woodmark Custom,,Etsy,6.25,6.98,33.30,23.85,2.47,33.30,1,
4057762460,5/14/2026 3:09:51 PM,YemlihaDesign,,Etsy,28.39,33.01,211.68,164.29,14.38,211.68,7,
4057760858,5/14/2026 3:07:54 PM, Velvet Whiskey Design,,Etsy,10.96,12.84,45.24,30.28,2.12,45.24,2,
4063191881,5/14/2026 3:07:53 PM,Devran Custom Design,,Etsy,6.36,9.95,34.95,23.36,1.64,34.95,1,
4063232731,5/14/2026 3:48:42 PM,Custom Gift by FTM,,Etsy,5.72,0.00,25.98,24.22,1.76,25.98,1,
4063240133,5/14/2026 3:56:16 PM,Lumina Custom Design,,Etsy,5.83,5.83,17.14,10.26,1.05,17.14,1,
4057806380,5/14/2026 4:02:11 PM,Woodmark Custom,,Etsy,6.95,8.13,32.94,22.50,2.31,32.94,1,
4063265737,5/14/2026 4:24:05 PM,YemlihaDesign,,Etsy,6.98,7.38,32.70,23.47,1.85,32.70,1,
4057823740,5/14/2026 4:24:06 PM,Devran Custom Design,,Etsy,5.40,5.40,21.52,14.76,1.36,21.52,1,
4063262701,5/14/2026 4:20:46 PM, Velvet Whiskey Design,,Etsy,6.58,6.58,23.40,15.20,1.62,23.40,1,
4057843054,5/14/2026 4:49:35 PM,Etched Elegance Shop,,Etsy,15.31,35.20,216.32,161.28,19.84,216.32,9,
4057851762,5/14/2026 5:01:35 PM,YemlihaDesign,,Etsy,6.24,6.24,18.13,10.93,0.96,18.13,1,
4063283705,5/14/2026 4:45:07 PM, Velvet Whiskey Design,,Etsy,7.88,8.03,77.26,64.72,4.51,77.26,5,
4057847158,5/14/2026 4:55:08 PM, Velvet Whiskey Design,,Etsy,8.18,8.23,159.22,139.20,11.79,159.22,1,
4057835938,5/14/2026 4:39:46 PM,Woodmark Custom,,Etsy,6.37,7.42,32.50,22.50,2.58,32.50,1,
4063323611,5/14/2026 5:35:07 PM,Devran Custom Design,,Etsy,6.58,6.58,24.92,16.00,2.06,24.64,1,
4063318927,5/14/2026 5:28:59 PM, Velvet Whiskey Design,,Etsy,8.51,8.51,33.10,52.20,1.39,62.10,2,
4057908954,5/14/2026 6:24:58 PM,Etched Elegance Shop,,Etsy,7.02,8.01,53.92,41.80,4.11,53.92,1,
4063332431,5/14/2026 5:47:03 PM,Devran Custom Design,,Etsy,6.37,6.37,23.65,15.68,1.60,23.65,1,
4057893696,5/14/2026 6:01:46 PM,Devran Custom Design,,Etsy,7.90,8.13,24.22,15.14,0.95,24.22,1,
4057908124,5/14/2026 6:23:40 PM,YemlihaDesign,,Etsy,7.90,8.06,37.19,26.10,3.03,37.19,2,
4057885958,5/14/2026 5:50:46 PM,YemlihaDesign,,Etsy,10.96,10.96,81.56,65.26,5.34,81.56,1,
4063349279,5/14/2026 6:09:59 PM,Lumina Custom Design,,Etsy,7.38,7.38,49.25,39.50,2.37,49.25,1,
4063361929,5/14/2026 6:26:34 PM, Velvet Whiskey Design,,Etsy,9.35,9.35,32.43,20.60,2.20,32.15,1,
4057921658,5/14/2026 6:43:16 PM,Woodmark Custom,,Etsy,6.96,6.96,68.33,56.90,4.47,68.33,1,
4063377285,5/14/2026 6:46:50 PM,Woodmark Custom,,Etsy,5.28,6.65,28.16,19.79,1.72,28.16,1,
4057957128,5/14/2026 7:33:47 PM,Marbella Custom Gifts,,Etsy,6.98,7.04,28.87,20.00,1.83,28.87,1,
4063418889,5/14/2026 7:43:19 PM,Lumina Custom Design,,Etsy,6.03,6.03,17.43,10.26,1.14,17.43,1,
4057956584,5/14/2026 7:33:00 PM,Marbella Custom Gifts,,Etsy,5.89,5.89,23.06,15.39,1.78,23.06,1,
4057992554,5/14/2026 8:23:49 PM,Etched Elegance Shop,,Etsy,6.25,7.38,29.53,20.90,1.25,29.53,1,
4057960030,5/14/2026 7:37:47 PM,Woodmark Custom,,Etsy,5.72,7.46,19.83,10.99,1.38,19.83,1,
4057969896,5/14/2026 7:51:16 PM, Velvet Whiskey Design,,Etsy,9.30,9.30,67.18,54.60,3.28,67.18,3,
4063401729,5/14/2026 7:20:08 PM,Woodmark Custom,,Etsy,6.25,6.98,33.60,23.85,2.77,33.60,1,
4057975208,5/14/2026 7:58:53 PM, Velvet Whiskey Design,,Etsy,7.22,7.22,25.55,16.60,1.73,25.55,1,
4057979854,5/14/2026 8:05:46 PM, Velvet Whiskey Design,,Etsy,8.18,8.18,107.67,92.80,6.69,107.67,1,
4057978958,5/14/2026 8:04:26 PM, Velvet Whiskey Design,,Etsy,7.90,7.90,26.89,16.80,2.19,26.89,1,
4063481299,5/14/2026 9:04:09 PM, Velvet Whiskey Design,,Etsy,6.98,6.98,19.69,11.60,1.11,19.69,1,
4063490047,5/14/2026 9:16:07 PM,Devran Custom Design,,Etsy,5.97,5.97,30.55,22.32,2.26,30.55,2,
4063492877,5/14/2026 9:20:08 PM,Lumina Custom Design,,Etsy,8.06,8.06,19.99,11.25,0.68,19.99,1,
4058010126,5/14/2026 8:49:00 PM,Woodmark Custom,,Etsy,6.25,6.98,33.99,23.85,3.16,33.99,1,
4058003826,5/14/2026 8:39:49 PM,Custom Gift by FTM,,Etsy,9.35,0.00,181.18,169.33,11.85,181.18,1,
4058026714,5/14/2026 9:13:05 PM,Etched Elegance Shop,,Etsy,6.72,9.94,32.59,20.90,1.75,32.59,1,
4063477221,5/14/2026 8:58:05 PM,YemlihaDesign,,Etsy,7.38,8.01,59.21,46.94,4.26,59.21,2,
4063522333,5/14/2026 10:03:03 PM,YemlihaDesign,,Etsy,7.69,9.95,35.59,23.47,2.17,35.59,1,
4058062812,5/14/2026 10:09:43 PM,Devran Custom Design,,Etsy,5.48,5.48,21.58,14.76,1.34,21.58,1,
4063538645,5/14/2026 10:30:26 PM,YemlihaDesign,,Etsy,6.98,7.38,33.16,23.47,2.31,33.16,1,
4063548515,5/14/2026 10:49:04 PM,Marbella Custom Gifts,,Etsy,5.48,5.48,23.92,17.08,1.36,23.92,1,
4063554313,5/14/2026 11:00:18 PM,Woodmark Custom,,Etsy,9.06,9.06,69.92,56.90,3.96,69.92,1,
4058095262,5/14/2026 11:14:31 PM,Etched Elegance Shop,,Etsy,7.78,15.28,125.32,104.50,5.54,125.32,5,
4058121700,5/15/2026 12:23:40 AM, Velvet Whiskey Design,,Etsy,6.25,6.25,20.49,12.94,1.30,20.49,1,
4058133186,5/15/2026 12:59:33 AM,Etched Elegance Shop,,Etsy,8.76,10.80,36.54,23.89,1.85,36.54,1,
4047425173,5/15/2026 3:14:06 AM, Velvet Whiskey Design,,Etsy,5.97,14.48,119.73,24.99,10.01,49.48,1,
4058170414,5/15/2026 3:09:50 AM,Devran Custom Design,,Etsy,6.10,6.10,27.32,19.20,2.02,27.32,1,
4054287536,5/15/2026 3:58:04 AM, Velvet Whiskey Design,,Etsy,6.73,9.12,71.82,58.00,4.70,71.82,2,
4058191800,5/15/2026 4:26:23 AM,Etched Elegance Shop,,Etsy,6.25,7.22,32.10,23.06,1.82,32.10,1,
4063667979,5/15/2026 4:27:49 AM,YemlihaDesign,,Etsy,6.65,6.88,32.40,23.47,2.05,32.40,1,
4063718637,5/15/2026 6:29:37 AM,YemlihaDesign,,Etsy,7.42,8.18,34.18,23.47,2.53,34.18,1,
4063748055,5/15/2026 7:20:04 AM,Woodmark Custom,,Etsy,5.40,6.98,23.29,15.39,0.92,23.29,1,
4063789311,5/15/2026 8:14:09 AM,Lumina Custom Design,,Etsy,12.74,35.68,225.98,176.26,14.04,225.98,12,
4063799441,5/15/2026 8:25:50 AM,Devran Custom Design,,Etsy,5.28,5.28,18.04,11.16,1.60,18.04,1,
4063885527,5/15/2026 9:55:00 AM,YemlihaDesign,,Etsy,6.65,6.88,32.55,23.47,2.20,32.55,1,
4058352468,5/15/2026 9:36:17 AM,Etched Elegance Shop,,Etsy,6.37,8.13,33.17,23.06,1.98,33.17,1,
4063891795,5/15/2026 10:01:19 AM,Woodmark Custom,,Etsy,6.95,8.13,35.35,23.85,3.37,35.35,1,
3943094986,5/15/2026 11:15:25 AM,YemlihaDesign,,Etsy,6.36,0.00,0.00,0.00,0.00,0.00,0,
4058479286,5/15/2026 12:10:59 PM,Custom Gift by FTM,,Etsy,7.26,0.00,104.86,96.87,7.99,104.86,1,
4064024411,5/15/2026 12:06:42 PM,YemlihaDesign,,Etsy,8.13,10.01,31.41,19.50,1.90,31.41,1,
4058445776,5/15/2026 11:31:08 AM,Devran Custom Design,,Etsy,5.40,6.25,18.64,11.68,0.71,18.64,1,
4058493892,5/15/2026 12:28:55 PM,YemlihaDesign,,Etsy,7.80,9.94,35.55,23.47,2.14,35.55,1,
4064027177,5/15/2026 12:09:26 PM,YemlihaDesign,,Etsy,9.52,9.52,59.33,45.00,4.53,59.05,2,
4064003979,5/15/2026 11:47:11 AM,Devran Custom Design,,Etsy,5.72,5.72,21.71,14.76,1.23,21.71,1,
4063975129,5/15/2026 11:20:17 AM,YemlihaDesign,,Etsy,7.69,9.95,35.68,23.47,2.26,35.68,1,
4058496640,5/15/2026 12:32:17 PM, Velvet Whiskey Design,,Etsy,7.90,8.06,30.33,19.80,2.47,30.33,1,
4064059265,5/15/2026 12:40:25 PM,Marbella Custom Gifts,,Etsy,9.22,9.22,36.45,24.22,3.01,36.45,1,
4064068653,5/15/2026 12:49:20 PM,Etched Elegance Shop,,Etsy,7.26,8.18,40.13,28.89,3.06,40.13,1,
4064075295,5/15/2026 12:55:49 PM,Woodmark Custom,,Etsy,5.97,8.13,27.87,17.99,1.75,27.87,1,
4052290324,5/15/2026 1:03:37 PM,YemlihaDesign,,Etsy,7.46,0.00,0.00,0.00,0.00,0.00,0,
4058559838,5/15/2026 1:49:05 PM,Etched Elegance Shop,,Etsy,10.30,14.92,86.60,71.68,0.00,86.60,4,
4064085833,5/15/2026 1:05:50 PM,Devran Custom Design,,Etsy,6.95,6.95,53.42,41.96,4.51,53.42,2,
4064080069,5/15/2026 1:00:20 PM, Velvet Whiskey Design,,Etsy,8.18,9.06,46.65,34.80,2.79,46.65,2,
4058549142,5/15/2026 1:36:10 PM,Woodmark Custom,,Etsy,14.01,14.17,160.38,135.00,11.21,160.38,6,
4064094293,5/15/2026 1:13:59 PM,Woodmark Custom,,Etsy,20.76,36.57,92.18,55.61,0.00,92.18,1,
4064146975,5/15/2026 2:04:19 PM,Woodmark Custom,,Etsy,5.40,6.98,22.23,13.99,1.26,22.23,1,
4064190827,5/15/2026 2:47:00 PM,YemlihaDesign,,Etsy,5.89,6.37,30.70,22.50,1.83,30.70,1,
4058616504,5/15/2026 2:59:27 PM,Woodmark Custom,,Etsy,11.50,11.50,36.16,22.50,2.16,36.16,1,
4058625940,5/15/2026 3:11:18 PM,Lumina Custom Design,,Etsy,8.06,8.06,30.96,20.51,2.39,30.96,1,
4058637024,5/15/2026 3:24:35 PM,Devran Custom Design,,Etsy,5.97,9.52,35.39,23.36,2.51,35.39,1,
4064225459,5/15/2026 3:21:44 PM,Devran Custom Design,,Etsy,5.97,9.52,35.39,23.36,2.51,35.39,1,
4064216933,5/15/2026 3:12:58 PM, Velvet Whiskey Design,,Etsy,7.38,7.77,58.10,46.40,3.93,58.10,1,
4064235237,5/15/2026 3:32:11 PM,YemlihaDesign,,Etsy,10.63,11.82,111.33,93.88,5.63,111.33,4,
4058666082,5/15/2026 4:00:53 PM,Etched Elegance Shop,,Etsy,6.36,7.69,26.86,17.92,1.25,26.86,1,
4058665660,5/15/2026 4:00:12 PM, Velvet Whiskey Design,,Etsy,8.03,8.03,121.51,103.55,9.93,121.51,1,
4058699164,5/15/2026 4:44:06 PM, Velvet Whiskey Design,,Etsy,10.80,12.20,62.20,46.40,3.60,62.20,1,
4058720972,5/15/2026 5:14:23 PM,Etched Elegance Shop,,Etsy,14.28,26.32,186.86,146.30,14.24,186.86,7,
4064316667,5/15/2026 5:09:05 PM, Velvet Whiskey Design,,Etsy,7.90,7.90,21.61,12.90,0.81,21.61,1,
4064345463,5/15/2026 5:47:58 PM,Woodmark Custom,,Etsy,20.76,36.57,92.18,55.61,0.00,92.18,1,
4058748550,5/15/2026 5:55:39 PM,Etched Elegance Shop,,Etsy,6.37,7.42,29.03,19.93,1.68,29.03,1,
4058760424,5/15/2026 6:14:16 PM,SenaCustomStore,,Etsy,7.02,7.02,19.37,11.25,1.10,19.37,1,
4064367225,5/15/2026 6:18:38 PM, Velvet Whiskey Design,,Etsy,7.22,7.22,25.37,16.60,1.55,25.37,1,
4058787208,5/15/2026 6:55:19 PM,YemlihaDesign,,Etsy,8.13,10.80,40.87,28.37,1.70,40.87,1,
4064382435,5/15/2026 6:41:27 PM,Etched Elegance Shop,,Etsy,6.25,7.38,29.53,20.90,1.25,29.53,1,
4058790910,5/15/2026 7:01:00 PM,YemlihaDesign,,Etsy,8.13,10.80,35.68,23.47,1.41,35.68,1,
4064406305,5/15/2026 7:18:22 PM,Etched Elegance Shop,,Etsy,6.25,7.38,30.19,20.90,1.91,30.19,1,
4064440167,5/15/2026 8:10:36 PM,Devran Custom Design,,Etsy,5.89,8.18,33.75,23.36,2.21,33.75,1,
4064393123,5/15/2026 6:57:54 PM,Devran Custom Design,,Etsy,7.02,7.04,31.47,23.04,1.39,31.47,1,
4058790560,5/15/2026 7:00:27 PM,Devran Custom Design,,Etsy,7.90,8.06,38.59,28.80,1.73,38.59,1,
4064472565,5/15/2026 9:00:31 PM, Velvet Whiskey Design,,Etsy,8.01,9.12,71.82,58.00,4.70,71.82,5,
4058853114,5/15/2026 8:38:39 PM, Velvet Whiskey Design,,Etsy,6.37,6.37,20.90,12.94,1.59,20.90,1,
4064498143,5/15/2026 9:41:34 PM, Velvet Whiskey Design,,Etsy,6.98,6.98,19.88,11.60,1.30,19.88,1,
4064487941,5/15/2026 9:24:54 PM, Velvet Whiskey Design,,Etsy,7.42,7.42,20.09,11.60,1.07,20.09,1,
4064494305,5/15/2026 9:34:58 PM,Lumina Custom Design,,Etsy,6.37,8.06,29.00,19.75,1.19,29.00,1,
4064475887,5/15/2026 9:05:44 PM,Marbella Custom Gifts,,Etsy,7.26,8.06,32.26,21.60,2.60,32.26,1,
4064473369,5/15/2026 9:01:34 PM,Devran Custom Design,,Etsy,7.83,8.00,36.34,26.24,2.10,36.34,1,
4064475273,5/15/2026 9:04:45 PM,Etched Elegance Shop,,Etsy,13.25,32.50,288.36,232.96,22.90,288.36,13,
4058889932,5/15/2026 9:39:17 PM,Etched Elegance Shop,,Etsy,7.73,10.63,86.79,71.68,4.48,86.79,4,
4058874708,5/15/2026 9:12:27 PM,Etched Elegance Shop,,Etsy,7.50,24.39,117.84,85.74,7.71,117.84,3,
4064509863,5/15/2026 10:01:24 PM,Marbella Custom Gifts,,Etsy,5.48,5.48,23.92,17.08,1.36,23.92,1,
4058934024,5/15/2026 11:12:32 PM,Devran Custom Design,,Etsy,5.58,6.25,19.32,11.68,1.39,19.32,1,
4058935790,5/15/2026 11:16:48 PM,Woodmark Custom,,Etsy,7.56,7.56,67.75,55.61,4.58,67.75,1,
4064540057,5/15/2026 10:57:26 PM,Woodmark Custom,,Etsy,5.97,8.13,27.96,17.99,1.84,27.96,1,
4064519165,5/15/2026 10:18:22 PM,Woodmark Custom,,Etsy,5.48,7.42,31.87,21.99,2.46,31.87,1,
4054096102,5/16/2026 2:02:30 AM,Etched Elegance Shop,,Etsy,5.48,0.00,0.00,0.00,0.00,0.00,0,
4059097910,5/16/2026 7:25:36 AM,Devran Custom Design,,Etsy,5.48,5.48,22.44,15.96,1.00,22.44,1,
4064699687,5/16/2026 6:58:54 AM,Woodmark Custom,,Etsy,5.48,0.00,18.00,16.98,1.02,18.00,1,
4059096954,5/16/2026 7:23:44 AM,YemlihaDesign,,Etsy,6.00,6.00,32.47,23.82,2.65,32.47,1,
4064785747,5/16/2026 9:06:13 AM,Devran Custom Design,,Etsy,5.48,5.48,21.46,14.76,1.22,21.46,1,
4064769883,5/16/2026 8:45:43 AM,Devran Custom Design,,Etsy,6.25,6.25,23.19,16.00,0.94,23.19,1,
4064803487,5/16/2026 9:27:59 AM,Devran Custom Design,,Etsy,6.30,8.51,33.27,23.36,1.40,33.27,1,
4064790681,5/16/2026 9:12:22 AM,Woodmark Custom,,Etsy,6.95,8.13,37.71,27.45,2.13,37.71,1,
4064787513,5/16/2026 9:08:25 AM,Etched Elegance Shop,,Etsy,7.46,8.51,34.07,24.27,1.29,34.07,1,
4064867251,5/16/2026 10:40:25 AM,Lumina Custom Design,,Etsy,6.57,6.57,28.91,20.51,1.83,28.91,1,
4064851131,5/16/2026 10:23:05 AM,Woodmark Custom,,Etsy,5.48,7.42,31.03,21.99,1.62,31.03,1,
4059260188,5/16/2026 11:05:31 AM,YemlihaDesign,,Etsy,6.52,6.57,27.83,19.50,1.76,27.83,1,
4064854205,5/16/2026 10:26:19 AM,YemlihaDesign,,Etsy,6.95,6.95,37.09,27.43,2.71,37.09,1,
4059215740,5/16/2026 10:13:34 AM,Etched Elegance Shop,,Etsy,5.83,6.98,26.64,17.92,1.74,26.64,1,
4059221822,5/16/2026 10:20:41 AM, Velvet Whiskey Design,,Etsy,7.38,7.38,34.64,25.89,1.37,34.64,2,
4064878839,5/16/2026 10:52:54 AM, Velvet Whiskey Design,,Etsy,7.42,7.42,19.72,11.60,0.70,19.72,1,
4064922069,5/16/2026 11:38:29 AM,Devran Custom Design,,Etsy,7.38,7.38,37.67,27.99,2.30,37.67,1,
4059310004,5/16/2026 12:02:44 PM,Woodmark Custom,,Etsy,5.97,8.13,23.52,13.99,1.40,23.52,1,
4064978943,5/16/2026 12:38:38 PM,SenaCustomStore,,Etsy,6.00,5.97,18.66,11.76,0.93,18.66,1,
4059333788,5/16/2026 12:30:14 PM,YemlihaDesign,,Etsy,7.69,8.18,34.22,23.47,2.57,34.22,1,
4059309414,5/16/2026 12:02:05 PM,YemlihaDesign,,Etsy,7.42,8.18,38.54,28.37,1.99,38.54,1,
4064955125,5/16/2026 12:13:00 PM,Etched Elegance Shop,,Etsy,6.37,8.18,31.66,20.90,2.58,31.66,1,
4064947133,5/16/2026 12:04:18 PM,Marbella Custom Gifts,,Etsy,7.26,8.06,31.62,21.60,1.96,31.62,1,
4059342794,5/16/2026 12:40:19 PM, Velvet Whiskey Design,,Etsy,12.22,12.22,111.52,92.80,6.50,111.52,8,
4059338274,5/16/2026 12:35:27 PM, Velvet Whiskey Design,,Etsy,7.42,7.42,20.54,11.60,1.52,20.54,1,
4059398408,5/16/2026 1:43:12 PM,Etched Elegance Shop,,Etsy,8.76,10.80,49.24,35.84,2.60,49.24,1,
4065036109,5/16/2026 1:38:42 PM,Woodmark Custom,,Etsy,6.58,7.60,33.85,23.85,2.40,33.85,1,
4065017791,5/16/2026 1:19:50 PM,Devran Custom Design,,Etsy,6.39,6.39,24.51,16.00,2.12,24.51,1,
4065001735,5/16/2026 1:02:37 PM,Devran Custom Design,,Etsy,8.18,8.18,38.70,27.99,2.53,38.70,1,
4059382886,5/16/2026 1:25:39 PM, Velvet Whiskey Design,,Etsy,11.16,11.16,57.56,46.40,0.00,57.56,4,
4059358744,5/16/2026 12:58:10 PM,SenaCustomStore,,Etsy,5.48,5.89,19.13,11.76,1.48,19.13,1,
4059464312,5/16/2026 3:00:04 PM,YemlihaDesign,,Etsy,7.42,8.18,33.87,23.47,2.22,33.87,1,
4059450844,5/16/2026 2:43:16 PM, Velvet Whiskey Design,,Etsy,16.72,27.65,48.25,20.60,0.00,48.25,1,
4065165081,5/16/2026 3:52:29 PM,Woodmark Custom,,Etsy,5.40,6.98,26.47,17.99,1.50,26.47,1,
4065165939,5/16/2026 3:53:34 PM,Woodmark Custom,,Etsy,5.28,6.65,26.92,17.99,2.28,26.92,1,
4059537468,5/16/2026 4:24:58 PM,Etched Elegance Shop,,Etsy,6.39,8.51,31.76,20.90,2.35,31.76,1,
4059467448,5/16/2026 3:04:04 PM,Etched Elegance Shop,,Etsy,6.25,7.38,30.54,20.90,2.26,30.54,1,
4060227179,5/16/2026 4:54:21 PM,Woodmark Custom,,Etsy,6.10,6.52,31.70,45.00,2.68,54.20,1,
4065208733,5/16/2026 4:44:32 PM,Lumina Custom Design,,Etsy,6.95,10.01,30.53,20.52,0.00,30.53,2,
4059597644,5/16/2026 5:43:13 PM,Devran Custom Design,,Etsy,5.73,6.88,33.19,23.36,2.95,33.19,1,
4059625114,5/16/2026 6:21:43 PM,Lumina Custom Design,,Etsy,10.01,10.01,22.36,11.25,1.10,22.36,1,
4065285479,5/16/2026 6:27:02 PM,Woodmark Custom,,Etsy,6.37,7.42,31.27,22.50,1.35,31.27,1,
4065256929,5/16/2026 5:47:59 PM,Woodmark Custom,,Etsy,6.37,7.42,34.01,23.85,2.74,34.01,1,
4065294301,5/16/2026 6:39:27 PM,YemlihaDesign,,Etsy,6.98,7.38,32.70,23.47,1.85,32.70,1,
4059580482,5/16/2026 5:19:40 PM,Etched Elegance Shop,,Etsy,6.95,10.80,31.70,20.90,0.00,31.70,1,
4065357419,5/16/2026 8:11:53 PM, Velvet Whiskey Design,,Etsy,16.98,26.33,109.94,75.56,8.05,109.94,3,
4059649954,5/16/2026 6:57:54 PM, Velvet Whiskey Design,,Etsy,9.30,9.94,38.19,25.89,2.36,38.19,1,
4065312155,5/16/2026 7:05:23 PM,Woodmark Custom,,Etsy,11.84,14.92,98.00,77.10,5.98,98.00,2,
4059671678,5/16/2026 7:29:59 PM,Custom Gift by FTM,,Etsy,5.58,5.58,38.07,30.00,2.49,38.07,2,
4059680474,5/16/2026 7:43:03 PM,YemlihaDesign,,Etsy,16.19,18.31,118.99,93.87,6.81,118.99,3,
4065347809,5/16/2026 7:57:43 PM,Etched Elegance Shop,,Etsy,5.73,6.65,26.29,17.92,1.72,26.29,1,
4065395515,5/16/2026 9:08:57 PM, Velvet Whiskey Design,,Etsy,8.99,9.52,35.62,23.20,2.62,35.34,2,
4059731632,5/16/2026 8:59:27 PM,YemlihaDesign,,Etsy,7.60,9.52,39.45,28.37,1.56,39.45,1,
4065378231,5/16/2026 8:43:12 PM,YemlihaDesign,,Etsy,10.80,10.80,60.19,45.00,4.39,60.19,2,
4065411233,5/16/2026 9:33:33 PM,YemlihaDesign,,Etsy,8.13,10.80,36.73,23.47,2.46,36.73,1,
4059744544,5/16/2026 9:19:31 PM,Etched Elegance Shop,,Etsy,6.72,9.94,32.57,20.90,1.73,32.57,1,
4059746630,5/16/2026 9:23:13 PM,Devran Custom Design,,Etsy,18.48,18.48,45.76,27.28,0.00,45.76,1,
4065394767,5/16/2026 9:07:47 PM,Marbella Custom Gifts,,Etsy,8.76,10.01,33.28,21.60,1.67,33.28,1,
4065439233,5/16/2026 10:22:47 PM,Etched Elegance Shop,,Etsy,6.25,7.38,30.54,20.90,2.26,30.54,1,
4059789980,5/16/2026 10:37:28 PM,Devran Custom Design,,Etsy,5.62,5.62,24.90,18.36,0.92,24.90,1,
4065476611,5/16/2026 11:43:39 PM,YemlihaDesign,,Etsy,7.42,8.18,33.55,23.47,1.90,33.55,1,
4059860264,5/17/2026 1:59:17 AM,Etched Elegance Shop,,Etsy,0.00,10.80,33.45,20.90,1.75,33.45,1,
4059851544,5/17/2026 1:28:19 AM, Velvet Whiskey Design,,Etsy,7.99,8.13,20.86,11.60,1.13,20.86,1,
4059893658,5/17/2026 3:52:09 AM, Velvet Whiskey Design,,Etsy,6.52,6.52,22.78,15.20,1.06,22.78,1,
4065532399,5/17/2026 2:55:16 AM,Woodmark Custom,,Etsy,5.40,6.98,26.05,17.99,1.08,26.05,1,
4065590187,5/17/2026 5:59:16 AM,Etched Elegance Shop,,Etsy,0.00,7.38,29.53,20.90,1.25,29.53,1,
4065609915,5/17/2026 6:48:17 AM,YemlihaDesign,,Etsy,9.58,11.16,88.10,70.41,6.53,88.10,3,
4060063914,5/17/2026 9:37:09 AM,Woodmark Custom,,Etsy,7.67,11.50,31.92,17.99,2.43,31.92,1,
4065670919,5/17/2026 8:31:43 AM,Woodmark Custom,,Etsy,7.56,7.56,51.24,40.44,3.24,51.24,1,
4060064286,5/17/2026 9:37:34 AM,Woodmark Custom,,Etsy,7.77,7.77,69.04,56.90,4.37,69.04,1,
4065728625,5/17/2026 9:45:15 AM,Etched Elegance Shop,,Etsy,0.00,10.80,33.74,20.90,2.04,33.74,1,
4060116030,5/17/2026 10:39:26 AM,Woodmark Custom,,Etsy,6.17,6.65,33.25,23.85,2.75,33.25,1,
4065810825,5/17/2026 11:15:36 AM,Marbella Custom Gifts,,Etsy,26.74,27.65,70.85,43.20,0.00,70.85,1,
4065853181,5/17/2026 11:58:08 AM,YemlihaDesign,,Etsy,11.82,13.34,162.96,140.82,8.80,162.96,6,
4060150250,5/17/2026 11:18:42 AM,YemlihaDesign,,Etsy,11.16,12.22,152.78,132.60,7.96,152.78,1,
4060265284,5/17/2026 1:21:35 PM,Devran Custom Design,,Etsy,5.89,5.89,28.65,20.98,1.78,28.65,1,
4060264666,5/17/2026 1:20:54 PM,Devran Custom Design,,Etsy,6.25,6.25,23.52,15.68,1.59,23.52,1,
4060203080,5/17/2026 12:17:40 PM,YemlihaDesign,,Etsy,10.80,13.04,70.45,51.84,5.57,70.45,2,
4060258960,5/17/2026 1:15:17 PM,YemlihaDesign,,Etsy,12.20,12.20,90.51,78.31,0.00,90.51,1,
4060264484,5/17/2026 1:20:44 PM,Woodmark Custom,,Etsy,5.97,8.13,28.88,17.99,2.76,28.88,1,
4060249800,5/17/2026 1:06:07 PM,Woodmark Custom,,Etsy,6.25,6.98,31.25,22.50,1.77,31.25,1,
4065974815,5/17/2026 1:56:54 PM,Etched Elegance Shop,,Etsy,10.12,28.70,327.99,268.80,30.49,327.99,1,
4066001809,5/17/2026 2:21:59 PM,Etched Elegance Shop,,Etsy,5.58,6.44,26.25,17.92,1.89,26.25,1,
4060311446,5/17/2026 2:07:39 PM,YemlihaDesign,,Etsy,9.69,9.69,37.73,26.10,1.94,37.73,2,
4060316838,5/17/2026 2:12:58 PM,YemlihaDesign,,Etsy,8.07,12.00,35.47,23.47,0.00,35.47,1,
4060314656,5/17/2026 2:10:51 PM,Lumina Custom Design,,Etsy,11.03,11.68,75.40,58.75,4.97,75.40,1,
4066029485,5/17/2026 2:47:49 PM,Devran Custom Design,,Etsy,5.40,5.40,21.62,14.76,1.46,21.62,1,
4066022153,5/17/2026 2:41:11 PM,Etched Elegance Shop,,Etsy,9.95,12.84,63.49,47.78,2.87,63.49,2,
4060336000,5/17/2026 2:31:20 PM,Marbella Custom Gifts,,Etsy,8.40,10.01,32.71,20.00,2.70,32.71,1,
4066025275,5/17/2026 2:44:06 PM,Lumina Custom Design,,Etsy,6.70,6.70,28.84,20.51,1.63,28.84,1,
4066052265,5/17/2026 3:09:02 PM,Etched Elegance Shop,,Etsy,10.09,12.80,148.28,125.44,10.04,148.28,7,
4066076581,5/17/2026 3:31:24 PM,Lumina Custom Design,,Etsy,8.18,9.58,60.90,46.36,4.96,60.90,5,
4060381362,5/17/2026 3:15:53 PM,Woodmark Custom,,Etsy,6.37,7.42,32.28,22.50,2.36,32.28,1,
4066072001,5/17/2026 3:27:10 PM, Velvet Whiskey Design,,Etsy,10.13,10.63,79.49,64.72,4.14,79.49,5,
4060429818,5/17/2026 4:08:35 PM, Velvet Whiskey Design,,Etsy,16.85,16.85,115.19,89.60,8.74,115.19,1,
4066125179,5/17/2026 4:19:22 PM, Velvet Whiskey Design,,Etsy,9.30,9.94,35.02,23.20,1.88,35.02,1,
4066151595,5/17/2026 4:48:20 PM,YemlihaDesign,,Etsy,6.98,7.38,32.93,23.47,2.08,32.93,1,
4066194201,5/17/2026 5:37:48 PM, Velvet Whiskey Design,,Etsy,7.36,7.77,45.98,34.80,3.41,45.98,3,
4066175203,5/17/2026 5:15:08 PM, Velvet Whiskey Design,,Etsy,16.44,16.85,92.19,69.60,5.74,92.19,1,
4060515566,5/17/2026 5:50:01 PM,Etched Elegance Shop,,Etsy,6.17,6.88,29.86,20.90,2.08,29.86,1,
4060484450,5/17/2026 5:10:53 PM,Lumina Custom Design,,Etsy,6.70,6.70,29.39,20.51,2.18,29.39,1,
4066238797,5/17/2026 6:38:36 PM,Custom Gift by FTM,,Etsy,6.66,0.00,47.57,44.35,3.22,47.57,1,
4066238179,5/17/2026 6:37:43 PM,Devran Custom Design,,Etsy,5.48,5.48,21.58,14.76,1.34,21.58,1,
4060525082,5/17/2026 6:08:44 PM,YemlihaDesign,,Etsy,6.80,7.31,106.30,92.04,6.95,106.30,4,
4060574438,5/17/2026 7:11:24 PM,Devran Custom Design,,Etsy,5.83,7.38,32.59,23.36,1.85,32.59,1,
4066234395,5/17/2026 6:32:47 PM,Devran Custom Design,,Etsy,6.37,6.37,24.22,16.00,1.85,24.22,1,
4066225351,5/17/2026 6:21:44 PM,Devran Custom Design,,Etsy,5.28,5.28,17.67,11.16,1.23,17.67,1,
4066279277,5/17/2026 7:29:10 PM,Etched Elegance Shop,,Etsy,6.95,8.13,36.51,24.97,3.41,36.51,1,
4066241521,5/17/2026 6:41:54 PM, Velvet Whiskey Design,,Etsy,6.25,6.25,22.51,15.20,1.06,22.51,1,
4066256707,5/17/2026 7:01:03 PM,Etched Elegance Shop,,Etsy,8.40,12.87,36.17,21.67,1.63,36.17,1,
4066248111,5/17/2026 6:50:18 PM,Marbella Custom Gifts,,Etsy,6.19,6.50,28.36,20.00,1.86,28.36,1,
4066346905,5/17/2026 8:53:20 PM,YemlihaDesign,,Etsy,6.39,6.39,19.74,11.60,1.75,19.74,1,
4060637596,5/17/2026 8:33:21 PM,YemlihaDesign,,Etsy,6.37,6.37,32.19,23.82,2.00,32.19,1,
4066305463,5/17/2026 8:01:41 PM,Devran Custom Design,,Etsy,7.90,9.58,140.28,122.76,7.94,140.28,11,
4066352217,5/17/2026 9:00:04 PM,Devran Custom Design,,Etsy,6.24,6.24,26.50,18.46,1.80,26.50,1,
4066290349,5/17/2026 7:42:55 PM,Woodmark Custom,,Etsy,6.72,7.80,33.43,23.85,1.78,33.43,1,
4066316841,5/17/2026 8:15:28 PM,Woodmark Custom,,Etsy,5.40,6.98,22.44,13.99,1.47,22.44,1,
4060597924,5/17/2026 7:41:49 PM,Woodmark Custom,,Etsy,9.58,9.58,53.33,40.44,3.31,53.33,1,
4060655950,5/17/2026 8:57:54 PM,Lumina Custom Design,,Etsy,6.98,6.98,20.96,13.19,0.79,20.96,1,
4066285301,5/17/2026 7:36:39 PM,Lumina Custom Design,,Etsy,5.83,5.83,17.06,10.26,0.97,17.06,1,
4060682512,5/17/2026 9:35:28 PM,YemlihaDesign,,Etsy,8.13,10.80,39.17,28.37,0.00,39.17,1,
4060686990,5/17/2026 9:42:03 PM,Woodmark Custom,,Etsy,5.40,6.98,26.05,17.99,1.08,26.05,1,
4066394849,5/17/2026 9:58:34 PM,Woodmark Custom,,Etsy,6.95,8.13,35.31,23.85,3.33,35.31,1,
4060700532,5/17/2026 10:03:17 PM,Etched Elegance Shop,,Etsy,6.52,7.38,29.98,20.90,1.70,29.98,1,
4060689230,5/17/2026 9:45:33 PM,Woodmark Custom,,Etsy,7.18,7.18,67.19,55.61,4.40,67.19,1,
4060685444,5/17/2026 9:39:48 PM,Devran Custom Design,,Etsy,5.28,5.28,21.39,14.76,1.35,21.39,1,
4066445315,5/17/2026 11:34:59 PM,YemlihaDesign,,Etsy,9.79,9.79,178.87,156.60,12.48,178.87,12,
4066417523,5/17/2026 10:35:18 PM,Etched Elegance Shop,,Etsy,11.97,53.95,813.65,716.70,43.00,813.65,30,
4066415469,5/17/2026 10:31:28 PM,Woodmark Custom,,Etsy,8.01,8.01,67.44,55.61,3.82,67.44,1,
4060722786,5/17/2026 10:43:01 PM,Woodmark Custom,,Etsy,9.58,9.58,52.85,40.44,2.83,52.85,1,
4066421845,5/17/2026 10:43:19 PM,Woodmark Custom,,Etsy,7.56,7.56,69.33,55.61,6.16,69.33,1,
4060741144,5/17/2026 11:19:53 PM, Velvet Whiskey Design,,Etsy,11.32,11.68,88.19,69.60,6.91,88.19,1,
4066418193,5/17/2026 10:36:26 PM,Marbella Custom Gifts,,Etsy,5.97,6.24,22.87,15.29,1.34,22.87,1,
4066417523,5/18/2026 12:23:02 AM,Etched Elegance Shop,,Etsy,10.96,0.00,0.00,0.00,0.00,0.00,0,
4060770298,5/18/2026 12:36:51 AM, Velvet Whiskey Design,,Etsy,14.48,14.48,142.35,116.96,10.63,142.07,9,
4060761704,5/18/2026 12:11:08 AM,Devran Custom Design,,Etsy,5.40,5.40,25.54,18.36,1.78,25.54,1,
4066464805,5/18/2026 12:28:14 AM,Woodmark Custom,,Etsy,6.25,6.98,32.68,23.85,1.85,32.68,1,
4066487961,5/18/2026 1:49:08 AM,Devran Custom Design,,Etsy,5.48,5.48,17.56,11.16,0.92,17.56,1,
4060884888,5/18/2026 6:32:50 AM,Devran Custom Design,,Etsy,7.90,8.06,32.54,23.04,1.44,32.54,1,
4060883990,5/18/2026 6:30:53 AM,Etched Elegance Shop,,Etsy,7.73,9.76,86.84,71.68,5.40,86.84,4,
4066612669,5/18/2026 7:37:06 AM,YemlihaDesign,,Etsy,6.98,7.04,28.53,19.50,1.99,28.53,1,
4066587811,5/18/2026 6:51:03 AM,Devran Custom Design,,Etsy,7.90,8.06,30.93,21.12,1.75,30.93,1,
4066607593,5/18/2026 7:28:45 AM,Woodmark Custom,,Etsy,5.48,7.42,26.53,17.99,1.12,26.53,1,
4066624429,5/18/2026 7:55:28 AM,Woodmark Custom,,Etsy,5.48,7.42,23.15,13.99,1.74,23.15,1,
4060923964,5/18/2026 7:46:23 AM,Etched Elegance Shop,,Etsy,7.26,8.61,35.10,23.89,2.60,35.10,1,
4060892876,5/18/2026 6:49:08 AM, Velvet Whiskey Design,,Etsy,6.80,6.80,23.48,15.14,1.54,23.48,1,
4066631899,5/18/2026 8:06:45 AM, Velvet Whiskey Design,,Etsy,11.50,11.50,33.39,19.20,2.69,33.39,1,
4060976572,5/18/2026 9:02:43 AM,Devran Custom Design,,Etsy,7.90,8.06,31.62,21.12,2.44,31.62,1,
4066687977,5/18/2026 9:19:04 AM,Woodmark Custom,,Etsy,9.06,9.06,71.73,56.90,5.77,71.73,1,
4060948294,5/18/2026 8:23:45 AM, Velvet Whiskey Design,,Etsy,7.26,7.26,55.60,45.60,2.74,55.60,3,
4061075340,5/18/2026 10:56:13 AM,Devran Custom Design,,Etsy,5.48,5.48,22.40,15.96,0.96,22.40,1,
4061056632,5/18/2026 10:36:03 AM,YemlihaDesign,,Etsy,6.95,6.95,33.97,23.82,3.20,33.97,1,
4066792589,5/18/2026 11:11:59 AM,YemlihaDesign,,Etsy,7.42,8.61,39.94,28.37,2.96,39.94,1,
4061065044,5/18/2026 10:45:09 AM,Etched Elegance Shop,,Etsy,6.25,7.22,32.10,23.06,1.82,32.10,1,
4066743213,5/18/2026 10:21:53 AM,Woodmark Custom,,Etsy,5.40,6.98,26.97,17.99,2.00,26.97,1,
4066816129,5/18/2026 11:35:33 AM,Woodmark Custom,,Etsy,5.83,7.22,49.60,39.98,2.40,49.60,2,
4061113914,5/18/2026 11:39:23 AM,Woodmark Custom,,Etsy,7.73,7.73,69.15,56.90,4.52,69.15,1,
4061127938,5/18/2026 11:55:05 AM,CuteArtCustomDesign,,Etsy,11.58,12.99,83.73,67.05,3.69,83.73,1,
4066903149,5/18/2026 1:00:55 PM,Custom Gift by FTM,,Etsy,6.09,0.00,52.32,48.44,3.88,52.32,2,
4066873127,5/18/2026 12:31:54 PM,Custom Gift by FTM,,Etsy,6.66,0.00,20.83,19.47,1.36,20.83,1,
4066821103,5/18/2026 11:40:34 AM,YemlihaDesign,,Etsy,6.95,6.95,32.91,23.82,2.14,32.91,1,
4066856329,5/18/2026 12:15:09 PM,Devran Custom Design,,Etsy,7.26,7.26,58.10,47.04,3.80,58.10,1,
4066823575,5/18/2026 11:43:12 AM,Devran Custom Design,,Etsy,7.90,8.61,43.30,32.00,2.69,43.30,2,
4066825747,5/18/2026 11:45:23 AM,Devran Custom Design,,Etsy,5.97,5.97,18.25,11.16,1.12,18.25,1,
4061147118,5/18/2026 12:15:50 PM,Devran Custom Design,,Etsy,5.89,5.89,24.57,17.15,1.53,24.57,1,
4061203366,5/18/2026 1:13:29 PM,Etched Elegance Shop,,Etsy,7.26,8.61,33.93,23.89,1.43,33.93,1,
4061216796,5/18/2026 1:27:29 PM,SenaCustomStore,,Etsy,7.04,6.98,22.28,13.46,1.84,22.28,1,
4066933679,5/18/2026 1:30:19 PM,Marbella Custom Gifts,,Etsy,7.26,8.06,30.30,20.00,2.24,30.30,1,
4066861561,5/18/2026 12:20:18 PM,Woodmark Custom,,Etsy,8.61,8.61,69.84,55.61,5.62,69.84,1,
4061179976,5/18/2026 12:49:31 PM,Woodmark Custom,,Etsy,6.25,6.98,33.99,23.85,3.16,33.99,1,
4061154440,5/18/2026 12:23:35 PM,Woodmark Custom,,Etsy,6.95,8.13,38.46,27.45,2.88,38.46,1,
4066921533,5/18/2026 1:19:10 PM,Woodmark Custom,,Etsy,5.97,8.13,23.48,13.99,1.36,23.48,1,
4067033013,5/18/2026 3:05:29 PM,Etched Elegance Shop,,Etsy,10.44,22.91,266.58,229.88,13.79,266.58,1,
4061259324,5/18/2026 2:10:10 PM,Etched Elegance Shop,,Etsy,7.26,8.61,32.10,21.67,1.82,32.10,1,
4061240368,5/18/2026 1:51:02 PM,Woodmark Custom,,Etsy,11.67,11.67,72.15,55.61,4.87,72.15,1,
4067036331,5/18/2026 3:08:52 PM,Woodmark Custom,,Etsy,9.06,9.06,70.33,56.90,4.37,70.33,1,
4061293364,5/18/2026 2:44:11 PM,SenaCustomStore,,Etsy,8.13,8.13,31.98,22.50,1.35,31.98,2,
4067060273,5/18/2026 3:37:07 PM,Etched Elegance Shop,,Etsy,10.74,168.99,1024.63,775.55,79.81,1024.35,4,
4067074157,5/18/2026 3:51:14 PM,Etched Elegance Shop,,Etsy,6.10,6.67,38.29,28.46,3.16,38.29,1,
4061367690,5/18/2026 4:07:23 PM,YemlihaDesign,,Etsy,8.61,10.43,87.51,70.41,6.67,87.51,3,
4067120179,5/18/2026 4:43:32 PM,Marbella Custom Gifts,,Etsy,6.65,6.70,28.84,20.00,2.14,28.84,1,
4067159831,5/18/2026 5:33:30 PM,Etched Elegance Shop,,Etsy,6.07,7.80,27.17,17.92,1.45,27.17,1,
4067164981,5/18/2026 5:40:18 PM,Devran Custom Design,,Etsy,5.72,5.72,21.68,15.96,0.00,21.68,1,
4061431920,5/18/2026 5:28:28 PM,YemlihaDesign,,Etsy,6.98,7.26,37.33,28.37,1.70,37.33,1,
4067148951,5/18/2026 5:19:29 PM,Lumina Custom Design,,Etsy,6.25,7.04,28.40,19.75,1.61,28.40,1,
4067159905,5/18/2026 5:33:38 PM, Velvet Whiskey Design,,Etsy,5.97,5.97,30.37,21.84,2.28,30.09,2,
4061485386,5/18/2026 6:45:41 PM,Devran Custom Design,,Etsy,5.48,5.48,17.64,11.16,1.00,17.64,1,
4061482672,5/18/2026 6:41:27 PM,Etched Elegance Shop,,Etsy,10.30,13.79,66.59,47.78,5.02,66.59,2,
4061461012,5/18/2026 6:09:37 PM,YemlihaDesign,,Etsy,6.98,7.26,32.88,23.47,2.15,32.88,1,
4067215601,5/18/2026 6:49:23 PM,Lumina Custom Design,,Etsy,7.45,7.45,83.58,71.82,4.31,83.58,7,
4067169879,5/18/2026 5:47:23 PM,Woodmark Custom,,Etsy,6.95,8.13,32.82,22.50,2.19,32.82,1,
4067168231,5/18/2026 5:44:56 PM,Woodmark Custom,,Etsy,6.25,6.98,32.43,22.50,2.95,32.43,1,
4067202329,5/18/2026 6:31:52 PM, Velvet Whiskey Design,,Etsy,7.73,9.79,122.75,104.40,8.56,122.75,9,
4067184863,5/18/2026 6:07:21 PM, Velvet Whiskey Design,,Etsy,7.26,7.45,57.35,46.40,3.50,57.35,4,
4067293057,5/18/2026 8:27:42 PM,SenaCustomStore,,Etsy,7.77,7.77,91.72,78.76,5.19,91.72,1,
4061518624,5/18/2026 7:32:08 PM,Devran Custom Design,,Etsy,5.28,5.28,21.49,14.76,1.45,21.49,1,
4067239869,5/18/2026 7:21:43 PM,Devran Custom Design,,Etsy,6.17,6.17,25.66,17.92,1.57,25.66,1,
4061541590,5/18/2026 8:03:42 PM,Etched Elegance Shop,,Etsy,6.37,8.61,30.76,20.90,1.25,30.76,1,
4061538102,5/18/2026 7:58:55 PM,YemlihaDesign,,Etsy,7.42,10.15,36.17,23.47,2.27,35.89,1,
4067263689,5/18/2026 7:51:45 PM,Marbella Custom Gifts,,Etsy,6.66,6.98,36.50,27.13,2.39,36.50,1,
4067239473,5/18/2026 7:21:14 PM, Velvet Whiskey Design,,Etsy,7.45,9.79,95.87,81.20,4.88,95.87,1,
4067227845,5/18/2026 7:06:05 PM,Woodmark Custom,,Etsy,9.06,9.06,69.59,56.90,3.63,69.59,1,
4061553594,5/18/2026 8:20:42 PM,Woodmark Custom,,Etsy,6.25,6.98,33.29,23.85,2.46,33.29,1,
4061591512,5/18/2026 9:13:45 PM,Devran Custom Design,,Etsy,5.97,5.97,18.30,11.16,1.17,18.30,1,
4067355909,5/18/2026 9:50:08 PM,Lumina Custom Design,,Etsy,10.01,10.01,32.31,20.51,1.79,32.31,1,
4067318991,5/18/2026 8:59:53 PM,Etched Elegance Shop,,Etsy,6.25,6.98,33.45,24.97,1.50,33.45,1,
4067330965,5/18/2026 9:15:28 PM,Woodmark Custom,,Etsy,6.37,7.42,31.57,22.50,1.65,31.57,1,
4067311471,5/18/2026 8:50:27 PM,Woodmark Custom,,Etsy,9.06,9.06,69.52,56.90,3.56,69.52,1,
4067317623,5/18/2026 8:58:00 PM,Marbella Custom Gifts,,Etsy,7.26,7.26,114.81,96.88,10.67,114.81,4,
4067335131,5/18/2026 9:20:53 PM, Velvet Whiskey Design,,Etsy,8.13,8.13,20.43,11.60,0.70,20.43,1,
4061657400,5/18/2026 11:03:28 PM, Velvet Whiskey Design,,Etsy,6.70,6.82,40.30,31.20,2.28,40.30,2,
4039428732,5/18/2026 11:48:16 PM,Woodmark Custom,,Etsy,5.28,6.65,28.29,43.98,1.85,52.48,1,
4061676884,5/18/2026 11:47:24 PM,Woodmark Custom,,Etsy,6.25,6.98,32.26,23.85,1.43,32.26,1,
4067404343,5/18/2026 11:16:03 PM,Etched Elegance Shop,,Etsy,11.10,11.54,177.09,149.82,15.73,177.09,6,
4067402069,5/18/2026 11:10:48 PM,YemlihaDesign,,Etsy,13.99,21.71,87.25,58.00,7.26,86.97,1,
4067437205,5/19/2026 12:47:14 AM,Devran Custom Design,,Etsy,27.15,27.65,55.64,27.99,0.00,55.64,1,
4067433755,5/19/2026 12:36:41 AM,Woodmark Custom,,Etsy,6.25,6.98,31.40,22.50,1.92,31.40,1,
4067452441,5/19/2026 1:38:12 AM,Woodmark Custom,,Etsy,11.88,18.17,78.40,55.61,4.62,78.40,1,
4062442365,5/19/2026 5:28:14 AM, Velvet Whiskey Design,,Etsy,7.68,15.49,213.23,76.00,15.34,106.83,1,
4061806636,5/19/2026 6:31:51 AM,Lumina Custom Design,,Etsy,5.89,5.89,17.22,10.26,1.07,17.22,1,
4061813462,5/19/2026 6:46:58 AM, Velvet Whiskey Design,,Etsy,7.90,8.06,29.10,19.80,1.24,29.10,1,
4067547327,5/19/2026 6:31:51 AM, Velvet Whiskey Design,,Etsy,7.90,7.90,22.18,12.90,1.38,22.18,1,
4067546715,5/19/2026 6:30:36 AM,Custom Gift by FTM,,Etsy,6.36,6.37,24.16,16.00,1.79,24.16,4,
4067557699,5/19/2026 6:52:35 AM,Woodmark Custom,,Etsy,11.82,17.22,105.86,82.06,6.58,105.86,2,
4055103068,5/19/2026 7:41:02 AM,Etched Elegance Shop,,Etsy,5.48,0.00,0.00,0.00,0.00,0.00,0,
4067606289,5/19/2026 8:14:46 AM,Etched Elegance Shop,,Etsy,0.00,7.22,32.40,23.06,2.12,32.40,1,
4061848950,5/19/2026 7:50:47 AM,Lumina Custom Design,,Etsy,7.42,8.06,34.15,23.56,2.53,34.15,2,
4061862642,5/19/2026 8:12:00 AM,Lumina Custom Design,,Etsy,5.89,5.89,13.78,6.84,1.05,13.78,1,
4061843796,5/19/2026 7:42:51 AM, Velvet Whiskey Design,,Etsy,10.43,12.22,124.03,104.40,7.41,124.03,9,
4061877098,5/19/2026 8:34:43 AM, Velvet Whiskey Design,,Etsy,8.61,10.43,73.48,58.00,5.05,73.48,5,
4067574445,5/19/2026 7:24:42 AM, Velvet Whiskey Design,,Etsy,6.37,6.37,23.46,15.20,1.89,23.46,1,
4067567387,5/19/2026 7:11:19 AM,YemlihaDesign,,Etsy,6.98,7.26,33.19,23.47,2.46,33.19,1,
4061882094,5/19/2026 8:42:16 AM, Velvet Whiskey Design,,Etsy,7.22,7.22,23.87,15.14,1.51,23.87,1,
4061917802,5/19/2026 9:32:08 AM,Etched Elegance Shop,,Etsy,0.00,8.13,33.26,23.06,2.07,33.26,1,
4067639179,5/19/2026 8:55:26 AM,YemlihaDesign,,Etsy,7.69,9.95,31.10,19.50,1.65,31.10,1,
4061918116,5/19/2026 9:32:30 AM,Etched Elegance Shop,,Etsy,0.00,8.13,33.26,23.06,2.07,33.26,1,
4067654035,5/19/2026 9:12:12 AM, Velvet Whiskey Design,,Etsy,9.76,12.22,98.29,81.20,4.87,98.29,1,
4061899218,5/19/2026 9:07:45 AM,Woodmark Custom,,Etsy,9.06,9.06,71.32,56.90,5.36,71.32,1,
4067679503,5/19/2026 9:40:13 AM,Etched Elegance Shop,,Etsy,7.69,9.95,33.36,21.67,1.74,33.36,1,
4061947002,5/19/2026 10:07:22 AM,Woodmark Custom,,Etsy,6.52,7.69,38.04,27.45,2.90,38.04,1,
4067682755,5/19/2026 9:43:48 AM,Woodmark Custom,,Etsy,6.95,8.13,32.51,22.50,1.88,32.51,1,
4061984352,5/19/2026 10:52:04 AM,Woodmark Custom,,Etsy,5.48,7.42,27.63,17.99,2.22,27.63,1,
4067762775,5/19/2026 11:10:20 AM,Devran Custom Design,,Etsy,7.90,8.06,32.54,23.04,1.44,32.54,1,
4067758867,5/19/2026 11:06:09 AM, Velvet Whiskey Design,,Etsy,8.61,9.06,59.90,46.40,4.44,59.90,4,
4067777253,5/19/2026 11:25:23 AM,Devran Custom Design,,Etsy,7.04,7.26,57.76,46.72,3.78,57.76,1,
4062070420,5/19/2026 12:27:55 PM,Devran Custom Design,,Etsy,7.22,7.26,41.52,31.36,2.90,41.52,1,
4062071764,5/19/2026 12:29:22 PM,Woodmark Custom,,Etsy,6.95,8.13,34.19,23.85,2.21,34.19,1,
4062085818,5/19/2026 12:44:37 PM,Etched Elegance Shop,,Etsy,6.37,7.42,34.34,24.97,1.95,34.34,1,
4062081610,5/19/2026 12:40:03 PM,Woodmark Custom,,Etsy,6.95,8.13,38.12,27.45,2.54,38.12,1,
4067859877,5/19/2026 12:52:39 PM,Woodmark Custom,,Etsy,27.95,24.69,38.68,13.99,0.00,38.68,1,
4067876389,5/19/2026 1:09:21 PM,SenaCustomStore,,Etsy,7.26,7.26,32.54,23.84,1.44,32.54,1,
4067890153,5/19/2026 1:23:14 PM,Marbella Custom Gifts,,Etsy,7.26,8.06,29.25,20.00,1.19,29.25,1,
4067879225,5/19/2026 1:12:15 PM, Velvet Whiskey Design,,Etsy,7.90,8.13,187.54,164.12,15.29,187.54,1,
4062168142,5/19/2026 2:06:44 PM,YemlihaDesign,,Etsy,8.13,11.67,36.96,23.47,1.82,36.96,1,
4067974099,5/19/2026 2:54:13 PM,Devran Custom Design,,Etsy,5.48,6.37,18.93,11.68,0.88,18.93,1,
4062225630,5/19/2026 3:04:03 PM,Etched Elegance Shop,,Etsy,13.20,29.95,245.34,202.72,12.67,245.34,11,
4067997853,5/19/2026 3:18:58 PM,Etched Elegance Shop,,Etsy,24.69,24.69,49.66,24.97,0.00,49.66,1,
4067994885,5/19/2026 3:16:00 PM,Lumina Custom Design,,Etsy,7.04,7.04,29.62,20.51,2.07,29.62,1,
4068032127,5/19/2026 3:54:43 PM,YemlihaDesign,,Etsy,18.13,22.25,203.06,164.26,16.55,203.06,1,
4062284696,5/19/2026 4:10:27 PM, Velvet Whiskey Design,,Etsy,6.17,6.17,20.64,12.94,1.53,20.64,1,
4062292050,5/19/2026 4:19:20 PM,Devran Custom Design,,Etsy,6.25,6.25,23.19,16.00,0.94,23.19,1,
4068050167,5/19/2026 4:15:10 PM,Woodmark Custom,,Etsy,5.97,8.13,18.89,9.99,0.77,18.89,1,
4068086783,5/19/2026 5:03:30 PM,Woodmark Custom,,Etsy,9.54,11.67,64.40,48.05,4.68,64.40,1,
4068087137,5/19/2026 5:04:05 PM,Woodmark Custom,,Etsy,15.22,13.48,39.83,23.85,2.50,39.83,1,
4068131979,5/19/2026 6:07:34 PM,YemlihaDesign,,Etsy,7.42,8.61,33.37,23.47,1.29,33.37,1,
4068098907,5/19/2026 5:20:42 PM,SenaCustomStore,,Etsy,7.99,7.99,20.54,11.25,1.30,20.54,1,
4062335080,5/19/2026 5:12:57 PM,Etched Elegance Shop,,Etsy,13.00,21.62,137.47,107.52,8.33,137.47,6,
4068121649,5/19/2026 5:51:59 PM,Lumina Custom Design,,Etsy,8.06,8.06,30.10,19.75,2.29,30.10,1,
4062354906,5/19/2026 5:40:36 PM,Etched Elegance Shop,,Etsy,10.41,11.67,73.29,56.92,4.70,73.29,2,
4062368946,5/19/2026 6:00:27 PM,Lumina Custom Design,,Etsy,8.06,8.06,39.38,28.11,3.21,39.38,1,
4062375210,5/19/2026 6:09:46 PM,Devran Custom Design,,Etsy,7.90,8.61,151.53,128.52,14.40,151.53,7,
4062375456,5/19/2026 6:10:08 PM,Devran Custom Design,,Etsy,11.50,11.50,29.39,15.68,2.21,29.39,1,
4068076227,5/19/2026 4:48:29 PM, Velvet Whiskey Design,,Etsy,16.25,22.11,147.47,116.20,9.16,147.47,1,
4068155569,5/19/2026 6:43:01 PM, Velvet Whiskey Design,,Etsy,10.43,12.22,126.39,104.40,9.77,126.39,9,
4068156295,5/19/2026 6:44:10 PM, Velvet Whiskey Design,,Etsy,11.03,11.68,93.09,76.80,4.61,93.09,6,
4062441522,5/19/2026 7:41:26 PM,Custom Gift by FTM,,Etsy,6.52,0.00,79.02,72.66,6.36,79.02,3,
4068235351,5/19/2026 8:33:38 PM,YemlihaDesign,,Etsy,6.25,6.25,36.04,27.43,2.36,36.04,1,
4068172193,5/19/2026 7:07:18 PM,Devran Custom Design,,Etsy,6.67,8.18,156.84,137.04,11.62,156.84,2,
4062430856,5/19/2026 7:26:44 PM,Devran Custom Design,,Etsy,5.28,5.28,25.94,18.36,2.30,25.94,1,
4068213817,5/19/2026 8:04:59 PM,Etched Elegance Shop,,Etsy,6.95,10.43,35.97,23.06,2.48,35.97,1,
4068219053,5/19/2026 8:12:19 PM,Etched Elegance Shop,,Etsy,6.37,8.61,31.29,20.90,1.78,31.29,1,
4062473846,5/19/2026 8:26:01 PM,Lumina Custom Design,,Etsy,0.00,0.00,4.27,4.00,0.27,4.27,1,
4068159287,5/19/2026 6:48:35 PM, Velvet Whiskey Design,,Etsy,8.61,11.68,88.49,69.60,7.21,88.49,1,
4068216811,5/19/2026 8:09:06 PM, Velvet Whiskey Design,,Etsy,27.15,39.59,85.99,46.40,0.00,85.99,1,
4068263153,5/19/2026 9:12:27 PM,Devran Custom Design,,Etsy,5.48,5.48,21.58,14.76,1.34,21.58,1,
4068275557,5/19/2026 9:30:13 PM,YemlihaDesign,,Etsy,14.28,16.11,167.52,140.82,10.59,167.52,6,
4068240121,5/19/2026 8:40:27 PM,YemlihaDesign,,Etsy,8.61,10.43,85.06,70.41,4.22,85.06,3,
4068262643,5/19/2026 9:11:43 PM,YemlihaDesign,,Etsy,6.37,6.37,36.59,27.43,2.79,36.59,1,
4068293391,5/19/2026 9:58:33 PM,Marbella Custom Gifts,,Etsy,7.26,8.06,31.62,21.60,1.96,31.62,1,
4068251239,5/19/2026 8:55:36 PM,Marbella Custom Gifts,,Etsy,6.65,6.70,30.00,21.60,1.70,30.00,1,
4062522888,5/19/2026 9:33:13 PM,Lumina Custom Design,,Etsy,8.61,18.37,165.22,-55.55,13.47,-23.71,6,
4068260563,5/19/2026 9:08:41 PM, Velvet Whiskey Design,,Etsy,8.06,8.61,42.42,30.40,3.41,42.42,2,
4062535708,5/19/2026 9:52:54 PM,Woodmark Custom,,Etsy,8.49,9.95,51.17,38.55,2.67,51.17,1,
4068254325,5/19/2026 8:59:51 PM,Woodmark Custom,,Etsy,6.74,7.86,38.38,27.45,2.79,38.10,1,
4062527718,5/19/2026 9:40:35 PM, Velvet Whiskey Design,,Etsy,7.77,9.56,55.49,43.33,2.60,55.49,1,
4062520510,5/19/2026 9:29:40 PM,Woodmark Custom,,Etsy,5.40,6.98,26.72,17.99,1.75,26.72,1,
4068238497,5/19/2026 8:38:06 PM, Velvet Whiskey Design,,Etsy,7.42,7.42,20.59,11.60,1.57,20.59,1,
4068241153,5/19/2026 8:41:50 PM,Woodmark Custom,,Etsy,9.06,9.06,69.59,56.90,3.63,69.59,1,
4062556720,5/19/2026 10:27:43 PM,Etched Elegance Shop,,Etsy,8.50,10.43,88.05,71.67,5.95,88.05,3,
4068330417,5/19/2026 11:09:47 PM,Devran Custom Design,,Etsy,5.48,5.48,21.58,14.76,1.34,21.58,1,
4068314091,5/19/2026 10:35:47 PM,Devran Custom Design,,Etsy,5.48,5.48,22.40,15.96,0.96,22.40,1,
4062545016,5/19/2026 10:07:49 PM,YemlihaDesign,,Etsy,8.61,8.61,55.54,46.93,0.00,55.54,1,
4068327387,5/19/2026 11:02:45 PM,YemlihaDesign,,Etsy,12.22,32.25,218.25,173.16,12.84,218.25,1,
4062590598,5/19/2026 11:37:56 PM,Etched Elegance Shop,,Etsy,8.74,10.15,67.88,52.92,4.81,67.88,2,
4062572176,5/19/2026 10:56:45 PM,Marbella Custom Gifts,,Etsy,11.50,11.50,38.67,24.22,2.95,38.67,1,
4062551324,5/19/2026 10:18:22 PM, Velvet Whiskey Design,,Etsy,74.85,95.90,165.50,69.60,0.00,165.50,6,
4068302435,5/19/2026 10:14:03 PM, Velvet Whiskey Design,,Etsy,31.96,67.24,136.84,69.60,0.00,136.84,6,
4068327879,5/19/2026 11:04:01 PM, Velvet Whiskey Design,,Etsy,8.61,9.06,58.51,46.40,3.05,58.51,4,
4062589910,5/19/2026 11:36:18 PM, Velvet Whiskey Design,,Etsy,6.95,6.95,21.15,12.94,1.26,21.15,1,
4062522888,5/19/2026 9:33:13 PM,Lumina Custom Design,,Etsy,9.76,0.00,165.22,188.93,0.00,188.93,7,
4068358299,5/20/2026 12:28:08 AM,YemlihaDesign,,Etsy,7.80,10.69,36.11,23.47,1.95,36.11,1,
4068382551,5/20/2026 1:52:01 AM,Devran Custom Design,,Etsy,5.40,5.40,21.97,14.76,1.81,21.97,1,
4062660460,5/20/2026 3:19:22 AM, Velvet Whiskey Design,,Etsy,11.67,12.20,63.59,46.40,4.99,63.59,1,
4068383783,5/20/2026 1:56:24 AM,Woodmark Custom,,Etsy,5.97,8.13,27.78,17.99,1.66,27.78,1,
4068459549,5/20/2026 5:57:36 AM,Etched Elegance Shop,,Etsy,6.88,7.45,59.37,47.78,4.14,59.37,2,
4062747580,5/20/2026 7:19:31 AM,Devran Custom Design,,Etsy,0.00,0.00,4.79,4.51,0.28,4.79,1,
4068541135,5/20/2026 8:22:10 AM,Marbella Custom Gifts,,Etsy,7.26,8.06,31.62,21.60,1.96,31.62,1,
4068515553,5/20/2026 7:45:33 AM,Custom Gift by FTM,,Etsy,5.48,0.00,25.73,24.22,1.51,25.73,1,
4068508755,5/20/2026 7:34:48 AM,YemlihaDesign,,Etsy,6.82,6.80,49.05,39.15,3.10,49.05,3,
4068560059,5/20/2026 8:47:03 AM,YemlihaDesign,,Etsy,6.25,6.25,21.28,13.05,1.98,21.28,1,
4062847632,5/20/2026 9:41:24 AM,Etched Elegance Shop,,Etsy,7.26,8.61,48.12,35.84,3.67,48.12,2,
4068568357,5/20/2026 8:57:25 AM,Etched Elegance Shop,,Etsy,6.37,8.61,37.62,27.05,1.96,37.62,1,
4062766382,5/20/2026 7:51:45 AM,Woodmark Custom,,Etsy,5.40,6.98,26.47,17.99,1.50,26.47,1,
4068520013,5/20/2026 7:52:28 AM,Woodmark Custom,,Etsy,6.37,7.42,31.27,23.85,0.00,31.27,1,
4062783102,5/20/2026 8:17:34 AM,Woodmark Custom,,Etsy,7.73,7.73,69.15,56.90,4.52,69.15,1,
4068594141,5/20/2026 9:29:22 AM,Lumina Custom Design,,Etsy,6.24,6.24,17.60,10.26,1.10,17.60,1,
4067060273,5/20/2026 9:57:00 AM,Etched Elegance Shop,,Etsy,10.74,0.00,0.00,0.00,0.00,0.00,0,
4067060273,5/20/2026 9:57:02 AM,Etched Elegance Shop,,Etsy,10.62,0.00,0.00,0.00,0.00,0.00,0,
4068614621,5/20/2026 9:52:42 AM,Devran Custom Design,,Etsy,5.48,5.48,25.72,18.36,1.88,25.72,1,
4068612561,5/20/2026 9:50:28 AM,Lumina Custom Design,,Etsy,9.04,14.71,145.16,123.07,7.38,145.16,1,
4068637553,5/20/2026 10:17:13 AM,Woodmark Custom,,Etsy,15.75,15.75,76.50,55.61,5.14,76.50,1,
4062938884,5/20/2026 11:30:17 AM,Woodmark Custom,,Etsy,6.25,6.98,31.54,22.50,2.06,31.54,1,
4062918484,5/20/2026 11:06:36 AM,Woodmark Custom,,Etsy,11.67,11.67,55.65,40.44,3.54,55.65,1,
4068663221,5/20/2026 10:44:31 AM,Devran Custom Design,,Etsy,7.22,7.26,41.32,31.36,2.70,41.32,1,
4068722847,5/20/2026 11:48:01 AM,YemlihaDesign,,Etsy,6.39,6.39,32.25,23.82,2.04,32.25,1,
4068706357,5/20/2026 11:31:36 AM,YemlihaDesign,,Etsy,6.37,6.37,32.19,23.82,2.00,32.19,1,
4068696227,5/20/2026 11:20:45 AM,Etched Elegance Shop,,Etsy,7.26,7.45,89.18,76.29,5.44,89.18,3,
4062935864,5/20/2026 11:26:43 AM,Marbella Custom Gifts,,Etsy,6.19,6.52,36.01,27.13,2.36,36.01,1,
4068737951,5/20/2026 12:02:47 PM,Woodmark Custom,,Etsy,7.73,7.73,69.32,56.90,4.69,69.32,1,
4068760833,5/20/2026 12:26:32 PM, Velvet Whiskey Design,,Etsy,6.57,6.67,49.05,39.60,2.78,49.05,1,
4068759151,5/20/2026 12:24:42 PM,Woodmark Custom,,Etsy,7.73,7.73,27.64,18.04,1.87,27.64,1,
4062987108,5/20/2026 12:27:57 PM,Woodmark Custom,,Etsy,11.16,11.16,73.35,56.90,5.29,73.35,1,
4068828075,5/20/2026 1:33:41 PM,Devran Custom Design,,Etsy,6.37,6.37,73.48,62.70,4.41,73.48,1,
4063028980,5/20/2026 1:17:24 PM,Devran Custom Design,,Etsy,6.15,6.15,37.69,28.75,2.79,37.69,1,
4068884585,5/20/2026 2:27:41 PM,Devran Custom Design,,Etsy,5.97,5.97,23.37,16.15,1.25,23.37,1,
4068840657,5/20/2026 1:45:52 PM,Devran Custom Design,,Etsy,10.66,12.83,63.78,47.23,3.72,63.78,1,
4068915075,5/20/2026 2:57:41 PM,Devran Custom Design,,Etsy,6.37,6.37,23.60,15.74,1.49,23.60,1,
4068913715,5/20/2026 2:56:21 PM,YemlihaDesign,,Etsy,7.02,7.26,31.32,21.94,2.12,31.32,1,
4063015328,5/20/2026 1:01:35 PM,YemlihaDesign,,Etsy,7.42,8.61,34.00,23.47,1.92,34.00,1,
4063055942,5/20/2026 1:48:22 PM,YemlihaDesign,,Etsy,7.69,9.95,40.31,28.37,1.99,40.31,1,
4063076802,5/20/2026 2:13:27 PM,YemlihaDesign,,Etsy,6.25,6.25,20.34,13.05,1.04,20.34,1,
4068799737,5/20/2026 1:05:31 PM,Marbella Custom Gifts,,Etsy,8.76,10.01,32.91,21.60,1.30,32.91,1,
4068910937,5/20/2026 2:53:34 PM,Woodmark Custom,,Etsy,6.17,6.65,31.99,22.50,2.84,31.99,1,
4068784681,5/20/2026 12:50:27 PM, Velvet Whiskey Design,,Etsy,8.00,8.26,33.98,23.20,2.52,33.98,1,
4068826061,5/20/2026 1:31:42 PM,Woodmark Custom,,Etsy,9.06,9.06,70.33,56.90,4.37,70.33,1,
4068850883,5/20/2026 1:55:49 PM,Woodmark Custom,,Etsy,6.95,8.13,32.60,22.50,1.97,32.60,1,
4068794285,5/20/2026 12:59:55 PM, Velvet Whiskey Design,,Etsy,6.25,6.25,22.84,15.20,1.39,22.84,1,
4068818559,5/20/2026 1:24:32 PM,Woodmark Custom,,Etsy,10.69,10.69,70.44,55.61,4.14,70.44,1,
4063023612,5/20/2026 1:11:19 PM, Velvet Whiskey Design,,Etsy,15.05,17.86,130.87,104.40,8.61,130.87,1,
4063022498,5/20/2026 1:10:00 PM, Velvet Whiskey Design,,Etsy,8.36,8.20,123.74,106.37,9.17,123.74,1,
4063062627,5/20/2026 3:53:30 PM,Etched Elegance Shop,,Etsy,6.25,0.00,0.00,0.00,0.00,0.00,0,
4063158878,5/20/2026 3:51:04 PM,Etched Elegance Shop,,Etsy,16.57,48.84,280.81,215.04,16.93,280.81,12,
4063164978,5/20/2026 3:58:39 PM,Etched Elegance Shop,,Etsy,15.37,38.30,322.73,263.36,21.07,322.73,3,
4063159640,5/20/2026 3:52:01 PM,Etched Elegance Shop,,Etsy,6.95,11.67,36.69,21.65,3.37,36.69,1,
4068987919,5/20/2026 4:13:31 PM,Devran Custom Design,,Etsy,5.58,5.58,28.60,20.90,2.12,28.60,1,
4063187044,5/20/2026 4:26:06 PM,YemlihaDesign,,Etsy,6.95,6.95,31.87,22.50,2.42,31.87,1,
4063225602,5/20/2026 5:18:22 PM,Custom Gift by FTM,,Etsy,9.08,0.00,49.10,45.20,3.62,48.82,2,
4069039477,5/20/2026 5:17:58 PM,YemlihaDesign,,Etsy,7.42,8.61,34.00,23.47,1.92,34.00,1,
4069038025,5/20/2026 5:16:03 PM,YemlihaDesign,,Etsy,7.46,8.51,33.90,23.47,1.92,33.90,1,
4063203026,5/20/2026 4:47:12 PM,Marbella Custom Gifts,,Etsy,8.13,10.01,32.06,20.00,2.05,32.06,1,
4069098155,5/20/2026 6:41:15 PM,Etched Elegance Shop,,Etsy,13.68,22.57,159.61,125.44,11.60,159.61,7,
4063240440,5/20/2026 5:39:35 PM,Etched Elegance Shop,,Etsy,9.53,11.67,35.63,59.60,3.06,74.33,2,
4063263220,5/20/2026 6:13:07 PM,Marbella Custom Gifts,,Etsy,11.72,12.06,55.51,40.00,3.45,55.51,2,
4069101023,5/20/2026 6:45:10 PM,Woodmark Custom,,Etsy,7.07,7.07,69.73,56.90,5.76,69.73,1,
4063301300,5/20/2026 7:07:06 PM,YemlihaDesign,,Etsy,8.13,11.67,42.52,28.37,2.48,42.52,1,
4063290572,5/20/2026 6:52:03 PM,Woodmark Custom,,Etsy,10.15,10.15,70.20,55.61,4.44,70.20,1,
4069165479,5/20/2026 8:13:52 PM,Etched Elegance Shop,,Etsy,7.73,25.83,198.34,161.28,11.23,198.34,9,
4069165767,5/20/2026 8:14:13 PM,Lumina Custom Design,,Etsy,7.26,7.26,50.76,41.04,2.46,50.76,4,
4063346240,5/20/2026 8:10:27 PM,Woodmark Custom,,Etsy,5.48,0.00,18.00,16.98,1.02,18.00,1,
4069211787,5/20/2026 9:16:20 PM,Woodmark Custom,,Etsy,5.97,8.13,27.69,17.99,1.57,27.69,1,
4069158491,5/20/2026 8:04:29 PM,Woodmark Custom,,Etsy,9.06,9.06,69.94,56.90,3.98,69.94,1,
4063379408,5/20/2026 8:54:23 PM,Woodmark Custom,,Etsy,6.37,7.42,32.83,23.85,1.56,32.83,1,
4069186681,5/20/2026 8:42:12 PM,Woodmark Custom,,Etsy,11.67,11.67,71.59,55.61,4.31,71.59,1,
4063399358,5/20/2026 9:21:52 PM,Woodmark Custom,,Etsy,5.48,7.42,18.01,9.99,0.60,18.01,1,
4063400060,5/20/2026 9:23:00 PM,Devran Custom Design,,Etsy,5.83,5.83,31.27,24.00,1.44,31.27,2,
4069173619,5/20/2026 8:24:40 PM,Devran Custom Design,,Etsy,5.40,5.40,22.52,16.15,0.97,22.52,1,
4063356706,5/20/2026 8:24:34 PM, Velvet Whiskey Design,,Etsy,10.43,12.22,124.35,104.40,7.73,124.35,1,
4063390512,5/20/2026 9:09:33 PM, Velvet Whiskey Design,,Etsy,11.03,11.68,122.03,100.80,9.55,122.03,1,
4063462474,5/20/2026 11:07:57 PM,Woodmark Custom,,Etsy,6.37,7.42,32.99,23.85,1.72,32.99,1,
4063441942,5/20/2026 10:28:20 PM,YemlihaDesign,,Etsy,8.40,12.87,38.04,23.47,1.70,38.04,1,
4063480716,5/20/2026 11:50:38 PM,Lumina Custom Design,,Etsy,6.95,6.24,27.93,19.76,1.93,27.93,1,
4069326581,5/21/2026 1:36:36 AM,Devran Custom Design,,Etsy,5.40,5.40,17.98,11.40,1.18,17.98,1,
4050459801,5/21/2026 2:51:53 AM,Devran Custom Design,,Etsy,9.06,23.36,162.61,41.60,12.77,77.73,1,
4069393977,5/21/2026 5:35:57 AM, Velvet Whiskey Design,,Etsy,6.67,6.72,56.31,46.40,3.19,56.31,1,
4063581102,5/21/2026 5:20:09 AM,Etched Elegance Shop,,Etsy,5.83,6.98,25.85,17.92,0.95,25.85,1,
4069428339,5/21/2026 6:59:41 AM,YemlihaDesign,,Etsy,7.26,7.26,57.02,46.94,2.82,57.02,2,
4069484657,5/21/2026 8:34:12 AM,Custom Gift by FTM,,Etsy,5.40,0.00,26.64,24.22,2.42,26.64,1,
4069505153,5/21/2026 9:02:51 AM,Etched Elegance Shop,,Etsy,5.89,7.42,32.64,23.52,1.70,32.64,1,
4069545775,5/21/2026 9:56:39 AM, Velvet Whiskey Design,,Etsy,7.04,7.26,32.82,23.20,2.36,32.82,2,
4069539117,5/21/2026 9:48:28 AM, Velvet Whiskey Design,,Etsy,8.61,8.61,57.47,45.60,3.26,57.47,2,
4069558735,5/21/2026 10:12:48 AM,Etched Elegance Shop,,Etsy,6.95,8.13,36.15,25.53,2.49,36.15,1,
4063798030,5/21/2026 10:44:49 AM,Etched Elegance Shop,,Etsy,6.50,6.82,46.82,35.84,4.16,46.82,1,
4063833984,5/21/2026 11:24:15 AM,Marbella Custom Gifts,,Etsy,13.48,14.51,32.34,16.55,1.28,32.34,1,
4063839730,5/21/2026 11:30:39 AM,Etched Elegance Shop,,Etsy,8.60,14.93,111.85,89.60,7.32,111.85,5,
4063870856,5/21/2026 12:05:29 PM,Devran Custom Design,,Etsy,6.95,6.95,23.97,15.74,1.28,23.97,1,
4069643939,5/21/2026 11:57:20 AM,Marbella Custom Gifts,,Etsy,6.98,7.04,31.14,21.60,2.50,31.14,1,
4063920630,5/21/2026 1:00:06 PM,Devran Custom Design,,Etsy,8.13,8.61,77.90,65.21,4.08,77.90,3,
4069632715,5/21/2026 11:43:50 AM,YemlihaDesign,,Etsy,18.13,22.25,201.70,164.29,15.16,201.70,7,
4063914658,5/21/2026 12:53:39 PM,Devran Custom Design,,Etsy,6.25,7.26,43.06,32.98,2.82,43.06,1,
4063899580,5/21/2026 12:37:19 PM,YemlihaDesign,,Etsy,10.43,12.34,140.88,117.35,11.19,140.88,5,
4063909642,5/21/2026 12:48:15 PM, Velvet Whiskey Design,,Etsy,6.91,8.74,108.39,92.80,6.85,108.39,8,
4063922728,5/21/2026 1:02:35 PM,Lumina Custom Design,,Etsy,7.04,7.04,26.36,17.65,1.67,26.36,1,
4063873472,5/21/2026 12:08:27 PM, Velvet Whiskey Design,,Etsy,6.67,6.67,25.13,16.60,1.86,25.13,1,
4063911330,5/21/2026 12:50:08 PM,Etched Elegance Shop,,Etsy,7.42,8.61,32.29,21.67,2.01,32.29,1,
4063885524,5/21/2026 12:21:56 PM,Woodmark Custom,,Etsy,6.95,8.13,34.31,23.85,2.33,34.31,1,
4069762261,5/21/2026 2:14:16 PM,Devran Custom Design,,Etsy,7.02,7.04,36.86,28.33,1.49,36.86,1,
4069732951,5/21/2026 1:40:33 PM,YemlihaDesign,,Etsy,6.98,7.26,32.65,23.47,1.92,32.65,1,
4063967760,5/21/2026 1:51:01 PM,Marbella Custom Gifts,,Etsy,8.61,8.61,79.93,64.80,6.52,79.93,1,
4063995576,5/21/2026 2:21:55 PM,Etched Elegance Shop,,Etsy,7.13,12.87,35.34,20.90,1.57,35.34,1,
4069743749,5/21/2026 1:53:08 PM,Woodmark Custom,,Etsy,14.67,14.67,42.97,26.45,1.85,42.97,1,
4063981220,5/21/2026 2:05:17 PM,Woodmark Custom,,Etsy,5.40,6.98,26.59,17.99,1.62,26.59,1,
4064023856,5/21/2026 2:54:07 PM,Etched Elegance Shop,,Etsy,9.71,9.78,40.92,28.46,2.68,40.92,1,
4064065322,5/21/2026 3:42:47 PM,Devran Custom Design,,Etsy,8.13,8.13,25.89,16.29,1.47,25.89,1,
4064064232,5/21/2026 3:41:35 PM,Etched Elegance Shop,,Etsy,6.39,8.34,34.30,23.06,2.90,34.30,1,
4069852287,5/21/2026 3:52:30 PM,Devran Custom Design,,Etsy,7.90,8.06,29.68,20.07,1.55,29.68,1,
4069843867,5/21/2026 3:43:18 PM,Woodmark Custom,,Etsy,7.73,7.73,69.15,56.90,4.52,69.15,1,
4069890477,5/21/2026 4:39:21 PM,Etched Elegance Shop,,Etsy,7.04,7.26,33.80,23.89,2.65,33.80,1,
4064099952,5/21/2026 4:24:27 PM,YemlihaDesign,,Etsy,6.25,6.25,30.48,22.50,1.73,30.48,1,
4064115172,5/21/2026 4:44:25 PM,Etched Elegance Shop,,Etsy,10.93,16.05,145.12,119.58,9.49,145.12,1,
4069892905,5/21/2026 4:42:29 PM,YemlihaDesign,,Etsy,6.98,7.26,22.79,14.65,0.88,22.79,1,
4069918281,5/21/2026 5:17:12 PM,YemlihaDesign,,Etsy,7.42,8.61,34.85,23.47,2.77,34.85,1,
4069916641,5/21/2026 5:15:01 PM,Devran Custom Design,,Etsy,23.72,61.91,1308.58,1140.00,106.67,1308.58,1,
4064133644,5/21/2026 5:09:27 PM,Devran Custom Design,,Etsy,5.48,5.48,29.92,22.00,2.44,29.92,1,
4064151762,5/21/2026 5:35:47 PM, Velvet Whiskey Design,,Etsy,9.95,9.95,35.84,25.89,0.00,35.84,1,
4064196112,5/21/2026 6:38:27 PM,Devran Custom Design,,Etsy,5.40,5.40,18.36,12.00,0.96,18.36,1,
4064217830,5/21/2026 7:09:20 PM,Devran Custom Design,,Etsy,5.89,8.61,31.97,21.99,1.37,31.97,1,
4069968557,5/21/2026 6:33:12 PM,Etched Elegance Shop,,Etsy,6.37,7.42,35.26,24.97,2.87,35.26,1,
4064186802,5/21/2026 6:25:20 PM, Velvet Whiskey Design,,Etsy,6.37,6.37,20.61,12.94,1.30,20.61,1,
4064206136,5/21/2026 6:52:26 PM, Velvet Whiskey Design,,Etsy,7.42,7.42,20.35,11.60,1.33,20.35,1,
4069978693,5/21/2026 6:48:34 PM,Woodmark Custom,,Etsy,6.82,6.82,66.80,55.61,4.37,66.80,1,
4070028487,5/21/2026 8:01:33 PM,SenaCustomStore,,Etsy,12.22,12.22,134.72,112.52,9.98,134.72,1,
4064253132,5/21/2026 8:00:13 PM,Woodmark Custom,,Etsy,5.40,6.98,21.81,13.99,0.84,21.81,1,
4064235858,5/21/2026 7:35:38 PM,Woodmark Custom,,Etsy,9.06,9.06,70.15,56.90,4.19,70.15,1,
4070030023,5/21/2026 8:03:42 PM,Woodmark Custom,,Etsy,13.48,13.48,78.47,56.90,8.09,78.47,1,
4070072421,5/21/2026 9:04:18 PM,Woodmark Custom,,Etsy,6.37,7.42,34.01,23.85,2.74,34.01,1,
4064255340,5/21/2026 8:03:21 PM,Etched Elegance Shop,,Etsy,6.67,11.36,140.57,117.60,11.61,140.57,1,
4070065557,5/21/2026 8:54:24 PM, Velvet Whiskey Design,,Etsy,7.26,7.26,45.21,34.80,3.15,45.21,3,
4070054403,5/21/2026 8:38:42 PM, Velvet Whiskey Design,,Etsy,6.37,6.37,20.59,12.94,1.28,20.59,1,
4070051595,5/21/2026 8:34:39 PM,Devran Custom Design,,Etsy,10.43,11.67,65.70,50.14,3.89,65.70,2,
4070045913,5/21/2026 8:26:40 PM,Devran Custom Design,,Etsy,5.89,8.61,32.44,21.99,1.84,32.44,1,
4070037987,5/21/2026 8:14:59 PM,Marbella Custom Gifts,,Etsy,7.26,8.06,30.34,20.00,2.28,30.34,1,
4070037425,5/21/2026 8:14:13 PM,Marbella Custom Gifts,,Etsy,7.42,8.06,30.96,21.60,1.30,30.96,1,
4070046785,5/21/2026 8:27:55 PM,YemlihaDesign,,Etsy,6.98,7.26,32.58,23.47,1.85,32.58,1,
4064288790,5/21/2026 8:49:29 PM,YemlihaDesign,,Etsy,6.37,6.37,30.46,22.50,1.59,30.46,1,
4064286114,5/21/2026 8:45:56 PM,YemlihaDesign,,Etsy,7.42,8.61,40.03,28.37,3.05,40.03,1,
4064329628,5/21/2026 9:50:11 PM,Etched Elegance Shop,,Etsy,7.26,8.61,35.18,23.89,2.68,35.18,1,
4064326432,5/21/2026 9:45:03 PM,Etched Elegance Shop,,Etsy,6.27,6.67,38.72,28.89,3.16,38.72,1,
4064362702,5/21/2026 10:48:30 PM,Woodmark Custom,,Etsy,6.37,7.42,37.75,27.45,2.88,37.75,1,
4070101477,5/21/2026 9:49:47 PM,Devran Custom Design,,Etsy,5.40,5.40,18.06,11.40,1.26,18.06,1,
4064321160,5/21/2026 9:36:50 PM,Devran Custom Design,,Etsy,5.97,5.97,18.37,11.40,1.00,18.37,1,
4064340194,5/21/2026 10:07:20 PM,Devran Custom Design,,Etsy,9.54,11.67,96.26,79.80,4.79,96.26,1,
4064355472,5/21/2026 10:34:32 PM,Devran Custom Design,,Etsy,5.40,5.40,23.76,16.15,2.21,23.76,1,
4064340996,5/21/2026 10:08:45 PM,Devran Custom Design,,Etsy,39.94,44.02,232.04,177.38,10.64,232.04,1,
4064329876,5/21/2026 9:50:39 PM,Devran Custom Design,,Etsy,15.42,18.48,35.48,17.00,0.00,35.48,1,
4070110515,5/21/2026 10:05:33 PM, Velvet Whiskey Design,,Etsy,15.77,24.69,39.89,15.20,0.00,39.89,1,
4070185541,5/22/2026 1:13:43 AM, Velvet Whiskey Design,,Etsy,13.79,17.86,99.06,81.20,0.00,99.06,7,
4064400682,5/22/2026 12:17:59 AM,YemlihaDesign,,Etsy,6.69,6.80,48.92,39.00,3.12,48.92,2,
4064397572,5/22/2026 12:09:27 AM,YemlihaDesign,,Etsy,6.98,9.56,35.01,23.47,1.98,35.01,1,
4064472820,5/22/2026 4:21:19 AM,Woodmark Custom,,Etsy,6.95,8.13,31.98,23.85,0.00,31.98,1,
4064500182,5/22/2026 5:44:14 AM,Lumina Custom Design,,Etsy,6.70,6.70,29.04,19.76,2.58,29.04,2,
4070263929,5/22/2026 5:44:15 AM,Devran Custom Design,,Etsy,7.02,9.47,274.61,244.80,20.34,274.61,1,
4070282281,5/22/2026 6:31:42 AM,YemlihaDesign,,Etsy,6.37,6.37,20.49,13.05,1.07,20.49,1,
4064564242,5/22/2026 7:54:06 AM,YemlihaDesign,,Etsy,6.37,6.37,19.42,13.05,0.00,19.42,1,
4070345659,5/22/2026 8:22:55 AM,Etched Elegance Shop,,Etsy,6.19,6.52,32.22,23.31,2.39,32.22,1,
4064609158,5/22/2026 8:56:38 AM,Devran Custom Design,,Etsy,5.48,5.48,23.06,16.15,1.43,23.06,1,
4064616026,5/22/2026 9:05:18 AM,Devran Custom Design,,Etsy,6.00,6.00,23.26,15.74,1.52,23.26,1,
4064597794,5/22/2026 8:41:57 AM,YemlihaDesign,,Etsy,7.26,7.73,101.56,86.96,6.87,101.56,4,
4064625536,5/22/2026 9:17:21 AM,YemlihaDesign,,Etsy,6.65,6.82,32.49,23.47,2.20,32.49,1,
4064601316,5/22/2026 8:46:37 AM, Velvet Whiskey Design,,Etsy,6.17,6.17,23.45,15.20,2.08,23.45,1,
4064609044,5/22/2026 8:56:31 AM,Woodmark Custom,,Etsy,7.90,8.61,46.47,34.97,2.89,46.47,1,
4070362517,5/22/2026 8:46:07 AM,Woodmark Custom,,Etsy,5.48,7.42,23.20,13.99,1.79,23.20,1,
4064636254,5/22/2026 9:30:38 AM,Custom Gift by FTM,,Etsy,7.82,0.00,24.58,22.60,1.98,24.58,1,
4070442089,5/22/2026 10:21:58 AM,Devran Custom Design,,Etsy,6.25,6.25,23.89,15.97,1.67,23.89,1,
4070456393,5/22/2026 10:37:36 AM,YemlihaDesign,,Etsy,7.60,10.15,36.66,23.47,2.76,36.38,1,
4070400497,5/22/2026 9:34:10 AM,YemlihaDesign,,Etsy,6.25,6.25,20.75,13.05,1.45,20.75,1,
4064673734,5/22/2026 10:14:33 AM,Marbella Custom Gifts,,Etsy,8.15,8.51,50.91,40.00,2.40,50.91,1,
4070454559,5/22/2026 10:35:36 AM,Woodmark Custom,,Etsy,5.48,7.42,26.92,17.99,1.51,26.92,1,
4070414913,5/22/2026 9:50:58 AM,Woodmark Custom,,Etsy,7.13,8.40,37.50,27.45,1.65,37.50,1,
4064681484,5/22/2026 10:23:28 AM,Woodmark Custom,,Etsy,9.06,9.06,71.40,56.90,5.44,71.40,1,
4070457389,5/22/2026 10:38:45 AM,Woodmark Custom,,Etsy,9.47,9.79,350.77,315.00,25.98,350.77,1,
4064672906,5/22/2026 10:13:34 AM,Woodmark Custom,,Etsy,5.48,7.42,31.84,21.99,2.43,31.84,1,
4070524035,5/22/2026 11:54:30 AM,Woodmark Custom,,Etsy,6.95,8.13,30.63,22.50,0.00,30.63,1,
4070522059,5/22/2026 11:52:19 AM,Devran Custom Design,,Etsy,5.48,5.48,28.66,20.90,2.28,28.66,1,
4064761456,5/22/2026 11:56:02 AM,SenaCustomStore,,Etsy,7.90,7.90,24.89,15.15,1.84,24.89,1,
4064826010,5/22/2026 1:10:18 PM,Etched Elegance Shop,,Etsy,15.05,18.96,138.41,119.45,0.00,138.41,5,
4064753656,5/22/2026 11:47:27 AM,SenaCustomStore,,Etsy,6.48,6.48,23.14,15.15,1.51,23.14,1,
4070581711,5/22/2026 1:02:32 PM,YemlihaDesign,,Etsy,7.42,8.61,34.21,23.47,2.13,34.21,1,
4070512111,5/22/2026 11:40:40 AM,SenaCustomStore,,Etsy,6.69,6.69,23.97,15.15,2.13,23.97,1,
4064819626,5/22/2026 1:02:40 PM,Etched Elegance Shop,,Etsy,5.89,7.42,34.00,23.52,3.06,34.00,1,
4064792870,5/22/2026 12:31:39 PM,Etched Elegance Shop,,Etsy,24.69,24.69,50.22,25.53,0.00,50.22,1,
4064832796,5/22/2026 1:18:16 PM,Devran Custom Design,,Etsy,5.89,5.89,36.55,28.75,1.91,36.55,1,
4064790354,5/22/2026 12:28:44 PM, Velvet Whiskey Design,,Etsy,14.51,14.51,42.79,25.89,2.39,42.79,2,
4070496657,5/22/2026 11:22:58 AM,Lumina Custom Design,,Etsy,6.07,6.07,17.15,10.26,0.82,17.15,1,
4064852934,5/22/2026 1:41:09 PM,Custom Gift by FTM,,Etsy,7.82,0.00,47.67,44.35,3.32,47.67,1,
4064854934,5/22/2026 1:43:16 PM,Woodmark Custom,,Etsy,6.37,7.42,33.77,23.85,2.50,33.77,1,
4064877210,5/22/2026 2:08:48 PM,Custom Gift by FTM,,Etsy,8.13,0.00,45.20,45.20,0.00,45.20,2,
4064918112,5/22/2026 2:55:48 PM,Etched Elegance Shop,,Etsy,6.83,7.26,48.16,37.64,3.26,48.16,2,
4070718093,5/22/2026 3:42:10 PM,Woodmark Custom,,Etsy,6.00,7.86,24.09,13.99,1.96,23.81,1,
4064980706,5/22/2026 4:12:01 PM, Velvet Whiskey Design,,Etsy,8.61,8.61,46.29,34.80,2.88,46.29,3,
4070751255,5/22/2026 4:24:05 PM,Lumina Custom Design,,Etsy,5.83,5.83,17.30,10.26,1.21,17.30,1,
4064988194,5/22/2026 4:20:59 PM,Lumina Custom Design,,Etsy,6.98,7.04,37.61,28.11,2.46,37.61,1,
4070763395,5/22/2026 4:40:29 PM,Lumina Custom Design,,Etsy,5.89,5.89,17.44,10.26,1.29,17.44,1,
4065033596,5/22/2026 5:21:36 PM,Etched Elegance Shop,,Etsy,6.17,6.82,35.40,26.46,2.12,35.40,1,
4065069204,5/22/2026 6:12:46 PM,Etched Elegance Shop,,Etsy,8.50,10.43,88.87,71.67,6.77,88.87,3,
4065036704,5/22/2026 5:25:43 PM, Velvet Whiskey Design,,Etsy,6.57,6.57,23.01,15.14,1.30,23.01,1,
4065060766,5/22/2026 6:00:28 PM,Woodmark Custom,,Etsy,7.73,7.73,69.15,56.90,4.52,69.15,1,
4070850821,5/22/2026 6:54:30 PM,Custom Gift by FTM,,Etsy,6.66,0.00,47.45,44.35,3.10,47.45,1,
4065152322,5/22/2026 8:12:05 PM,Devran Custom Design,,Etsy,5.48,5.48,23.55,16.15,1.92,23.55,1,
4065079616,5/22/2026 6:27:54 PM,Devran Custom Design,,Etsy,5.62,5.62,23.84,16.15,1.79,23.56,1,
4070862197,5/22/2026 7:13:00 PM,CuteArtCustomDesign,,Etsy,9.37,9.49,67.47,54.70,3.28,67.47,2,
4070835165,5/22/2026 6:29:57 PM,YemlihaDesign,,Etsy,13.42,19.12,221.36,187.76,14.48,221.36,8,
4070878877,5/22/2026 7:41:06 PM,YemlihaDesign,,Etsy,7.26,7.45,78.02,65.47,5.10,78.02,3,
4065081420,5/22/2026 6:30:23 PM,YemlihaDesign,,Etsy,6.52,6.52,28.49,19.86,2.11,28.49,1,
4065112198,5/22/2026 7:15:26 PM, Velvet Whiskey Design,,Etsy,6.72,8.29,110.19,92.80,9.10,110.19,1,
4065146492,5/22/2026 8:03:40 PM,Woodmark Custom,,Etsy,10.69,10.69,69.80,55.61,3.50,69.80,1,
4070881671,5/22/2026 7:45:50 PM,Woodmark Custom,,Etsy,6.95,8.13,35.27,23.85,3.29,35.27,1,
4070827389,5/22/2026 6:17:12 PM,Lumina Custom Design,,Etsy,7.26,7.26,52.99,41.02,4.71,52.99,1,
4070875569,5/22/2026 7:35:16 PM,Custom Gift by FTM,,Etsy,7.82,0.00,24.10,22.60,1.50,24.10,1,
4070920869,5/22/2026 8:50:47 PM, Velvet Whiskey Design,,Etsy,8.97,27.81,206.98,166.54,12.63,206.98,11,
4070954121,5/22/2026 9:50:02 PM, Velvet Whiskey Design,,Etsy,7.45,9.79,96.45,81.20,5.46,96.45,7,
4070932499,5/22/2026 9:10:44 PM,Devran Custom Design,,Etsy,5.28,5.28,18.96,12.00,1.68,18.96,1,
4070959365,5/22/2026 10:00:18 PM,Etched Elegance Shop,,Etsy,15.75,23.69,118.39,89.60,5.10,118.39,5,
4070926833,5/22/2026 9:01:05 PM,YemlihaDesign,,Etsy,9.35,9.35,38.29,26.10,2.84,38.29,2,
4065235280,5/22/2026 10:23:38 PM,CuteArtCustomDesign,,Etsy,8.16,9.49,58.21,44.70,4.02,58.21,2,
4070976537,5/22/2026 10:36:21 PM,Devran Custom Design,,Etsy,5.89,5.89,37.77,29.00,2.88,37.77,2,
4065269782,5/22/2026 11:37:56 PM,YemlihaDesign,,Etsy,11.67,13.79,103.25,89.46,0.00,103.25,7,
4070986949,5/22/2026 11:00:32 PM,YemlihaDesign,,Etsy,11.67,15.05,107.78,83.92,8.81,107.78,4,
4071021547,5/23/2026 12:44:47 AM,Devran Custom Design,,Etsy,6.69,6.82,95.07,79.80,8.45,95.07,1,
4065420568,5/23/2026 7:22:40 AM,Devran Custom Design,,Etsy,8.61,8.61,39.02,28.62,1.79,39.02,1,
4071140591,5/23/2026 7:44:19 AM, Velvet Whiskey Design,,Etsy,8.61,8.61,50.88,38.83,3.44,50.88,1,
4071160171,5/23/2026 8:20:24 AM,YemlihaDesign,,Etsy,6.25,6.25,31.50,23.82,1.43,31.50,1,
4071246893,5/23/2026 10:23:53 AM,Lumina Custom Design,,Etsy,7.26,7.26,50.74,41.02,2.46,50.74,1,
4065564566,5/23/2026 10:34:49 AM, Velvet Whiskey Design,,Etsy,10.15,10.15,45.17,31.80,2.94,44.89,2,
4065509536,5/23/2026 9:32:28 AM,Woodmark Custom,,Etsy,6.17,6.65,36.49,27.45,2.39,36.49,1,
4071238709,5/23/2026 10:13:33 AM,Woodmark Custom,,Etsy,6.72,7.80,32.24,22.50,1.94,32.24,1,
4071234357,5/23/2026 10:08:03 AM,Devran Custom Design,,Etsy,5.89,5.89,55.00,44.00,5.11,55.00,1,
4065564132,5/23/2026 10:34:22 AM,Devran Custom Design,,Etsy,6.07,6.72,18.64,10.99,0.93,18.64,1,
4065547610,5/23/2026 10:16:20 AM,Etched Elegance Shop,,Etsy,6.66,7.26,46.12,35.84,3.02,46.12,1,
4065551324,5/23/2026 10:20:16 AM,Etched Elegance Shop,,Etsy,6.52,9.37,35.11,23.06,2.68,35.11,1,
4071217515,5/23/2026 9:46:12 AM,YemlihaDesign,,Etsy,7.22,7.22,26.02,17.32,1.48,26.02,1,
4065580648,5/23/2026 10:52:15 AM,YemlihaDesign,,Etsy,6.25,6.25,18.12,11.20,0.67,18.12,1,
4071253455,5/23/2026 10:32:04 AM,YemlihaDesign,,Etsy,6.98,7.26,31.97,23.47,1.24,31.97,1,
4065523724,5/23/2026 9:49:25 AM,YemlihaDesign,,Etsy,7.42,8.61,34.22,23.47,2.14,34.22,1,
4071284921,5/23/2026 11:10:53 AM,Marbella Custom Gifts,,Etsy,5.89,5.89,32.78,24.22,2.67,32.78,1,
4065615424,5/23/2026 11:29:50 AM,Woodmark Custom,,Etsy,6.37,7.42,33.89,23.85,2.62,33.89,1,
4071300511,5/23/2026 11:30:02 AM,Woodmark Custom,,Etsy,7.07,7.07,68.45,56.90,4.48,68.45,1,
4065642994,5/23/2026 12:00:08 PM,Marbella Custom Gifts,,Etsy,7.42,8.06,31.29,21.60,1.63,31.29,1,
4065650496,5/23/2026 12:08:22 PM, Velvet Whiskey Design,,Etsy,8.61,11.68,86.66,69.60,5.38,86.66,6,
4071307101,5/23/2026 11:38:10 AM,Woodmark Custom,,Etsy,5.72,7.80,31.63,21.99,1.84,31.63,1,
4065712812,5/23/2026 1:15:12 PM,Devran Custom Design,,Etsy,6.69,6.82,93.00,79.80,6.38,93.00,7,
4071398239,5/23/2026 1:28:41 PM,Devran Custom Design,,Etsy,6.36,6.36,26.99,18.75,1.88,26.99,1,
4071390071,5/23/2026 1:18:49 PM,Devran Custom Design,,Etsy,5.48,5.48,17.59,11.40,0.71,17.59,1,
4071414301,5/23/2026 1:47:33 PM,Etched Elegance Shop,,Etsy,15.04,20.19,174.81,146.30,8.32,174.81,7,
4071370097,5/23/2026 12:55:04 PM,Etched Elegance Shop,,Etsy,5.89,7.42,25.34,17.92,0.00,25.34,1,
4065725622,5/23/2026 1:28:49 PM,Etched Elegance Shop,,Etsy,5.89,7.42,26.46,17.92,1.12,26.46,1,
4065728564,5/23/2026 1:32:04 PM,Marbella Custom Gifts,,Etsy,6.98,7.04,29.94,21.60,1.30,29.94,1,
4071372557,5/23/2026 12:58:07 PM, Velvet Whiskey Design,,Etsy,9.14,10.15,36.10,23.20,2.75,36.10,2,
4065776576,5/23/2026 2:23:15 PM,Etched Elegance Shop,,Etsy,8.13,8.61,71.02,56.92,5.49,71.02,2,
4065758088,5/23/2026 2:03:37 PM,YemlihaDesign,,Etsy,6.44,6.67,31.95,23.47,1.81,31.95,1,
4065767128,5/23/2026 2:13:12 PM,Woodmark Custom,,Etsy,6.25,6.98,35.88,27.45,1.45,35.88,1,
4065810448,5/23/2026 2:59:38 PM, Velvet Whiskey Design,,Etsy,8.61,8.61,49.87,38.83,2.43,49.87,1,
4065853160,5/23/2026 3:46:20 PM,YemlihaDesign,,Etsy,7.42,8.61,33.49,23.47,1.41,33.49,1,
4065851520,5/23/2026 3:44:27 PM,Woodmark Custom,,Etsy,7.02,7.26,48.90,38.55,3.09,48.90,1,
4065925944,5/23/2026 5:11:30 PM,YemlihaDesign,,Etsy,6.17,6.65,31.63,22.98,2.00,31.63,1,
4071565499,5/23/2026 4:52:23 PM, Velvet Whiskey Design,,Etsy,9.76,9.76,45.32,33.20,2.36,45.32,1,
4065902510,5/23/2026 4:43:21 PM,Devran Custom Design,,Etsy,7.26,7.26,58.30,47.23,3.81,58.30,1,
4065903378,5/23/2026 4:44:21 PM,SenaCustomStore,,Etsy,7.42,7.42,16.85,8.33,1.10,16.85,1,
4065898860,5/23/2026 4:39:03 PM,SenaCustomStore,,Etsy,7.02,7.02,24.33,15.15,2.16,24.33,1,
4071589657,5/23/2026 5:26:38 PM,Etched Elegance Shop,,Etsy,6.91,24.62,141.53,108.25,8.66,141.53,5,
4065930466,5/23/2026 5:17:06 PM,Etched Elegance Shop,,Etsy,6.88,7.45,58.10,47.78,2.87,58.10,2,
4065952860,5/23/2026 5:45:38 PM,Marbella Custom Gifts,,Etsy,6.98,7.04,28.93,20.00,1.89,28.93,1,
4071639133,5/23/2026 6:42:12 PM,Etched Elegance Shop,,Etsy,6.24,8.13,27.53,17.92,1.48,27.53,1,
4065981652,5/23/2026 6:23:47 PM,Devran Custom Design,,Etsy,9.22,9.22,40.08,28.33,2.53,40.08,1,
4065995146,5/23/2026 6:41:46 PM,Devran Custom Design,,Etsy,8.13,8.13,26.04,16.29,1.62,26.04,1,
4071626871,5/23/2026 6:23:19 PM,Lumina Custom Design,,Etsy,5.89,5.89,17.22,10.26,1.07,17.22,1,
4071660507,5/23/2026 7:15:23 PM,Lumina Custom Design,,Etsy,0.00,0.00,3.79,3.50,0.29,3.79,1,
4066060312,5/23/2026 8:10:38 PM,Woodmark Custom,,Etsy,10.69,10.69,66.30,55.61,0.00,66.30,1,
4066072040,5/23/2026 8:27:24 PM,Woodmark Custom,,Etsy,6.58,7.60,32.76,23.85,1.31,32.76,1,
4066029762,5/23/2026 7:27:56 PM,Devran Custom Design,,Etsy,8.13,8.13,26.56,16.29,2.14,26.56,1,
4071677951,5/23/2026 7:42:53 PM,YemlihaDesign,,Etsy,7.42,8.61,34.73,23.47,2.65,34.73,1,
4071667017,5/23/2026 7:25:43 PM,YemlihaDesign,,Etsy,7.42,8.61,39.75,28.37,2.77,39.75,1,
4066027860,5/23/2026 7:25:20 PM,YemlihaDesign,,Etsy,7.69,8.61,34.00,23.47,1.92,34.00,1,
4066080676,5/23/2026 8:39:35 PM,Etched Elegance Shop,,Etsy,14.28,14.76,141.40,118.32,8.32,141.40,6,
4066083178,5/23/2026 8:42:53 PM,Etched Elegance Shop,,Etsy,11.56,8.13,29.60,91.11,1.54,100.78,3,
4071680031,5/23/2026 7:46:10 PM, Velvet Whiskey Design,,Etsy,7.99,8.15,18.33,9.60,0.58,18.33,1,
4071691363,5/23/2026 8:03:44 PM, Velvet Whiskey Design,,Etsy,8.61,10.43,72.19,58.00,3.76,72.19,1,
4066065716,5/23/2026 8:18:29 PM, Velvet Whiskey Design,,Etsy,8.61,11.68,87.78,69.60,6.50,87.78,1,
4066086868,5/23/2026 8:47:59 PM, Velvet Whiskey Design,,Etsy,5.48,5.48,17.75,10.92,1.35,17.75,1,
4071687659,5/23/2026 7:57:42 PM, Velvet Whiskey Design,,Etsy,6.56,6.56,20.91,12.80,1.55,20.91,1,
4071736897,5/23/2026 9:18:19 PM,Marbella Custom Gifts,,Etsy,8.22,9.42,32.85,21.60,1.83,32.85,1,
4066100196,5/23/2026 9:05:59 PM, Velvet Whiskey Design,,Etsy,9.56,10.95,61.36,46.40,4.01,61.36,1,
4066127356,5/23/2026 9:45:40 PM,Etched Elegance Shop,,Etsy,11.17,11.67,69.60,53.76,4.17,69.60,1,
4071797365,5/23/2026 11:32:42 PM,Custom Gift by FTM,,Etsy,5.40,0.00,25.92,24.22,1.70,25.92,1,
4066164186,5/23/2026 10:46:07 PM,Lumina Custom Design,,Etsy,6.36,6.36,17.23,9.88,0.99,17.23,1,
4071778131,5/23/2026 10:41:31 PM,Etched Elegance Shop,,Etsy,7.82,8.61,54.57,41.80,4.16,54.57,2,
4066175494,5/23/2026 11:07:56 PM,Woodmark Custom,,Etsy,11.82,11.82,220.80,192.15,16.83,220.80,7,
4066143484,5/23/2026 10:11:06 PM,Woodmark Custom,,Etsy,11.67,11.67,72.70,55.61,5.42,72.70,1,
4071800831,5/23/2026 11:43:32 PM,SenaCustomStore,,Etsy,9.54,9.54,21.90,11.25,1.11,21.90,1,
4066197524,5/23/2026 11:55:29 PM, Velvet Whiskey Design,,Etsy,7.26,7.26,49.55,38.83,3.46,49.55,1,
4066228268,5/24/2026 1:21:34 AM,YemlihaDesign,,Etsy,12.20,12.20,98.15,78.31,7.64,98.15,2,
4071834497,5/24/2026 1:55:26 AM,Woodmark Custom,,Etsy,11.16,11.16,72.50,56.90,4.44,72.50,1,
4066325658,5/24/2026 6:28:16 AM,Etched Elegance Shop,,Etsy,7.82,8.61,54.63,41.80,4.22,54.63,2,
4066326972,5/24/2026 6:31:45 AM,Custom Gift by FTM,,Etsy,9.53,0.00,21.24,21.24,0.00,21.24,1,
4071930129,5/24/2026 7:49:23 AM,YemlihaDesign,,Etsy,7.26,7.26,68.48,56.74,4.48,68.48,2,
4066372434,5/24/2026 8:03:02 AM, Velvet Whiskey Design,,Etsy,7.04,7.26,40.67,30.40,3.01,40.67,1,
4071922811,5/24/2026 7:34:50 AM,Devran Custom Design,,Etsy,5.83,5.83,42.35,33.75,2.77,42.35,1,
4071964429,5/24/2026 8:48:57 AM,Devran Custom Design,,Etsy,5.83,5.83,26.42,18.75,1.84,26.42,1,
4066407182,5/24/2026 8:55:01 AM,Lumina Custom Design,,Etsy,7.04,7.04,19.57,11.25,1.28,19.57,1,
4066512982,5/24/2026 11:02:34 AM,Custom Gift by FTM,,Etsy,5.40,0.00,25.50,24.22,1.28,25.50,1,
4072058473,5/24/2026 10:57:46 AM,SenaCustomStore,,Etsy,6.98,6.98,16.34,8.33,1.03,16.34,1,
4072028983,5/24/2026 10:20:09 AM,Etched Elegance Shop,,Etsy,6.39,8.51,33.78,23.06,2.21,33.78,1,
4066491560,5/24/2026 10:38:04 AM, Velvet Whiskey Design,,Etsy,16.27,34.94,280.29,232.00,13.35,280.29,1,
4072085769,5/24/2026 11:32:00 AM, Velvet Whiskey Design,,Etsy,8.61,9.06,59.13,46.40,3.67,59.13,1,
4066542766,5/24/2026 11:36:26 AM,Devran Custom Design,,Etsy,5.48,5.48,23.00,16.15,1.37,23.00,1,
4072089325,5/24/2026 11:36:24 AM,Devran Custom Design,,Etsy,5.48,5.48,24.33,17.00,1.85,24.33,1,
4072089793,5/24/2026 11:36:57 AM,Etched Elegance Shop,,Etsy,8.50,10.43,82.10,71.67,0.00,82.10,3,
4066544138,5/24/2026 11:37:55 AM,Marbella Custom Gifts,,Etsy,5.97,5.97,32.68,24.22,2.49,32.68,1,
4066564704,5/24/2026 12:00:41 PM,Woodmark Custom,,Etsy,8.61,8.61,68.72,55.61,4.50,68.72,1,
4072099447,5/24/2026 11:48:26 AM,Woodmark Custom,,Etsy,6.95,8.13,38.26,27.45,2.68,38.26,1,
4072127009,5/24/2026 12:21:54 PM,Devran Custom Design,,Etsy,13.74,18.35,120.95,102.60,0.00,120.95,9,
4072120751,5/24/2026 12:14:11 PM,Etched Elegance Shop,,Etsy,5.58,6.44,26.53,17.92,2.17,26.53,1,
4072124955,5/24/2026 12:19:22 PM, Velvet Whiskey Design,,Etsy,10.01,11.67,36.76,23.20,1.89,36.76,1,
4066621334,5/24/2026 1:02:27 PM,SenaCustomStore,,Etsy,7.90,7.90,25.07,15.15,2.02,25.07,1,
4066618202,5/24/2026 12:59:12 PM,Custom Gift by FTM,,Etsy,7.26,0.00,240.32,217.98,22.34,240.32,9,
4066608646,5/24/2026 12:48:42 PM,YemlihaDesign,,Etsy,9.02,9.02,56.01,43.73,3.26,56.01,1,
4072176001,5/24/2026 1:20:04 PM,Marbella Custom Gifts,,Etsy,7.42,8.06,29.31,20.00,1.25,29.31,1,
4072144307,5/24/2026 12:42:40 PM,Etched Elegance Shop,,Etsy,6.37,8.13,33.76,23.06,2.57,33.76,1,
4066617958,5/24/2026 12:58:57 PM,Woodmark Custom,,Etsy,27.95,27.65,66.20,38.55,0.00,66.20,1,
4066676910,5/24/2026 2:01:00 PM,Devran Custom Design,,Etsy,5.83,5.83,42.72,34.00,2.89,42.72,2,
4072222257,5/24/2026 2:12:28 PM,SenaCustomStore,,Etsy,7.02,7.02,18.95,11.25,0.68,18.95,1,
4066681634,5/24/2026 2:05:49 PM,Devran Custom Design,,Etsy,5.48,6.37,18.51,10.99,1.15,18.51,1,
4072181175,5/24/2026 1:26:08 PM,Devran Custom Design,,Etsy,5.83,5.83,31.65,23.75,2.07,31.65,1,
4072217829,5/24/2026 2:07:25 PM,YemlihaDesign,,Etsy,18.35,23.76,113.22,89.46,0.00,113.22,7,
4072218651,5/24/2026 2:08:23 PM,YemlihaDesign,,Etsy,6.95,6.95,22.08,13.05,2.08,22.08,1,
4072219227,5/24/2026 2:09:07 PM,Etched Elegance Shop,,Etsy,7.96,10.15,37.03,23.89,2.71,36.75,1,
4066659748,5/24/2026 1:43:04 PM,Lumina Custom Design,,Etsy,5.89,5.89,17.07,9.88,1.30,17.07,1,
4072204101,5/24/2026 1:52:07 PM,Woodmark Custom,,Etsy,6.37,7.42,32.39,22.50,2.47,32.39,1,
4072218449,5/24/2026 2:08:10 PM,Woodmark Custom,,Etsy,7.73,7.73,69.32,56.90,4.69,69.32,1,
4072230643,5/24/2026 2:22:07 PM,Devran Custom Design,,Etsy,5.73,5.73,31.54,23.75,2.06,31.54,1,
4066772842,5/24/2026 3:40:32 PM,Lumina Custom Design,,Etsy,6.74,6.74,17.22,9.88,0.60,17.22,1,
4066700498,5/24/2026 2:25:10 PM,YemlihaDesign,,Etsy,8.13,11.67,37.19,23.47,2.05,37.19,1,
4066752592,5/24/2026 3:19:00 PM,Marbella Custom Gifts,,Etsy,7.90,8.06,29.74,20.00,1.68,29.74,1,
4066763650,5/24/2026 3:30:48 PM, Velvet Whiskey Design,,Etsy,7.30,7.30,20.74,11.60,1.84,20.74,1,
4066770974,5/24/2026 3:38:29 PM,Etched Elegance Shop,,Etsy,7.42,8.61,32.10,21.67,1.82,32.10,1,
4072287893,5/24/2026 3:28:43 PM,Etched Elegance Shop,,Etsy,5.89,7.42,30.19,20.44,2.33,30.19,1,
4066797628,5/24/2026 4:07:26 PM, Velvet Whiskey Design,,Etsy,9.76,12.22,110.82,92.80,5.80,110.82,1,
4072397525,5/24/2026 5:49:54 PM,Marbella Custom Gifts,,Etsy,6.95,8.13,34.02,23.59,2.30,34.02,1,
4066884112,5/24/2026 5:48:46 PM,Marbella Custom Gifts,,Etsy,6.50,6.70,28.57,20.00,1.87,28.57,1,
4072368951,5/24/2026 5:10:20 PM, Velvet Whiskey Design,,Etsy,6.37,6.37,20.59,12.94,1.28,20.59,1,
4072411115,5/24/2026 6:09:14 PM,Devran Custom Design,,Etsy,5.24,5.24,23.80,17.00,1.56,23.80,1,
4066952230,5/24/2026 7:14:56 PM,Lumina Custom Design,,Etsy,7.04,7.04,19.66,11.25,1.37,19.66,1,
4072427967,5/24/2026 6:33:30 PM,Marbella Custom Gifts,,Etsy,7.79,9.42,31.17,20.00,1.75,31.17,1,
4066942234,5/24/2026 7:02:05 PM,Marbella Custom Gifts,,Etsy,5.48,5.48,23.58,17.08,1.02,23.58,1,
4066961082,5/24/2026 7:26:32 PM,Devran Custom Design,,Etsy,7.99,8.15,32.72,23.33,1.24,32.72,1,
4072460637,5/24/2026 7:21:45 PM,Devran Custom Design,,Etsy,5.40,5.40,17.93,11.40,1.13,17.93,1,
4067017722,5/24/2026 8:37:13 PM,Marbella Custom Gifts,,Etsy,9.53,9.98,33.47,21.60,1.89,33.47,1,
4072491027,5/24/2026 8:06:02 PM,Marbella Custom Gifts,,Etsy,6.37,7.42,33.06,23.59,2.05,33.06,1,
4072503693,5/24/2026 8:24:57 PM,Etched Elegance Shop,,Etsy,5.83,6.98,26.64,17.92,1.74,26.64,1,
4066962918,5/24/2026 7:28:50 PM, Velvet Whiskey Design,,Etsy,8.13,8.13,26.37,16.60,1.64,26.37,1,
4072525783,5/24/2026 8:59:25 PM, Velvet Whiskey Design,,Etsy,7.90,8.61,131.86,116.00,7.25,131.86,1,
4067074206,5/24/2026 9:53:38 PM,Marbella Custom Gifts,,Etsy,6.66,7.04,28.80,20.00,1.76,28.80,1,
4072561991,5/24/2026 9:57:55 PM,Woodmark Custom,,Etsy,6.39,7.46,33.58,23.85,2.27,33.58,1,
4072528575,5/24/2026 9:03:52 PM,Woodmark Custom,,Etsy,7.90,8.61,47.07,34.97,3.49,47.07,1,
4072556865,5/24/2026 9:49:24 PM,YemlihaDesign,,Etsy,12.87,15.75,67.96,46.94,5.27,67.96,2,
4067134306,5/24/2026 11:42:31 PM,Custom Gift by FTM,,Etsy,6.66,0.00,24.63,22.60,2.03,24.63,1,
4072602095,5/24/2026 11:17:19 PM,Etched Elegance Shop,,Etsy,8.22,10.69,36.44,23.89,1.86,36.44,1,
4067118582,5/24/2026 11:09:21 PM,YemlihaDesign,,Etsy,14.10,14.10,141.53,117.45,9.98,141.53,9,
4072592617,5/24/2026 10:54:57 PM,YemlihaDesign,,Etsy,7.42,8.61,34.21,23.47,2.13,34.21,1,
4067132644,5/24/2026 11:38:56 PM, Velvet Whiskey Design,,Etsy,11.67,11.67,63.28,45.60,6.01,63.28,2,
4067110776,5/24/2026 10:54:13 PM,Woodmark Custom,,Etsy,9.56,14.52,87.07,66.89,5.66,87.07,2,
4067197804,5/25/2026 2:53:19 AM,Lumina Custom Design,,Etsy,6.24,6.24,16.89,9.88,0.77,16.89,1,
4067217370,5/25/2026 4:00:16 AM,CuteArtCustomDesign,,Etsy,8.07,5.99,32.28,24.70,1.59,32.28,1,
4072707335,5/25/2026 5:39:18 AM,Devran Custom Design,,Etsy,5.72,5.72,18.73,12.00,1.01,18.73,1,
4072735607,5/25/2026 6:59:23 AM,Devran Custom Design,,Etsy,5.89,5.89,25.81,18.75,1.17,25.81,1,
4067273680,5/25/2026 6:43:07 AM,Devran Custom Design,,Etsy,5.48,5.48,23.14,16.15,1.51,23.14,1,
4067358736,5/25/2026 9:01:38 AM,Etched Elegance Shop,,Etsy,7.26,8.61,32.82,21.67,2.54,32.82,1,
4067368846,5/25/2026 9:14:04 AM, Velvet Whiskey Design,,Etsy,8.61,11.68,86.66,69.60,5.38,86.66,6,
4067406412,5/25/2026 9:57:21 AM, Velvet Whiskey Design,,Etsy,11.67,11.67,61.08,45.60,3.81,61.08,1,
4067372416,5/25/2026 9:18:21 AM,Marbella Custom Gifts,,Etsy,6.98,7.04,30.36,21.60,1.72,30.36,1,
4067404264,5/25/2026 9:54:55 AM,Marbella Custom Gifts,,Etsy,6.66,7.04,30.64,21.60,2.00,30.64,1,
4067385626,5/25/2026 9:33:46 AM,Devran Custom Design,,Etsy,7.90,8.06,35.45,25.07,2.32,35.45,1,
4072818191,5/25/2026 9:15:02 AM,Devran Custom Design,,Etsy,5.48,5.48,21.12,14.03,1.61,21.12,1,
4067448366,5/25/2026 10:41:50 AM,Custom Gift by FTM,,Etsy,13.80,0.00,308.08,290.64,17.44,308.08,12,
4067396354,5/25/2026 9:45:46 AM,Custom Gift by FTM,,Etsy,6.58,6.25,46.92,38.37,2.30,46.92,2,
4072885345,5/25/2026 10:36:05 AM,Woodmark Custom,,Etsy,6.95,8.13,38.26,27.45,2.68,38.26,1,
4067374548,5/25/2026 9:20:56 AM,Woodmark Custom,,Etsy,6.37,7.42,31.33,22.50,1.41,31.33,1,
4067379378,5/25/2026 9:26:37 AM,Woodmark Custom,,Etsy,6.25,6.98,31.25,22.50,1.77,31.25,1,
4067377414,5/25/2026 9:24:26 AM,Woodmark Custom,,Etsy,7.26,7.26,65.82,55.61,2.95,65.82,1,
4067386736,5/25/2026 9:35:06 AM,Woodmark Custom,,Etsy,6.37,7.42,31.33,22.50,1.41,31.33,1,
4072840205,5/25/2026 9:43:11 AM,CuteArtCustomDesign,,Etsy,7.67,5.99,33.61,24.70,2.92,33.61,1,
4067377632,5/25/2026 9:24:37 AM,Etched Elegance Shop,,Etsy,6.37,8.13,32.57,23.06,1.38,32.57,1,
4067464758,5/25/2026 10:58:37 AM,YemlihaDesign,,Etsy,5.83,5.83,19.29,12.78,0.68,19.29,1,
4072897483,5/25/2026 10:49:42 AM,Woodmark Custom,,Etsy,6.37,7.42,32.39,22.50,2.47,32.39,1,
4072967927,5/25/2026 12:07:32 PM,Devran Custom Design,,Etsy,5.40,5.40,24.58,17.00,2.18,24.58,1,
4072998645,5/25/2026 12:41:13 PM,Devran Custom Design,,Etsy,6.95,6.95,63.05,51.00,5.10,63.05,3,
4072988661,5/25/2026 12:30:17 PM,Etched Elegance Shop,,Etsy,6.61,6.82,64.21,53.76,3.63,64.21,1,
4067539380,5/25/2026 12:13:11 PM,Custom Gift by FTM,,Etsy,6.66,0.00,23.55,22.60,0.95,23.55,1,
4072955993,5/25/2026 11:54:31 AM, Velvet Whiskey Design,,Etsy,6.25,6.25,20.63,12.94,1.44,20.63,1,
4067559040,5/25/2026 12:33:03 PM, Velvet Whiskey Design,,Etsy,7.42,7.42,19.72,11.60,0.70,19.72,1,
4073047287,5/25/2026 1:34:42 PM,CuteArtCustomDesign,,Etsy,28.14,33.99,276.85,222.30,20.56,276.85,9,
4073033591,5/25/2026 1:19:16 PM,YemlihaDesign,,Etsy,8.13,11.67,37.19,23.47,2.05,37.19,1,
4073017361,5/25/2026 1:01:18 PM,YemlihaDesign,,Etsy,7.42,8.61,34.73,23.47,2.65,34.73,1,
4073022531,5/25/2026 1:06:52 PM,Marbella Custom Gifts,,Etsy,5.89,5.89,31.92,24.22,1.81,31.92,1,
4073011747,5/25/2026 12:55:06 PM, Velvet Whiskey Design,,Etsy,7.02,7.04,29.39,19.80,2.55,29.39,1,
4067649330,5/25/2026 2:00:08 PM, Velvet Whiskey Design,,Etsy,8.61,8.61,47.26,34.80,3.85,47.26,3,
4073049261,5/25/2026 1:36:56 PM, Velvet Whiskey Design,,Etsy,6.17,6.17,21.11,13.20,1.74,21.11,1,
4067634454,5/25/2026 1:45:58 PM, Velvet Whiskey Design,,Etsy,8.61,11.68,86.16,69.60,4.88,86.16,6,
4073015641,5/25/2026 12:59:20 PM, Velvet Whiskey Design,,Etsy,6.67,6.67,23.55,15.14,1.74,23.55,1,
4067673246,5/25/2026 2:22:52 PM,Custom Gift by FTM,,Etsy,5.97,0.00,26.70,24.22,2.48,26.70,1,
4067666372,5/25/2026 2:16:31 PM,YemlihaDesign,,Etsy,8.13,8.61,56.39,43.48,4.30,56.39,2,
4067675060,5/25/2026 2:24:27 PM,Etched Elegance Shop,,Etsy,11.57,18.78,136.40,107.52,10.10,136.40,6,
4067673236,5/25/2026 2:22:52 PM,YemlihaDesign,,Etsy,6.37,8.61,35.60,24.28,2.71,35.60,1,
4067668922,5/25/2026 2:18:54 PM,Marbella Custom Gifts,,Etsy,6.66,7.04,31.50,21.60,2.86,31.50,1,
4073109361,5/25/2026 2:42:54 PM,Etched Elegance Shop,,Etsy,11.50,11.50,38.89,24.97,2.42,38.89,1,
4073121203,5/25/2026 2:55:41 PM,Etched Elegance Shop,,Etsy,6.17,6.80,31.95,23.06,2.09,31.95,1,
4067739182,5/25/2026 3:26:01 PM, Velvet Whiskey Design,,Etsy,7.83,8.00,30.02,19.80,2.22,30.02,1,
4073115089,5/25/2026 2:48:58 PM,Woodmark Custom,,Etsy,6.25,6.98,36.08,27.45,1.65,36.08,1,
4067707430,5/25/2026 2:55:41 PM, Velvet Whiskey Design,,Etsy,6.80,6.80,23.48,15.14,1.54,23.48,1,
4067740888,5/25/2026 3:27:45 PM,Woodmark Custom,,Etsy,5.97,0.00,18.30,16.98,1.32,18.30,1,
4073129663,5/25/2026 3:04:52 PM,Woodmark Custom,,Etsy,7.02,7.26,45.19,34.97,2.96,45.19,1,
4067722010,5/25/2026 3:09:21 PM,Woodmark Custom,,Etsy,6.37,7.42,32.76,23.85,1.49,32.76,1,
4073130785,5/25/2026 3:06:06 PM,Woodmark Custom,,Etsy,6.95,8.13,33.98,23.85,2.00,33.98,1,
4073141489,5/25/2026 3:17:45 PM,Woodmark Custom,,Etsy,12.20,12.20,74.65,56.90,5.55,74.65,1,
4067778532,5/25/2026 4:04:26 PM,Marbella Custom Gifts,,Etsy,7.42,8.06,29.74,20.00,1.68,29.74,1,
4067797684,5/25/2026 4:24:26 PM, Velvet Whiskey Design,,Etsy,6.67,6.67,72.19,60.80,4.72,72.19,4,
4073236089,5/25/2026 5:09:58 PM,Devran Custom Design,,Etsy,6.25,6.25,67.58,57.50,3.83,67.58,2,
4073231325,5/25/2026 5:03:47 PM,Etched Elegance Shop,,Etsy,6.50,11.32,46.07,31.34,3.41,46.07,1,
4073196855,5/25/2026 4:20:46 PM,Woodmark Custom,,Etsy,6.17,6.65,31.26,22.50,2.11,31.26,1,
4067819126,5/25/2026 4:47:21 PM,Woodmark Custom,,Etsy,7.02,7.26,50.51,38.55,4.70,50.51,1,
4073248595,5/25/2026 5:26:29 PM,Lumina Custom Design,,Etsy,5.89,5.89,21.11,13.68,1.54,21.11,1,
4073249095,5/25/2026 5:27:11 PM,Woodmark Custom,,Etsy,11.67,11.67,84.40,67.50,5.23,84.40,3,
4067863284,5/25/2026 5:37:09 PM,Lumina Custom Design,,Etsy,11.67,11.67,55.42,39.50,4.25,55.42,1,
4067906536,5/25/2026 6:29:39 PM,Woodmark Custom,,Etsy,13.48,13.48,70.38,56.90,0.00,70.38,1,
4073259785,5/25/2026 5:41:48 PM, Velvet Whiskey Design,,Etsy,27.15,27.65,58.05,30.40,0.00,58.05,2,
4067896952,5/25/2026 6:17:44 PM, Velvet Whiskey Design,,Etsy,8.13,8.13,20.95,11.60,1.22,20.95,1,
4067865698,5/25/2026 5:40:04 PM, Velvet Whiskey Design,,Etsy,8.61,10.43,74.08,58.00,5.65,74.08,1,
4073339535,5/25/2026 7:31:05 PM,Woodmark Custom,,Etsy,5.72,8.13,27.87,17.99,1.75,27.87,1,
4073309055,5/25/2026 6:50:06 PM,YemlihaDesign,,Etsy,7.42,7.42,31.52,21.56,2.54,31.52,1,
4067971316,5/25/2026 7:46:37 PM,CuteArtCustomDesign,,Etsy,7.12,5.99,35.67,27.35,2.33,35.67,1,
4073324547,5/25/2026 7:10:49 PM,YemlihaDesign,,Etsy,11.82,11.82,122.29,100.76,9.71,122.29,1,
4073317589,5/25/2026 7:01:32 PM,Etched Elegance Shop,,Etsy,6.37,8.13,39.61,28.46,3.02,39.61,1,
4067961338,5/25/2026 7:35:25 PM,Etched Elegance Shop,,Etsy,12.30,34.51,268.32,211.68,21.85,268.04,1,
4067967378,5/25/2026 7:42:15 PM,Etched Elegance Shop,,Etsy,13.42,17.52,196.76,167.23,12.01,196.76,2,
4067961852,5/25/2026 7:36:02 PM,Etched Elegance Shop,,Etsy,6.25,7.26,29.42,20.90,1.26,29.42,1,
4073330395,5/25/2026 7:18:32 PM,Etched Elegance Shop,,Etsy,5.70,6.52,32.44,23.52,2.40,32.44,1,
4067965510,5/25/2026 7:40:09 PM,Marbella Custom Gifts,,Etsy,6.67,6.67,111.30,96.88,7.75,111.30,4,
4073310373,5/25/2026 6:51:44 PM,Lumina Custom Design,,Etsy,8.06,8.06,29.86,19.75,2.05,29.86,1,
4067959962,5/25/2026 7:33:44 PM, Velvet Whiskey Design,,Etsy,13.79,13.79,50.39,33.20,3.40,50.39,1,
4068028628,5/25/2026 8:54:53 PM,Devran Custom Design,,Etsy,5.48,5.48,23.41,16.15,1.78,23.41,1,
4067996120,5/25/2026 8:15:36 PM,YemlihaDesign,,Etsy,6.98,7.26,38.12,28.37,2.49,38.12,1,
4073432151,5/25/2026 9:38:44 PM,YemlihaDesign,,Etsy,5.89,5.89,17.75,10.93,0.93,17.75,1,
4073375643,5/25/2026 8:19:41 PM,YemlihaDesign,,Etsy,9.54,11.67,49.34,34.64,3.03,49.34,2,
4067986368,5/25/2026 8:04:07 PM,YemlihaDesign,,Etsy,10.15,10.15,60.39,45.96,4.28,60.39,2,
4073413701,5/25/2026 9:11:42 PM,Custom Gift by FTM,,Etsy,5.48,0.00,26.22,24.22,2.00,26.22,1,
4073376305,5/25/2026 8:20:34 PM,Woodmark Custom,,Etsy,6.58,7.60,38.52,27.45,3.19,38.24,1,
4067981900,5/25/2026 7:58:54 PM,Woodmark Custom,,Etsy,7.99,8.51,50.35,38.55,3.29,50.35,1,
4068026658,5/25/2026 8:52:17 PM,Woodmark Custom,,Etsy,11.67,11.67,55.75,40.44,3.64,55.75,1,
4068042310,5/25/2026 9:12:02 PM, Velvet Whiskey Design,,Etsy,7.26,9.47,85.00,69.60,5.93,85.00,1,
4068065138,5/25/2026 9:42:21 PM, Velvet Whiskey Design,,Etsy,6.98,6.98,20.03,11.60,1.45,20.03,1,
4073432297,5/25/2026 9:38:57 PM,Lumina Custom Design,,Etsy,6.36,6.36,17.34,10.26,0.72,17.34,1,
4068091694,5/25/2026 10:19:52 PM,Devran Custom Design,,Etsy,6.25,6.25,26.10,17.92,1.93,26.10,1,
4068094556,5/25/2026 10:24:35 PM, Velvet Whiskey Design,,Etsy,6.98,7.26,35.30,25.89,2.15,35.30,1,
4068114664,5/25/2026 10:57:56 PM,Woodmark Custom,,Etsy,5.40,6.98,26.72,17.99,1.75,26.72,1,
4068100476,5/25/2026 10:33:57 PM,Woodmark Custom,,Etsy,7.73,7.73,68.05,56.90,3.42,68.05,1,
4073504883,5/26/2026 12:09:01 AM,Etched Elegance Shop,,Etsy,6.61,6.82,62.29,49.94,5.53,62.29,2,
4068167068,5/26/2026 1:04:20 AM,Etched Elegance Shop,,Etsy,6.07,7.80,33.29,23.52,1.97,33.29,1,
4068273070,5/26/2026 6:29:14 AM,Etched Elegance Shop,,Etsy,8.12,8.13,33.29,65.76,2.10,75.99,2,
4056846489,5/26/2026 6:43:57 AM,Devran Custom Design,,Etsy,18.48,18.48,36.94,43.95,0.00,62.43,1,
4068316794,5/26/2026 7:53:59 AM,YemlihaDesign,,Etsy,6.98,7.26,33.88,23.47,3.15,33.88,1,
4068283954,5/26/2026 6:53:28 AM,Lumina Custom Design,,Etsy,8.06,8.06,31.07,20.51,2.50,31.07,1,
4073621811,5/26/2026 7:13:10 AM,Woodmark Custom,,Etsy,6.37,7.42,31.33,22.50,1.41,31.33,1,
4073672025,5/26/2026 8:46:36 AM,Woodmark Custom,,Etsy,6.25,6.98,36.75,27.45,2.32,36.75,1,
4073703253,5/26/2026 9:31:18 AM,YemlihaDesign,,Etsy,7.69,9.95,35.06,23.47,1.64,35.06,1,
4073705261,5/26/2026 9:33:56 AM,Lumina Custom Design,,Etsy,6.24,6.24,16.12,9.88,0.00,16.12,1,
4068400466,5/26/2026 9:45:59 AM,Lumina Custom Design,,Etsy,9.98,9.98,31.82,20.52,1.32,31.82,2,
4073719233,5/26/2026 9:52:10 AM,Devran Custom Design,,Etsy,5.28,5.28,17.93,11.40,1.25,17.93,1,
4073653849,5/26/2026 8:16:00 AM,Custom Gift by FTM,,Etsy,6.36,6.37,17.26,10.00,0.89,17.26,1,
4068357268,5/26/2026 8:52:04 AM, Velvet Whiskey Design,,Etsy,10.65,11.82,99.53,81.20,6.51,99.53,7,
4068451168,5/26/2026 10:43:18 AM,Devran Custom Design,,Etsy,6.25,6.25,25.92,17.92,1.75,25.92,1,
4073776717,5/26/2026 11:04:10 AM,Devran Custom Design,,Etsy,5.48,5.48,21.05,14.03,1.54,21.05,1,
4068479422,5/26/2026 11:15:07 AM,Etched Elegance Shop,,Etsy,11.56,19.55,116.09,89.60,6.94,116.09,1,
4073786361,5/26/2026 11:16:27 AM, Velvet Whiskey Design,,Etsy,8.13,8.61,36.48,25.60,2.27,36.48,1,
4073779121,5/26/2026 11:07:18 AM,Marbella Custom Gifts,,Etsy,7.26,8.06,30.55,20.00,2.49,30.55,1,
4068481844,5/26/2026 11:17:45 AM, Velvet Whiskey Design,,Etsy,7.02,7.04,28.65,19.80,1.81,28.65,1,
4073843059,5/26/2026 12:22:45 PM,YemlihaDesign,,Etsy,7.42,8.61,34.93,23.47,2.85,34.93,1,
4068541624,5/26/2026 12:22:59 PM, Velvet Whiskey Design,,Etsy,7.42,7.42,19.72,11.60,0.70,19.72,1,
4068567858,5/26/2026 12:50:35 PM,Woodmark Custom,,Etsy,8.61,8.61,51.75,40.44,2.70,51.75,1,
4068577592,5/26/2026 1:00:55 PM,Custom Gift by FTM,,Etsy,5.40,0.00,25.79,24.22,1.57,25.79,1,
4073951041,5/26/2026 2:24:56 PM,YemlihaDesign,,Etsy,6.37,6.37,32.68,23.82,2.49,32.68,1,
4073899041,5/26/2026 1:26:54 PM,Etched Elegance Shop,,Etsy,6.52,7.69,35.01,25.53,1.79,35.01,1,
4073942541,5/26/2026 2:15:31 PM,Devran Custom Design,,Etsy,12.22,20.11,281.83,240.84,20.88,281.83,12,
4068581258,5/26/2026 1:05:01 PM,Devran Custom Design,,Etsy,5.83,5.83,26.24,18.75,1.66,26.24,1,
4068651104,5/26/2026 2:18:17 PM, Velvet Whiskey Design,,Etsy,6.67,6.67,34.85,25.60,2.58,34.85,2,
4073922383,5/26/2026 1:53:10 PM,Woodmark Custom,,Etsy,7.26,7.26,66.64,55.61,3.77,66.64,1,
4068705576,5/26/2026 3:14:41 PM,CuteArtCustomDesign,,Etsy,6.91,16.49,124.58,97.56,10.53,124.58,4,
4068691132,5/26/2026 2:59:21 PM,Devran Custom Design,,Etsy,17.98,36.57,52.86,16.29,0.00,52.86,1,
4068746832,5/26/2026 3:59:47 PM,YemlihaDesign,,Etsy,6.37,6.37,30.28,22.50,1.41,30.28,1,
4074031545,5/26/2026 3:56:08 PM,Etched Elegance Shop,,Etsy,6.66,7.26,52.00,41.80,2.94,52.00,2,
4074044069,5/26/2026 4:11:19 PM,Woodmark Custom,,Etsy,7.90,8.61,50.46,38.55,3.30,50.46,1,
4068794898,5/26/2026 4:56:58 PM,Custom Gift by FTM,,Etsy,5.97,0.00,26.10,24.22,1.88,26.10,1,
4068793632,5/26/2026 4:55:28 PM,YemlihaDesign,,Etsy,6.98,7.26,33.03,23.47,2.30,33.03,1,
4074072091,5/26/2026 4:47:31 PM,Devran Custom Design,,Etsy,7.02,7.22,24.37,15.56,1.59,24.37,1,
4068785254,5/26/2026 4:44:58 PM, Velvet Whiskey Design,,Etsy,11.82,12.22,126.24,104.40,9.62,126.24,9,
4068899410,5/26/2026 7:12:14 PM,Etched Elegance Shop,,Etsy,27.65,36.57,96.64,53.76,6.31,96.64,3,
4074098745,5/26/2026 5:25:44 PM,Etched Elegance Shop,,Etsy,7.26,8.61,32.78,21.67,2.50,32.78,1,
4074192653,5/26/2026 7:50:13 PM,Etched Elegance Shop,,Etsy,6.37,8.13,33.76,23.06,2.57,33.76,1,
4068927154,5/26/2026 7:46:05 PM,YemlihaDesign,,Etsy,6.98,7.26,32.88,23.47,2.15,32.88,1,
4068896170,5/26/2026 7:08:19 PM,Woodmark Custom,,Etsy,7.13,8.40,33.65,22.50,2.75,33.65,1,
4068883776,5/26/2026 6:52:44 PM,Devran Custom Design,,Etsy,5.89,5.89,50.06,40.14,4.03,50.06,2,
4068889294,5/26/2026 6:59:32 PM,Devran Custom Design,,Etsy,8.61,8.61,51.91,39.29,4.01,51.91,2,
4074124229,5/26/2026 6:03:40 PM,Devran Custom Design,,Etsy,10.69,10.69,79.08,62.97,5.42,79.08,1,
4068837166,5/26/2026 5:52:29 PM,Lumina Custom Design,,Etsy,11.67,11.67,44.20,29.64,2.89,44.20,3,
4074174891,5/26/2026 7:23:41 PM,Custom Gift by FTM,,Etsy,6.24,0.00,53.43,48.44,4.99,53.43,2,
4074182047,5/26/2026 7:34:13 PM,Custom Gift by FTM,,Etsy,5.48,0.00,26.22,24.22,2.00,26.22,1,
4068834372,5/26/2026 5:48:58 PM, Velvet Whiskey Design,,Etsy,15.01,12.22,151.79,128.00,11.57,151.79,1,
4074156521,5/26/2026 6:54:34 PM, Velvet Whiskey Design,,Etsy,6.37,6.37,25.07,17.20,1.50,25.07,1,
4068912196,5/26/2026 7:28:11 PM, Velvet Whiskey Design,,Etsy,6.00,6.00,22.47,15.20,1.27,22.47,1,
4068840378,5/26/2026 5:56:35 PM, Velvet Whiskey Design,,Etsy,7.26,7.45,58.02,46.40,4.17,58.02,1,
4068863040,5/26/2026 6:26:45 PM, Velvet Whiskey Design,,Etsy,10.43,12.22,128.22,116.00,0.00,128.22,1,
4068948922,5/26/2026 8:11:45 PM,Custom Gift by FTM,,Etsy,6.36,0.00,77.46,72.65,4.81,77.46,1,
4068936074,5/26/2026 7:56:48 PM,SenaCustomStore,,Etsy,7.90,8.06,25.41,52.79,2.00,62.85,2,
4068977208,5/26/2026 8:44:36 PM,Custom Gift by FTM,,Etsy,6.66,0.00,26.13,24.19,1.94,26.13,1,
4068972916,5/26/2026 8:39:20 PM,YemlihaDesign,,Etsy,9.76,9.76,132.04,112.50,9.78,132.04,1,
4074245905,5/26/2026 9:12:53 PM,YemlihaDesign,,Etsy,7.42,8.61,40.03,28.37,3.05,40.03,1,
4074246779,5/26/2026 9:14:13 PM,YemlihaDesign,,Etsy,8.13,11.68,122.49,104.42,6.39,122.49,1,
4068944560,5/26/2026 8:06:35 PM,Devran Custom Design,,Etsy,7.90,8.13,192.14,168.75,15.26,192.14,9,
4074220737,5/26/2026 8:34:32 PM,Etched Elegance Shop,,Etsy,12.49,19.12,195.18,159.44,16.34,194.90,8,
4069012196,5/26/2026 9:29:38 PM,Devran Custom Design,,Etsy,5.83,5.83,37.00,28.75,2.42,37.00,1,
4069015294,5/26/2026 9:33:27 PM,Devran Custom Design,,Etsy,8.61,9.06,80.27,65.96,5.25,80.27,1,
4074224473,5/26/2026 8:40:28 PM,Marbella Custom Gifts,,Etsy,7.42,8.06,30.45,20.00,2.39,30.45,1,
4069000600,5/26/2026 9:14:18 PM,Woodmark Custom,,Etsy,5.97,8.13,27.92,17.99,1.80,27.92,1,
4068945944,5/26/2026 8:08:12 PM,Marbella Custom Gifts,,Etsy,5.83,5.83,32.98,24.22,2.93,32.98,1,
4068988798,5/26/2026 8:59:17 PM,Woodmark Custom,,Etsy,6.37,7.42,37.75,27.45,2.88,37.75,1,
4074224515,5/26/2026 8:40:36 PM, Velvet Whiskey Design,,Etsy,54.62,67.24,136.84,69.60,0.00,136.84,1,
4068947610,5/26/2026 8:10:10 PM,Lumina Custom Design,,Etsy,8.61,19.52,176.61,-59.72,8.89,-31.31,7,
4074215485,5/26/2026 8:26:22 PM, Velvet Whiskey Design,,Etsy,8.13,8.13,20.69,11.60,0.96,20.69,1,
4074258367,5/26/2026 9:32:54 PM, Velvet Whiskey Design,,Etsy,9.54,9.54,28.10,16.80,1.76,28.10,1,
4069049790,5/26/2026 10:21:03 PM,Woodmark Custom,,Etsy,7.99,8.51,46.19,34.97,2.71,46.19,1,
4069094774,5/26/2026 11:40:37 PM, Velvet Whiskey Design,,Etsy,8.61,10.43,74.50,58.00,6.07,74.50,5,
4074284385,5/26/2026 10:19:26 PM, Velvet Whiskey Design,,Etsy,6.37,6.37,23.35,15.20,1.78,23.35,1,
4074283435,5/26/2026 10:17:32 PM,Custom Gift by FTM,,Etsy,8.74,9.35,72.35,57.54,5.18,72.07,1,
4069100238,5/26/2026 11:52:55 PM,Devran Custom Design,,Etsy,6.24,6.24,42.28,34.00,2.04,42.28,2,
4074309365,5/26/2026 11:12:57 PM,Devran Custom Design,,Etsy,6.37,6.37,24.16,15.97,1.82,24.16,1,
4074325593,5/26/2026 11:56:09 PM,Devran Custom Design,,Etsy,6.24,6.24,24.87,17.29,1.34,24.87,1,
4069139002,5/27/2026 1:40:08 AM, Velvet Whiskey Design,,Etsy,13.79,17.86,106.98,81.20,7.92,106.98,1,
4074350131,5/27/2026 1:23:16 AM,Devran Custom Design,,Etsy,5.97,5.97,41.43,32.30,3.16,41.43,1,
4068947610,5/26/2026 8:10:10 PM,Lumina Custom Design,,Etsy,8.61,0.00,176.61,207.92,0.00,207.92,8,
4069182328,5/27/2026 3:57:13 AM,Devran Custom Design,,Etsy,6.37,6.37,23.57,15.74,1.46,23.57,1,
4069226202,5/27/2026 5:59:30 AM,Custom Gift by FTM,,Etsy,7.99,0.00,30.30,28.32,1.98,30.30,1,
4074483115,5/27/2026 8:07:15 AM,Etched Elegance Shop,,Etsy,5.89,7.42,27.56,17.92,2.22,27.56,1,
4069261690,5/27/2026 7:11:17 AM,Devran Custom Design,,Etsy,7.73,9.47,85.15,70.11,5.57,85.15,5,
4069276336,5/27/2026 7:36:23 AM, Velvet Whiskey Design,,Etsy,8.13,8.13,25.19,15.14,1.92,25.19,1,
4069387818,5/27/2026 9:58:21 AM,YemlihaDesign,,Etsy,7.42,8.61,34.93,23.47,2.85,34.93,1,
4074488135,5/27/2026 8:15:31 AM,Etched Elegance Shop,,Etsy,7.26,8.61,39.98,28.89,2.48,39.98,1,
4069411686,5/27/2026 10:24:58 AM,Marbella Custom Gifts,,Etsy,5.89,5.89,22.98,15.39,1.70,22.98,1,
4069410682,5/27/2026 10:23:59 AM, Velvet Whiskey Design,,Etsy,8.61,9.06,60.04,46.40,4.58,60.04,1,
4074497541,5/27/2026 8:30:25 AM,Devran Custom Design,,Etsy,5.73,5.73,31.69,23.75,2.21,31.69,1,
4074556733,5/27/2026 9:51:20 AM, Velvet Whiskey Design,,Etsy,6.25,7.22,31.53,22.52,1.79,31.53,2,
4074552043,5/27/2026 9:45:19 AM,Woodmark Custom,,Etsy,10.69,10.69,69.69,55.61,3.39,69.69,1,
4069408500,5/27/2026 10:21:38 AM,Woodmark Custom,,Etsy,6.17,6.65,36.30,27.45,2.20,36.30,1,
4074545535,5/27/2026 9:37:06 AM,Woodmark Custom,,Etsy,11.67,11.67,55.04,40.44,2.93,55.04,1,
4074528087,5/27/2026 9:14:28 AM,Woodmark Custom,,Etsy,11.67,11.67,40.17,26.45,2.05,40.17,1,
4069473982,5/27/2026 11:31:18 AM,YemlihaDesign,,Etsy,8.61,8.61,51.71,39.72,3.38,51.71,2,
4074602481,5/27/2026 10:48:15 AM,YemlihaDesign,,Etsy,7.46,8.51,33.90,23.47,1.92,33.90,1,
4069443314,5/27/2026 10:58:28 AM,CuteArtCustomDesign,,Etsy,6.66,5.99,32.76,24.70,2.07,32.76,1,
4069461896,5/27/2026 11:18:43 AM,Etched Elegance Shop,,Etsy,8.15,8.51,34.34,23.89,1.94,34.34,1,
4074606953,5/27/2026 10:53:33 AM,Etched Elegance Shop,,Etsy,8.76,11.67,49.66,35.84,2.15,49.66,2,
4074635061,5/27/2026 11:27:28 AM,Etched Elegance Shop,,Etsy,8.76,11.67,38.69,23.89,3.13,38.69,1,
4074630529,5/27/2026 11:21:54 AM,Etched Elegance Shop,,Etsy,11.56,21.62,137.47,107.52,8.33,137.47,1,
4069479180,5/27/2026 11:36:58 AM,Marbella Custom Gifts,,Etsy,7.02,7.26,25.48,16.55,1.67,25.48,1,
4074648673,5/27/2026 11:44:08 AM,Etched Elegance Shop,,Etsy,6.37,8.13,33.92,23.06,2.73,33.92,1,
4069520898,5/27/2026 12:21:24 PM,Devran Custom Design,,Etsy,5.17,5.17,23.94,17.00,1.77,23.94,1,
4069537784,5/27/2026 12:38:58 PM,Etched Elegance Shop,,Etsy,6.17,6.65,33.91,24.97,2.29,33.91,1,
4074658595,5/27/2026 11:56:08 AM, Velvet Whiskey Design,,Etsy,10.01,11.67,44.58,30.40,2.51,44.58,2,
4074650911,5/27/2026 11:46:52 AM, Velvet Whiskey Design,,Etsy,9.76,12.22,101.13,81.20,7.71,101.13,1,
4069648570,5/27/2026 2:31:52 PM,Woodmark Custom,,Etsy,6.25,6.98,32.68,23.85,1.85,32.68,1,
4069552570,5/27/2026 12:54:05 PM,Woodmark Custom,,Etsy,6.25,6.98,31.25,22.50,1.77,31.25,1,
4069565754,5/27/2026 1:08:11 PM,Woodmark Custom,,Etsy,5.97,8.13,23.20,13.99,1.08,23.20,1,
4074739643,5/27/2026 1:32:46 PM,Custom Gift by FTM,,Etsy,6.58,0.00,62.79,58.41,4.38,62.79,3,
4074698525,5/27/2026 12:45:37 PM,Custom Gift by FTM,,Etsy,8.49,0.00,47.45,44.35,3.10,47.45,1,
4074801309,5/27/2026 2:42:15 PM,Etched Elegance Shop,,Etsy,14.94,17.12,202.40,174.79,10.49,202.40,7,
4074751781,5/27/2026 1:46:24 PM,Devran Custom Design,,Etsy,6.25,6.25,23.97,15.74,1.98,23.97,1,
4069667102,5/27/2026 2:50:18 PM,Devran Custom Design,,Etsy,5.28,5.28,18.31,11.40,1.63,18.31,1,
4069620646,5/27/2026 2:05:27 PM,Devran Custom Design,,Etsy,5.72,5.72,23.34,16.15,1.47,23.34,1,
4069615228,5/27/2026 1:59:58 PM,Devran Custom Design,,Etsy,5.28,5.28,22.29,16.15,0.86,22.29,1,
4069647432,5/27/2026 2:30:46 PM,Devran Custom Design,,Etsy,9.69,9.69,25.67,14.78,1.20,25.67,1,
4069546516,5/27/2026 12:47:54 PM,Marbella Custom Gifts,,Etsy,6.36,6.36,32.28,24.22,1.70,32.28,1,
4074784199,5/27/2026 2:23:27 PM, Velvet Whiskey Design,,Etsy,6.80,6.80,24.98,16.60,1.58,24.98,1,
4069672394,5/27/2026 2:55:33 PM, Velvet Whiskey Design,,Etsy,6.98,7.26,35.14,25.89,1.99,35.14,1,
4074897301,5/27/2026 4:36:02 PM,Devran Custom Design,,Etsy,5.97,5.97,29.13,20.90,2.26,29.13,1,
4069781780,5/27/2026 4:54:24 PM,Woodmark Custom,,Etsy,6.37,7.42,37.75,27.45,2.88,37.75,1,
4074828427,5/27/2026 3:12:23 PM,Woodmark Custom,,Etsy,7.26,7.26,66.21,55.61,3.34,66.21,1,
4069750902,5/27/2026 4:18:22 PM,Woodmark Custom,,Etsy,6.82,6.82,66.96,55.61,4.53,66.96,1,
4069735938,5/27/2026 4:01:38 PM, Velvet Whiskey Design,,Etsy,12.22,12.22,139.07,116.00,10.85,139.07,1,
4074912223,5/27/2026 4:56:47 PM,YemlihaDesign,,Etsy,7.26,7.26,57.64,46.94,3.44,57.64,2,
4074923165,5/27/2026 5:13:09 PM,YemlihaDesign,,Etsy,20.64,24.16,250.98,211.23,15.59,250.98,9,
4043014252,5/27/2026 5:34:24 PM,Woodmark Custom,,Etsy,7.07,7.31,63.75,149.75,4.03,161.09,1,
4065532399,5/27/2026 5:37:56 PM,Woodmark Custom,,Etsy,5.40,6.98,26.05,35.98,1.08,44.04,1,
4074985917,5/27/2026 6:51:39 PM,Custom Gift by FTM,,Etsy,5.48,0.00,25.73,24.22,1.51,25.73,1,
4069906860,5/27/2026 7:34:05 PM,Devran Custom Design,,Etsy,7.26,7.26,41.08,31.49,2.33,41.08,1,
4075023791,5/27/2026 7:49:45 PM,Devran Custom Design,,Etsy,5.17,5.17,22.60,16.15,1.28,22.60,1,
4074984987,5/27/2026 6:50:10 PM,Etched Elegance Shop,,Etsy,7.26,8.61,33.01,21.67,2.73,33.01,1,
4069890846,5/27/2026 7:13:45 PM,Woodmark Custom,,Etsy,0.00,0.00,7.63,7.20,0.43,7.63,1,
4069879402,5/27/2026 6:58:53 PM,Woodmark Custom,,Etsy,9.06,9.06,69.52,56.90,3.56,69.52,1,
4069890610,5/27/2026 7:13:24 PM,Woodmark Custom,,Etsy,6.37,7.42,36.97,27.45,2.10,36.97,1,
4075037329,5/27/2026 8:09:40 PM,Woodmark Custom,,Etsy,9.56,9.56,60.12,47.70,2.86,60.12,2,
4075020275,5/27/2026 7:44:39 PM,Woodmark Custom,,Etsy,8.61,7.42,34.05,119.25,2.78,129.45,3,
4074960997,5/27/2026 6:12:01 PM,YemlihaDesign,,Etsy,19.17,45.01,476.31,-97.89,39.46,-13.42,1,
4075004401,5/27/2026 7:20:26 PM, Velvet Whiskey Design,,Etsy,8.16,8.61,41.74,30.40,2.73,41.74,2,
4069938728,5/27/2026 8:14:11 PM, Velvet Whiskey Design,,Etsy,6.72,6.72,27.07,19.20,1.15,27.07,1,
4069912840,5/27/2026 7:41:52 PM, Velvet Whiskey Design,,Etsy,7.26,7.42,20.68,11.60,1.66,20.68,1,
4075097321,5/27/2026 9:43:07 PM,Custom Gift by FTM,,Etsy,5.48,0.00,25.73,24.22,1.51,25.73,1,
4069957600,5/27/2026 8:38:06 PM,Woodmark Custom,,Etsy,6.37,7.42,34.40,23.85,3.13,34.40,1,
4075124337,5/27/2026 10:30:20 PM,Woodmark Custom,,Etsy,6.17,6.65,32.41,23.85,1.91,32.41,1,
4069986004,5/27/2026 9:12:52 PM,Marbella Custom Gifts,,Etsy,10.43,10.43,130.27,108.00,11.84,130.27,1,
4075103381,5/27/2026 9:52:34 PM,Lumina Custom Design,,Etsy,11.67,11.67,55.89,41.04,3.18,55.89,4,
4075105097,5/27/2026 9:55:27 PM,Lumina Custom Design,,Etsy,6.24,6.24,17.16,9.88,1.04,17.16,1,
4070011838,5/27/2026 9:47:17 PM,YemlihaDesign,,Etsy,7.42,8.61,34.73,23.47,2.65,34.73,1,
4069981092,5/27/2026 9:06:54 PM,YemlihaDesign,,Etsy,5.83,5.83,21.13,14.10,1.20,21.13,1,
4075082575,5/27/2026 9:19:30 PM,Devran Custom Design,,Etsy,7.77,14.52,200.79,169.67,16.60,200.79,9,
4075083269,5/27/2026 9:20:34 PM,Devran Custom Design,,Etsy,15.77,24.69,62.19,37.50,0.00,62.19,2,
4075099565,5/27/2026 9:46:41 PM,Devran Custom Design,,Etsy,5.97,5.97,18.25,11.40,0.88,18.25,1,
4070023558,5/27/2026 10:04:44 PM, Velvet Whiskey Design,,Etsy,14.94,15.05,124.82,103.55,6.22,124.82,1,
4075162037,5/28/2026 12:04:11 AM,Woodmark Custom,,Etsy,5.97,8.13,28.84,17.99,2.72,28.84,1,
4070103072,5/28/2026 12:37:15 AM, Velvet Whiskey Design,,Etsy,17.86,17.86,117.85,92.80,7.19,117.85,8,
4070138112,5/28/2026 2:16:42 AM,SenaCustomStore,,Etsy,5.97,6.24,18.91,11.76,0.91,18.91,1,
4075192211,5/28/2026 1:48:10 AM,Woodmark Custom,,Etsy,5.97,8.13,27.51,17.99,1.39,27.51,1,
4070120616,5/28/2026 1:25:09 AM,Devran Custom Design,,Etsy,7.90,8.06,39.94,28.33,3.55,39.94,1,
4070295630,5/28/2026 8:20:00 AM,Marbella Custom Gifts,,Etsy,6.24,6.24,33.69,24.22,3.23,33.69,1,
4075321335,5/28/2026 7:59:35 AM,Marbella Custom Gifts,,Etsy,5.89,5.89,27.47,19.34,2.24,27.47,1,
4070294570,5/28/2026 8:18:34 AM,Marbella Custom Gifts,,Etsy,6.24,6.24,33.69,24.22,3.23,33.69,1,
4070317672,5/28/2026 8:47:31 AM,Devran Custom Design,,Etsy,6.44,6.44,32.57,23.75,2.10,32.29,1,
4075304567,5/28/2026 7:30:30 AM,Devran Custom Design,,Etsy,5.62,6.58,19.29,10.99,1.44,19.01,1,
4070271802,5/28/2026 7:47:51 AM,Devran Custom Design,,Etsy,5.48,5.48,22.60,16.15,0.97,22.60,1,
4070254768,5/28/2026 7:20:35 AM, Velvet Whiskey Design,,Etsy,11.67,11.67,49.47,34.80,3.00,49.47,1,
4075302653,5/28/2026 7:27:13 AM, Velvet Whiskey Design,,Etsy,6.37,6.37,23.00,15.20,1.43,23.00,1,
4070336336,5/28/2026 9:10:00 AM,CuteArtCustomDesign,,Etsy,8.16,9.49,62.00,49.00,3.51,62.00,2,
4070243252,5/28/2026 6:59:51 AM,Etched Elegance Shop,,Etsy,6.58,10.15,41.80,28.46,3.19,41.80,1,
4075421805,5/28/2026 10:14:51 AM,Devran Custom Design,,Etsy,6.25,6.25,31.47,22.62,2.60,31.47,2,
4075426827,5/28/2026 10:20:53 AM,Lumina Custom Design,,Etsy,23.47,24.69,47.91,20.51,2.71,47.91,1,
4075443673,5/28/2026 10:41:53 AM,YemlihaDesign,,Etsy,6.98,9.56,35.01,23.47,1.98,35.01,1,
4070419786,5/28/2026 10:41:33 AM,YemlihaDesign,,Etsy,6.37,6.37,20.20,13.05,0.78,20.20,1,
4075484293,5/28/2026 11:31:19 AM,Devran Custom Design,,Etsy,5.83,5.83,23.63,16.15,1.65,23.63,1,
4075464359,5/28/2026 11:06:47 AM,Devran Custom Design,,Etsy,5.40,5.40,28.14,20.90,1.84,28.14,1,
4070435108,5/28/2026 10:57:36 AM,Woodmark Custom,,Etsy,7.26,7.26,47.70,40.44,0.00,47.70,1,
4070444910,5/28/2026 11:08:09 AM,Woodmark Custom,,Etsy,5.97,8.13,18.89,9.99,0.77,18.89,1,
4070491750,5/28/2026 11:57:49 AM,YemlihaDesign,,Etsy,6.24,6.24,21.86,14.10,1.52,21.86,1,
4070488814,5/28/2026 11:54:45 AM, Velvet Whiskey Design,,Etsy,16.89,17.47,169.33,139.20,12.38,169.05,1,
4070496582,5/28/2026 12:03:03 PM,Etched Elegance Shop,,Etsy,7.26,14.06,127.28,107.52,5.70,127.28,6,
4070496422,5/28/2026 12:02:51 PM,Etched Elegance Shop,,Etsy,15.75,23.69,113.29,89.60,0.00,113.29,5,
4075535097,5/28/2026 12:32:20 PM,Custom Gift by FTM,,Etsy,5.40,0.00,25.68,24.22,1.46,25.68,1,
4070513900,5/28/2026 12:21:21 PM, Velvet Whiskey Design,,Etsy,6.80,6.80,28.47,19.14,2.53,28.47,1,
4070501630,5/28/2026 12:08:17 PM,Devran Custom Design,,Etsy,5.17,5.17,27.89,20.90,1.82,27.89,1,
4070532902,5/28/2026 12:41:00 PM,Devran Custom Design,,Etsy,6.37,6.37,23.93,15.74,1.82,23.93,1,
4075534101,5/28/2026 12:31:14 PM,Etched Elegance Shop,,Etsy,12.34,20.86,206.53,173.34,12.33,206.53,1,
4070551274,5/28/2026 1:00:32 PM,YemlihaDesign,,Etsy,6.17,6.65,33.85,25.06,2.14,33.85,1,
4075552847,5/28/2026 12:53:17 PM,YemlihaDesign,,Etsy,6.37,6.37,32.87,23.82,2.68,32.87,1,
4070590610,5/28/2026 1:41:25 PM,Woodmark Custom,,Etsy,9.06,9.06,70.58,56.90,4.62,70.58,1,
4075600169,5/28/2026 1:49:28 PM,Etched Elegance Shop,,Etsy,7.26,8.61,36.76,25.43,2.72,36.76,1,
4075632535,5/28/2026 2:26:38 PM,Etched Elegance Shop,,Etsy,6.95,8.13,30.10,19.93,2.04,30.10,1,
4075646235,5/28/2026 2:42:03 PM,Devran Custom Design,,Etsy,9.54,11.67,86.74,68.40,6.67,86.74,6,
4070606192,5/28/2026 1:57:47 PM,Etched Elegance Shop,,Etsy,10.04,12.40,105.06,83.60,8.78,104.78,4,
4070607970,5/28/2026 1:59:33 PM,Devran Custom Design,,Etsy,5.40,5.40,23.11,16.15,1.56,23.11,1,
4070603942,5/28/2026 1:55:25 PM,Etched Elegance Shop,,Etsy,10.12,26.58,248.57,207.92,14.07,248.57,4,
4070640064,5/28/2026 2:32:27 PM,Devran Custom Design,,Etsy,6.17,6.17,23.63,15.97,1.49,23.63,1,
4070618876,5/28/2026 2:10:40 PM,Devran Custom Design,,Etsy,5.48,5.48,23.09,16.15,1.46,23.09,1,
4070661460,5/28/2026 2:53:54 PM,Custom Gift by FTM,,Etsy,5.28,0.00,25.50,24.22,1.28,25.50,1,
4075669385,5/28/2026 3:08:42 PM,Etched Elegance Shop,,Etsy,6.37,8.61,31.94,20.90,2.43,31.94,1,
4070678650,5/28/2026 3:11:36 PM,YemlihaDesign,,Etsy,8.13,11.67,41.74,28.37,1.70,41.74,1,
4075670513,5/28/2026 3:09:58 PM,YemlihaDesign,,Etsy,8.13,11.67,37.46,23.47,2.32,37.46,1,
4070672688,5/28/2026 3:05:07 PM,YemlihaDesign,,Etsy,6.37,6.37,31.50,23.82,1.31,31.50,1,
4070670598,5/28/2026 3:03:04 PM, Velvet Whiskey Design,,Etsy,8.61,10.43,72.19,58.00,3.76,72.19,1,
4075789241,5/28/2026 5:49:40 PM,Lumina Custom Design,,Etsy,5.83,5.83,20.97,13.68,1.46,20.97,1,
4075771373,5/28/2026 5:21:10 PM,Custom Gift by FTM,,Etsy,5.40,0.00,25.68,24.22,1.46,25.68,1,
4075759405,5/28/2026 5:03:31 PM,Devran Custom Design,,Etsy,6.25,6.25,24.24,15.74,2.25,24.24,1,
4070786550,5/28/2026 5:09:58 PM,CuteArtCustomDesign,,Etsy,6.88,9.49,63.01,49.40,4.12,63.01,2,
4070818232,5/28/2026 5:49:45 PM,YemlihaDesign,,Etsy,6.98,7.26,32.73,23.47,2.00,32.73,1,
4070772000,5/28/2026 4:52:30 PM,Woodmark Custom,,Etsy,7.46,7.46,33.50,23.85,2.19,33.50,1,
4075780441,5/28/2026 5:35:20 PM,Woodmark Custom,,Etsy,9.06,9.06,71.40,56.90,5.44,71.40,1,
4075805009,5/28/2026 6:15:37 PM,Woodmark Custom,,Etsy,6.82,6.82,67.42,55.61,4.99,67.42,1,
4070860370,5/28/2026 6:44:24 PM,Lumina Custom Design,,Etsy,7.26,7.26,50.03,39.50,3.27,50.03,1,
4070913702,5/28/2026 7:54:16 PM,Devran Custom Design,,Etsy,5.89,8.61,33.11,21.98,2.52,33.11,2,
4075855053,5/28/2026 7:35:06 PM,Devran Custom Design,,Etsy,5.72,5.72,18.44,12.00,0.72,18.44,1,
4075850883,5/28/2026 7:28:35 PM,Woodmark Custom,,Etsy,11.67,11.67,66.57,54.90,0.00,66.57,2,
4075843493,5/28/2026 7:17:10 PM,Woodmark Custom,,Etsy,5.97,8.13,32.48,21.99,2.36,32.48,1,
4075837881,5/28/2026 7:08:25 PM,Devran Custom Design,,Etsy,6.39,6.39,24.29,15.74,2.16,24.29,1,
4075893275,5/28/2026 8:33:06 PM,Etched Elegance Shop,,Etsy,6.17,6.82,29.29,20.90,1.57,29.29,1,
4075951153,5/28/2026 10:04:59 PM,Etched Elegance Shop,,Etsy,6.58,10.15,39.31,26.46,2.70,39.31,1,
4070998556,5/28/2026 9:42:53 PM,Custom Gift by FTM,,Etsy,5.48,0.00,26.88,24.22,2.66,26.88,1,
4070984496,5/28/2026 9:24:01 PM, Velvet Whiskey Design,,Etsy,8.49,8.74,29.93,19.80,1.39,29.93,1,
4071010678,5/28/2026 9:59:46 PM, Velvet Whiskey Design,,Etsy,7.90,8.06,29.05,19.80,1.19,29.05,1,
4075889495,5/28/2026 8:27:33 PM, Velvet Whiskey Design,,Etsy,8.13,8.13,21.43,11.60,1.70,21.43,1,
4075938767,5/28/2026 9:42:42 PM, Velvet Whiskey Design,,Etsy,6.37,6.37,20.90,12.94,1.59,20.90,1,
4075954697,5/28/2026 10:12:13 PM,Devran Custom Design,,Etsy,11.67,11.67,73.09,57.00,4.42,73.09,1,
4071022548,5/28/2026 10:16:37 PM,YemlihaDesign,,Etsy,26.09,33.78,230.65,187.73,8.86,230.37,1,
4075913641,5/28/2026 9:02:55 PM,YemlihaDesign,,Etsy,11.84,12.87,36.54,22.10,1.57,36.54,1,
4075893289,5/28/2026 8:33:07 PM,Woodmark Custom,,Etsy,11.67,11.67,89.84,71.55,6.62,89.84,3,
4075953503,5/28/2026 10:09:38 PM,Woodmark Custom,,Etsy,6.95,8.13,37.71,27.45,2.13,37.71,1,
4075939397,5/28/2026 9:43:54 PM,Woodmark Custom,,Etsy,8.61,8.61,52.30,40.44,3.25,52.30,1,
4070969260,5/28/2026 9:04:01 PM,Woodmark Custom,,Etsy,6.25,6.98,36.84,27.45,2.41,36.84,1,
4075899069,5/28/2026 8:41:34 PM,Woodmark Custom,,Etsy,5.64,7.30,32.15,21.99,2.86,32.15,1,
4075993747,5/28/2026 11:38:37 PM,SenaCustomStore,,Etsy,5.97,6.24,19.60,11.76,1.60,19.60,1,
4075987383,5/28/2026 11:22:24 PM,Lumina Custom Design,,Etsy,6.24,6.24,17.50,10.26,1.00,17.50,1,
4071053154,5/28/2026 11:06:31 PM,Lumina Custom Design,,Etsy,12.40,33.21,260.42,-64.78,21.81,-9.76,1,
4071060814,5/28/2026 11:21:25 PM, Velvet Whiskey Design,,Etsy,11.58,12.83,62.90,46.40,3.67,62.90,1,
4075975137,5/28/2026 10:53:11 PM, Velvet Whiskey Design,,Etsy,10.65,11.82,97.89,81.20,4.87,97.89,1,
4071050692,5/28/2026 11:01:47 PM,Woodmark Custom,,Etsy,8.49,9.95,48.23,34.97,3.31,48.23,1,
4076003635,5/29/2026 12:06:37 AM,Woodmark Custom,,Etsy,7.90,8.61,46.84,34.97,3.26,46.84,1,
4071083728,5/29/2026 12:10:37 AM,Woodmark Custom,,Etsy,7.73,7.73,68.99,56.90,4.36,68.99,1,
4071042998,5/28/2026 10:48:41 PM,YemlihaDesign,,Etsy,7.26,7.26,52.81,42.97,2.58,52.81,2,
4076034383,5/29/2026 1:54:51 AM,Etched Elegance Shop,,Etsy,7.26,8.61,40.59,28.89,3.09,40.59,1,
4071119102,5/29/2026 1:46:18 AM,Woodmark Custom,,Etsy,9.02,10.69,48.59,34.97,2.93,48.59,1,
4071053154,5/28/2026 11:06:31 PM,Lumina Custom Design,,Etsy,12.40,0.00,260.42,269.90,0.00,269.90,1,
4071311366,5/29/2026 8:35:45 AM,Devran Custom Design,,Etsy,5.48,5.48,29.30,22.00,1.82,29.30,1,
4071229310,5/29/2026 6:34:05 AM,Lumina Custom Design,,Etsy,5.89,5.89,17.00,10.26,0.85,17.00,1,
4076193497,5/29/2026 8:37:15 AM,Woodmark Custom,,Etsy,53.50,58.54,122.94,56.90,7.50,122.94,1,
4076128365,5/29/2026 6:48:57 AM,Etched Elegance Shop,,Etsy,6.25,7.22,32.69,23.06,2.41,32.69,1,
4076141251,5/29/2026 7:14:15 AM,Etched Elegance Shop,,Etsy,6.65,6.82,28.93,19.72,2.39,28.93,1,
4071305452,5/29/2026 8:28:48 AM, Velvet Whiskey Design,,Etsy,7.73,7.73,70.96,58.00,5.23,70.96,5,
4071291722,5/29/2026 8:11:24 AM, Velvet Whiskey Design,,Etsy,7.26,7.42,19.02,11.60,0.00,19.02,1,
4076239585,5/29/2026 9:35:34 AM,Etched Elegance Shop,,Etsy,6.37,7.42,34.34,24.97,1.95,34.34,1,
4076203689,5/29/2026 8:50:48 AM,Devran Custom Design,,Etsy,6.25,6.25,22.93,15.74,0.94,22.93,1,
4076238445,5/29/2026 9:34:06 AM,Marbella Custom Gifts,,Etsy,9.76,9.76,94.76,80.00,5.00,94.76,1,
4076204949,5/29/2026 8:52:27 AM, Velvet Whiskey Design,,Etsy,7.96,9.14,31.59,19.80,2.37,31.31,1,
4071343626,5/29/2026 9:13:44 AM, Velvet Whiskey Design,,Etsy,8.23,9.06,59.13,46.40,3.67,59.13,4,
4071348794,5/29/2026 9:19:36 AM, Velvet Whiskey Design,,Etsy,8.23,9.06,55.46,46.40,0.00,55.46,4,
4076225553,5/29/2026 9:18:33 AM,Woodmark Custom,,Etsy,7.07,7.07,67.81,56.90,3.84,67.81,1,
4071397960,5/29/2026 10:12:34 AM, Velvet Whiskey Design,,Etsy,7.45,7.45,41.84,31.74,2.65,41.84,2,
4071389696,5/29/2026 10:03:46 AM, Velvet Whiskey Design,,Etsy,6.88,7.26,32.90,23.20,2.44,32.90,1,
4071415334,5/29/2026 10:30:02 AM,Devran Custom Design,,Etsy,5.89,5.89,36.75,28.06,2.80,36.75,1,
4076298993,5/29/2026 10:44:06 AM,SenaCustomStore,,Etsy,5.83,6.36,19.21,11.76,1.09,19.21,1,
4076308291,5/29/2026 10:54:39 AM,Woodmark Custom,,Etsy,5.40,0.00,18.42,16.98,1.44,18.42,1,
4071494722,5/29/2026 11:49:39 AM,Custom Gift by FTM,,Etsy,7.83,0.00,24.02,22.60,1.42,24.02,1,
4076352511,5/29/2026 11:44:04 AM,Devran Custom Design,,Etsy,6.69,6.82,68.61,57.00,4.79,68.61,5,
4076337825,5/29/2026 11:27:21 AM,YemlihaDesign,,Etsy,11.58,13.59,76.06,56.74,5.73,76.06,2,
4071465562,5/29/2026 11:20:09 AM,Etched Elegance Shop,,Etsy,6.58,9.35,34.52,23.06,2.11,34.52,1,
4071507884,5/29/2026 12:02:40 PM, Velvet Whiskey Design,,Etsy,7.82,6.37,22.86,53.20,1.29,60.86,2,
4076398105,5/29/2026 12:35:58 PM,YemlihaDesign,,Etsy,6.95,6.95,37.05,27.43,2.67,37.05,1,
4074960997,5/27/2026 6:12:01 PM,YemlihaDesign,,Etsy,19.17,0.00,476.31,489.45,0.00,489.45,1,
4071581354,5/29/2026 1:16:07 PM,YemlihaDesign,,Etsy,8.26,9.14,72.47,59.58,3.75,72.47,3,
4071594254,5/29/2026 1:29:00 PM,Lumina Custom Design,,Etsy,5.73,5.73,17.15,10.26,1.16,17.15,1,
4076459331,5/29/2026 1:45:39 PM,Woodmark Custom,,Etsy,6.25,6.98,32.99,23.85,2.16,32.99,1,
4071611052,5/29/2026 1:45:51 PM,Woodmark Custom,,Etsy,6.37,7.42,37.75,27.45,2.88,37.75,1,
4071625104,5/29/2026 1:59:45 PM,Etched Elegance Shop,,Etsy,8.13,11.67,34.56,19.72,3.17,34.56,1,
4071618476,5/29/2026 1:53:17 PM,Woodmark Custom,,Etsy,6.67,6.67,67.26,55.61,4.98,67.26,1,
4076475253,5/29/2026 2:03:58 PM,Etched Elegance Shop,,Etsy,6.25,6.98,33.45,24.97,1.50,33.45,1,
4076477285,5/29/2026 2:06:24 PM,Lumina Custom Design,,Etsy,8.61,8.61,74.01,61.54,3.86,74.01,1,
4071672674,5/29/2026 2:47:18 PM,YemlihaDesign,,Etsy,7.42,8.61,39.60,28.37,2.62,39.60,1,
4071683816,5/29/2026 2:58:50 PM,YemlihaDesign,,Etsy,7.26,7.73,100.23,87.26,5.24,100.23,1,
4071660144,5/29/2026 2:35:06 PM,Custom Gift by FTM,,Etsy,5.48,0.00,25.67,24.22,1.45,25.67,1,
4076519491,5/29/2026 2:54:56 PM,Marbella Custom Gifts,,Etsy,5.28,5.28,24.54,17.08,2.18,24.54,1,
4076543451,5/29/2026 3:22:19 PM,Devran Custom Design,,Etsy,6.24,6.24,37.51,28.75,2.52,37.51,1,
4076546423,5/29/2026 3:25:48 PM,Woodmark Custom,,Etsy,10.69,10.69,71.00,55.61,4.70,71.00,1,
4071738292,5/29/2026 3:55:05 PM,Etched Elegance Shop,,Etsy,12.21,19.66,134.96,115.30,0.00,134.96,5,
4076565809,5/29/2026 3:48:57 PM,Etched Elegance Shop,,Etsy,7.26,8.61,35.18,23.89,2.68,35.18,1,
4076570965,5/29/2026 3:55:05 PM,Lumina Custom Design,,Etsy,6.39,8.15,38.31,27.35,2.81,38.31,1,
4071732022,5/29/2026 3:48:32 PM,Woodmark Custom,,Etsy,7.07,7.07,68.45,56.90,4.48,68.45,1,
4071756554,5/29/2026 4:14:41 PM, Velvet Whiskey Design,,Etsy,9.79,9.79,121.05,104.40,6.86,121.05,9,
4071771214,5/29/2026 4:30:44 PM,Woodmark Custom,,Etsy,6.37,7.42,37.96,27.45,3.09,37.96,1,
4076601843,5/29/2026 4:34:32 PM,Devran Custom Design,,Etsy,6.69,6.70,32.28,23.33,2.25,32.28,1,
4071768740,5/29/2026 4:28:03 PM,YemlihaDesign,,Etsy,7.02,7.22,35.65,26.10,2.33,35.65,2,
4071836622,5/29/2026 5:47:35 PM,Custom Gift by FTM,,Etsy,6.88,0.00,128.37,121.10,7.27,128.37,5,
4071813526,5/29/2026 5:18:37 PM, Velvet Whiskey Design,,Etsy,6.95,6.95,21.70,12.94,1.81,21.70,1,
4076665457,5/29/2026 6:06:01 PM,Etched Elegance Shop,,Etsy,11.17,13.79,66.16,48.16,4.21,66.16,2,
4076691563,5/29/2026 6:47:12 PM,Devran Custom Design,,Etsy,5.97,5.97,19.20,11.40,1.83,19.20,1,
4071831308,5/29/2026 5:40:58 PM,Woodmark Custom,,Etsy,6.25,6.98,32.99,23.85,2.16,32.99,1,
4071877176,5/29/2026 6:40:51 PM,Woodmark Custom,,Etsy,6.82,6.82,66.96,55.61,4.53,66.96,1,
4071932166,5/29/2026 7:53:59 PM,Etched Elegance Shop,,Etsy,5.97,7.60,33.69,23.52,2.57,33.69,1,
4076706003,5/29/2026 7:10:27 PM, Velvet Whiskey Design,,Etsy,14.83,15.05,70.69,49.80,5.84,70.69,3,
4071915530,5/29/2026 7:32:28 PM, Velvet Whiskey Design,,Etsy,10.43,10.43,29.46,16.60,2.43,29.46,1,
4071909084,5/29/2026 7:23:56 PM, Velvet Whiskey Design,,Etsy,8.13,8.13,20.89,11.60,1.16,20.89,1,
4071936834,5/29/2026 8:00:13 PM,Lumina Custom Design,,Etsy,5.83,5.83,17.26,10.26,1.17,17.26,1,
4071925250,5/29/2026 7:45:03 PM,Devran Custom Design,,Etsy,15.77,24.69,40.43,15.74,0.00,40.43,1,
4071962510,5/29/2026 8:32:23 PM,Lumina Custom Design,,Etsy,6.36,6.36,17.34,9.88,1.10,17.34,1,
4071929628,5/29/2026 7:50:46 PM,Woodmark Custom,,Etsy,12.20,12.20,69.10,56.90,0.00,69.10,1,
4072008814,5/29/2026 9:35:45 PM,Etched Elegance Shop,,Etsy,11.56,21.62,139.62,107.52,10.48,139.62,2,
4076773769,5/29/2026 9:05:05 PM,Etched Elegance Shop,,Etsy,6.25,7.22,32.25,23.06,1.97,32.25,1,
4071981778,5/29/2026 8:58:31 PM, Velvet Whiskey Design,,Etsy,6.65,6.65,19.71,11.60,1.46,19.71,1,
4076829561,5/29/2026 10:52:18 PM,Devran Custom Design,,Etsy,5.40,5.40,23.17,16.15,1.62,23.17,1,
4072046952,5/29/2026 10:34:37 PM,Woodmark Custom,,Etsy,18.52,24.69,42.68,17.99,0.00,42.68,1,
4071992444,5/29/2026 9:13:16 PM,Woodmark Custom,,Etsy,5.28,6.65,26.30,17.99,1.66,26.30,1,
4072086208,5/29/2026 11:53:36 PM,Etched Elegance Shop,,Etsy,6.27,6.67,38.76,28.89,3.20,38.76,1,
4072065050,5/29/2026 11:07:37 PM, Velvet Whiskey Design,,Etsy,8.13,8.13,20.63,11.60,0.90,20.63,1,
4072100140,5/30/2026 12:29:10 AM,Woodmark Custom,,Etsy,10.15,10.15,70.51,54.90,5.46,70.51,2,
4076849679,5/29/2026 11:46:05 PM,Woodmark Custom,,Etsy,12.20,12.20,74.22,56.90,5.12,74.22,1,
4072196436,5/30/2026 5:10:34 AM,YemlihaDesign,,Etsy,7.42,8.61,34.89,23.47,2.81,34.89,1,
4072224132,5/30/2026 6:16:50 AM,YemlihaDesign,,Etsy,8.45,8.88,369.75,333.48,27.39,369.75,1,
4076966665,5/30/2026 6:28:16 AM,Woodmark Custom,,Etsy,8.61,8.61,52.30,40.44,3.25,52.30,1,
4064978943,5/30/2026 7:17:43 AM,SenaCustomStore,,Etsy,6.00,0.00,0.00,0.00,0.00,0.00,0,
4076999973,5/30/2026 7:41:45 AM,Etched Elegance Shop,,Etsy,0.00,8.13,33.37,23.06,2.18,33.37,1,
4072256932,5/30/2026 7:18:00 AM,Etched Elegance Shop,,Etsy,0.00,8.13,39.75,28.46,3.16,39.75,1,
4076988907,5/30/2026 7:19:56 AM,Woodmark Custom,,Etsy,6.07,9.69,52.47,39.98,2.80,52.47,2,
4072326256,5/30/2026 8:48:30 AM,Devran Custom Design,,Etsy,6.37,6.37,26.29,17.92,2.00,26.29,1,
4072338750,5/30/2026 9:02:21 AM,Devran Custom Design,,Etsy,5.28,5.28,18.49,12.00,1.21,18.49,1,
4077046737,5/30/2026 8:59:29 AM,Devran Custom Design,,Etsy,6.72,6.72,23.52,15.74,1.06,23.52,1,
4072309890,5/30/2026 8:29:38 AM,YemlihaDesign,,Etsy,6.37,8.61,32.66,22.10,1.95,32.66,1,
4072309860,5/30/2026 8:29:36 AM,Woodmark Custom,,Etsy,6.17,6.65,30.90,22.50,1.75,30.90,1,
4077058663,5/30/2026 9:16:48 AM,Marbella Custom Gifts,,Etsy,5.83,5.83,32.15,24.22,2.10,32.15,1,
4072296406,5/30/2026 8:13:09 AM,Etched Elegance Shop,,Etsy,6.50,6.82,49.95,39.86,3.27,49.95,2,
4072373004,5/30/2026 9:38:50 AM,Custom Gift by FTM,,Etsy,5.83,0.00,25.85,24.22,1.63,25.85,1,
4072380380,5/30/2026 9:46:30 AM, Velvet Whiskey Design,,Etsy,7.90,8.06,30.30,19.80,2.44,30.30,1,
4077085393,5/30/2026 9:51:35 AM, Velvet Whiskey Design,,Etsy,8.61,9.06,55.46,46.40,0.00,55.46,1,
4072443720,5/30/2026 10:49:00 AM,Custom Gift by FTM,,Etsy,5.40,0.00,26.31,24.22,2.09,26.31,1,
4072458028,5/30/2026 11:02:36 AM,Woodmark Custom,,Etsy,7.73,7.73,69.48,56.90,4.85,69.48,1,
4072499366,5/30/2026 11:41:05 AM,YemlihaDesign,,Etsy,6.98,7.26,32.14,23.47,1.41,32.14,1,
4072503650,5/30/2026 11:44:46 AM, Velvet Whiskey Design,,Etsy,7.04,7.04,57.18,46.40,3.74,57.18,1,
4072488406,5/30/2026 11:30:59 AM, Velvet Whiskey Design,,Etsy,11.56,11.67,62.62,46.80,4.15,62.62,1,
4072527200,5/30/2026 12:06:43 PM,Devran Custom Design,,Etsy,6.82,6.82,42.05,31.49,3.74,42.05,1,
4077196651,5/30/2026 12:08:25 PM,Lumina Custom Design,,Etsy,6.37,8.06,33.03,22.35,2.62,33.03,1,
4072506734,5/30/2026 11:47:38 AM, Velvet Whiskey Design,,Etsy,8.74,9.95,41.15,31.20,0.00,41.15,2,
4077213039,5/30/2026 12:27:15 PM,CuteArtCustomDesign,,Etsy,6.66,5.99,33.75,25.70,2.06,33.75,1,
4077241645,5/30/2026 1:00:01 PM,Devran Custom Design,,Etsy,6.95,6.95,42.85,32.64,3.26,42.85,2,
4072592814,5/30/2026 1:08:35 PM,Etched Elegance Shop,,Etsy,11.17,13.79,66.23,47.78,4.66,66.23,2,
4072590034,5/30/2026 1:05:56 PM,Devran Custom Design,,Etsy,6.25,6.25,23.16,15.97,0.94,23.16,1,
4077223347,5/30/2026 12:39:07 PM,Lumina Custom Design,,Etsy,6.37,11.50,35.25,22.35,1.40,35.25,1,
4077213745,5/30/2026 12:28:05 PM,Woodmark Custom,,Etsy,7.73,7.73,68.04,56.90,3.41,68.04,1,
4072673642,5/30/2026 2:28:22 PM,YemlihaDesign,,Etsy,6.98,7.26,33.03,23.47,2.30,33.03,1,
4077278949,5/30/2026 1:42:04 PM,YemlihaDesign,,Etsy,6.98,7.26,33.07,23.47,2.34,33.07,1,
4077306543,5/30/2026 2:10:56 PM,Devran Custom Design,,Etsy,5.48,5.48,23.79,16.15,2.16,23.79,1,
4072632100,5/30/2026 1:46:06 PM,Etched Elegance Shop,,Etsy,16.51,22.65,205.55,167.23,15.67,205.55,7,
4077319629,5/30/2026 2:24:35 PM,Lumina Custom Design,,Etsy,10.43,10.43,25.12,14.69,0.00,25.12,1,
4077305359,5/30/2026 2:09:47 PM,Lumina Custom Design,,Etsy,6.67,6.67,54.97,44.70,3.60,54.97,1,
4072601428,5/30/2026 1:16:56 PM,Etched Elegance Shop,,Etsy,9.65,10.43,106.81,86.67,9.71,106.81,1,
4072641348,5/30/2026 1:55:25 PM,Lumina Custom Design,,Etsy,8.13,8.13,24.85,14.69,2.03,24.85,1,
4077320897,5/30/2026 2:25:48 PM,Etched Elegance Shop,,Etsy,6.17,6.80,32.70,23.06,2.84,32.70,1,
4077296553,5/30/2026 2:00:28 PM,Etched Elegance Shop,,Etsy,27.65,39.59,141.69,94.08,8.02,141.69,1,
4072743030,5/30/2026 3:38:32 PM,Devran Custom Design,,Etsy,14.31,15.05,50.97,32.58,3.34,50.97,2,
4077417849,5/30/2026 4:12:33 PM,Etched Elegance Shop,,Etsy,6.73,7.26,33.02,23.89,1.87,33.02,1,
4072778552,5/30/2026 4:13:54 PM,Lumina Custom Design,,Etsy,8.61,8.61,84.53,69.66,6.26,84.53,6,
4077388699,5/30/2026 3:39:01 PM,Lumina Custom Design,,Etsy,7.26,7.26,57.57,46.42,3.89,57.57,1,
4077411331,5/30/2026 4:04:52 PM,Woodmark Custom,,Etsy,6.25,6.98,31.69,22.50,2.21,31.69,1,
4072784216,5/30/2026 4:19:35 PM,Woodmark Custom,,Etsy,8.61,8.61,53.28,40.44,4.23,53.28,1,
4077462153,5/30/2026 5:11:32 PM,Devran Custom Design,,Etsy,7.90,9.76,112.57,95.82,6.99,112.57,5,
4077473813,5/30/2026 5:28:45 PM,Marbella Custom Gifts,,Etsy,7.60,9.14,30.24,20.00,1.10,30.24,1,
4077467515,5/30/2026 5:19:36 PM,Etched Elegance Shop,,Etsy,10.04,16.90,114.78,89.60,8.00,114.50,5,
4072933344,5/30/2026 7:05:29 PM,Custom Gift by FTM,,Etsy,12.82,12.82,21.84,7.19,1.55,21.56,1,
4072895830,5/30/2026 6:20:59 PM,Devran Custom Design,,Etsy,5.28,5.28,24.45,17.00,2.17,24.45,1,
4077551131,5/30/2026 7:31:20 PM,Devran Custom Design,,Etsy,5.40,5.40,22.78,16.15,1.23,22.78,1,
4072917266,5/30/2026 6:46:35 PM,Devran Custom Design,,Etsy,9.37,9.37,25.66,16.29,0.00,25.66,1,
4072924938,5/30/2026 6:55:41 PM,Etched Elegance Shop,,Etsy,7.82,8.61,53.75,41.80,3.34,53.75,2,
4072926218,5/30/2026 6:57:12 PM,Marbella Custom Gifts,,Etsy,5.83,5.83,32.83,24.22,2.78,32.83,1,
4072913110,5/30/2026 6:41:23 PM,Lumina Custom Design,,Etsy,5.83,5.83,18.14,11.61,0.70,18.14,1,
4072903786,5/30/2026 6:30:24 PM,Lumina Custom Design,,Etsy,5.97,5.97,19.00,11.18,1.57,18.72,1,
4072926452,5/30/2026 6:57:30 PM,Woodmark Custom,,Etsy,10.69,10.69,39.27,26.45,2.13,39.27,1,
4073005800,5/30/2026 8:34:23 PM,Etched Elegance Shop,,Etsy,26.09,33.68,346.83,286.72,26.43,346.83,2,
4073021796,5/30/2026 8:54:56 PM,Marbella Custom Gifts,,Etsy,5.89,5.89,32.59,24.22,2.48,32.59,1,
4072969514,5/30/2026 7:49:51 PM,YemlihaDesign,,Etsy,5.83,5.83,29.61,21.84,1.94,29.61,1,
4073017470,5/30/2026 8:49:22 PM,Woodmark Custom,,Etsy,7.90,8.61,47.39,34.97,3.81,47.39,1,
4077594777,5/30/2026 8:40:52 PM,Woodmark Custom,,Etsy,7.13,8.40,32.87,22.50,1.97,32.87,1,
4073041068,5/30/2026 9:19:43 PM,Woodmark Custom,,Etsy,9.06,9.06,70.58,56.90,4.62,70.58,1,
4073079290,5/30/2026 10:11:15 PM,Devran Custom Design,,Etsy,5.40,5.40,18.45,12.00,1.05,18.45,1,
4077645917,5/30/2026 10:06:34 PM,YemlihaDesign,,Etsy,10.43,10.43,166.20,142.09,13.68,166.20,13,
4073049894,5/30/2026 9:31:31 PM,YemlihaDesign,,Etsy,5.73,5.73,19.19,12.78,0.68,19.19,1,
4073145328,5/31/2026 12:14:57 AM,Etched Elegance Shop,,Etsy,6.37,8.61,32.17,20.90,2.66,32.17,1,
4073119320,5/30/2026 11:16:38 PM,Devran Custom Design,,Etsy,6.24,6.24,42.94,33.75,2.95,42.94,1,
4077704551,5/31/2026 12:26:07 AM,Woodmark Custom,,Etsy,6.95,8.13,37.98,27.45,2.40,37.98,1,
4077729525,5/31/2026 1:50:59 AM,Lumina Custom Design,,Etsy,6.98,6.98,26.79,18.69,1.12,26.79,1,
4073162852,5/31/2026 1:00:51 AM,Devran Custom Design,,Etsy,6.07,6.07,26.39,18.75,1.57,26.39,1,
4073185722,5/31/2026 2:07:34 AM,YemlihaDesign,,Etsy,7.69,9.95,36.18,23.47,2.76,36.18,1,
4073235134,5/31/2026 4:16:10 AM,Woodmark Custom,,Etsy,6.17,6.65,36.30,27.45,2.20,36.30,1,
4077786819,5/31/2026 5:27:29 AM,YemlihaDesign,,Etsy,6.98,7.26,33.88,23.47,3.15,33.88,1,
4077809907,5/31/2026 6:37:14 AM,CuteArtCustomDesign,,Etsy,6.61,12.99,86.44,67.05,6.40,86.44,3,
4073304822,5/31/2026 6:48:02 AM, Velvet Whiskey Design,,Etsy,8.80,8.80,175.27,152.00,14.47,175.27,1,
4073343506,5/31/2026 7:46:09 AM,Woodmark Custom,,Etsy,8.61,8.61,38.08,26.45,3.02,38.08,1,
4077876573,5/31/2026 8:43:21 AM,Devran Custom Design,,Etsy,0.00,0.00,5.30,5.00,0.30,5.30,1,
4073410362,5/31/2026 9:05:53 AM, Velvet Whiskey Design,,Etsy,9.76,12.22,101.13,81.20,7.71,101.13,7,
4073419314,5/31/2026 9:15:19 AM,Etched Elegance Shop,,Etsy,7.73,25.83,198.34,161.28,11.23,198.34,5,
4077918781,5/31/2026 9:42:22 AM, Velvet Whiskey Design,,Etsy,9.76,9.06,58.98,46.40,3.52,58.98,4,
4077910099,5/31/2026 9:31:15 AM, Velvet Whiskey Design,,Etsy,8.61,9.06,60.10,46.40,4.64,60.10,1,
4073433686,5/31/2026 9:29:45 AM,Marbella Custom Gifts,,Etsy,7.42,8.06,32.03,21.60,2.37,32.03,1,
4077922849,5/31/2026 9:47:38 AM,Woodmark Custom,,Etsy,7.07,7.07,67.81,56.90,3.84,67.81,1,
4077944091,5/31/2026 10:13:48 AM,Etched Elegance Shop,,Etsy,6.25,7.22,32.40,23.06,2.12,32.40,1,
4073476020,5/31/2026 10:10:09 AM,Woodmark Custom,,Etsy,6.37,7.42,32.76,23.85,1.49,32.76,1,
4077969989,5/31/2026 10:44:21 AM,Marbella Custom Gifts,,Etsy,5.89,5.89,32.33,24.22,2.22,32.33,1,
4073531116,5/31/2026 11:00:59 AM,Etched Elegance Shop,,Etsy,6.10,6.67,31.81,23.06,2.08,31.81,1,
4077983931,5/31/2026 11:00:40 AM,Custom Gift by FTM,,Etsy,5.62,0.00,25.65,24.22,1.15,25.37,1,
4073523834,5/31/2026 10:54:31 AM,Custom Gift by FTM,,Etsy,6.66,11.76,60.04,44.35,3.93,60.04,1,
4073593616,5/31/2026 11:54:51 AM,Woodmark Custom,,Etsy,7.42,7.42,37.66,27.45,2.79,37.66,1,
4078029209,5/31/2026 11:54:21 AM,Woodmark Custom,,Etsy,6.37,7.42,31.72,22.50,1.80,31.72,1,
4073644828,5/31/2026 12:38:39 PM,Devran Custom Design,,Etsy,10.69,10.69,44.53,31.49,2.35,44.53,1,
4078062189,5/31/2026 12:32:18 PM,Etched Elegance Shop,,Etsy,7.26,8.61,34.45,23.89,1.95,34.45,1,
4073679016,5/31/2026 1:07:50 PM, Velvet Whiskey Design,,Etsy,6.65,6.82,34.92,25.89,2.21,34.92,1,
4078094971,5/31/2026 1:05:58 PM,Lumina Custom Design,,Etsy,5.89,5.89,18.73,11.61,1.23,18.73,1,
4073626798,5/31/2026 12:23:29 PM,Woodmark Custom,,Etsy,6.25,6.98,36.84,27.45,2.41,36.84,1,
4073627170,5/31/2026 12:23:46 PM,Woodmark Custom,,Etsy,7.02,7.26,44.97,34.97,2.74,44.97,1,
4078080129,5/31/2026 12:50:43 PM,Woodmark Custom,,Etsy,5.97,8.13,23.20,13.99,1.08,23.20,1,
4073720140,5/31/2026 1:41:04 PM,Devran Custom Design,,Etsy,5.97,5.97,37.13,28.75,2.13,36.85,1,
4073688600,5/31/2026 1:16:08 PM,Devran Custom Design,,Etsy,8.61,12.22,156.02,131.91,11.89,156.02,3,
4073771196,5/31/2026 2:21:38 PM,Devran Custom Design,,Etsy,5.89,5.89,26.27,18.75,1.63,26.27,1,
4073772898,5/31/2026 2:23:00 PM,Etched Elegance Shop,,Etsy,11.82,31.10,266.75,215.04,20.61,266.75,1,
4078131497,5/31/2026 1:43:41 PM, Velvet Whiskey Design,,Etsy,7.02,7.02,21.21,12.80,1.39,21.21,1,
4073728476,5/31/2026 1:47:39 PM, Velvet Whiskey Design,,Etsy,9.35,9.35,193.55,174.72,9.20,193.27,1,
4073787684,5/31/2026 2:34:31 PM,Woodmark Custom,,Etsy,8.61,8.61,53.34,40.44,4.29,53.34,1,
4073714682,5/31/2026 1:37:04 PM,Woodmark Custom,,Etsy,6.37,7.42,33.62,23.85,2.35,33.62,1,
4078101723,5/31/2026 1:12:59 PM,Woodmark Custom,,Etsy,9.06,9.06,71.40,56.90,5.44,71.40,1,
4073798940,5/31/2026 2:43:11 PM,Etched Elegance Shop,,Etsy,7.13,12.87,33.77,20.90,0.00,33.77,1,
4078214055,5/31/2026 3:04:56 PM, Velvet Whiskey Design,,Etsy,11.32,12.22,150.87,127.60,11.05,150.87,1,
4078206721,5/31/2026 2:57:38 PM,Marbella Custom Gifts,,Etsy,5.83,5.83,22.50,15.39,1.28,22.50,1,
4073820544,5/31/2026 2:59:27 PM,Lumina Custom Design,,Etsy,11.67,11.67,62.73,46.42,4.64,62.73,1,
4073834392,5/31/2026 3:10:43 PM,Marbella Custom Gifts,,Etsy,8.76,10.01,31.66,20.00,1.65,31.66,1,
4041599798,5/31/2026 3:38:36 PM,Lumina Custom Design,,Etsy,0.00,9.14,20.21,24.10,1.43,34.67,1,
4073860758,5/31/2026 3:31:44 PM,Devran Custom Design,,Etsy,12.74,12.22,190.44,162.90,15.32,190.44,10,
4073897636,5/31/2026 4:00:40 PM, Velvet Whiskey Design,,Etsy,6.86,6.86,78.50,67.20,4.44,78.50,1,
4073861420,5/31/2026 3:32:14 PM,Woodmark Custom,,Etsy,18.52,36.57,92.18,55.61,0.00,92.18,1,
4073884274,5/31/2026 3:50:06 PM,Woodmark Custom,,Etsy,9.54,11.67,43.42,28.13,3.62,43.42,1,
4078283515,5/31/2026 4:18:01 PM, Velvet Whiskey Design,,Etsy,11.05,11.05,28.83,16.60,1.18,28.83,1,
4078307445,5/31/2026 4:46:30 PM,Marbella Custom Gifts,,Etsy,5.73,5.73,32.65,24.22,2.70,32.65,1,
4073982320,5/31/2026 5:14:34 PM,Woodmark Custom,,Etsy,12.20,12.20,74.08,56.90,4.98,74.08,1,
4073935238,5/31/2026 4:32:21 PM,Woodmark Custom,,Etsy,5.83,7.69,22.99,13.99,1.31,22.99,1,
4074028798,5/31/2026 6:00:04 PM,SenaCustomStore,,Etsy,5.48,5.89,18.89,11.76,1.24,18.89,1,
4074058530,5/31/2026 6:30:35 PM,YemlihaDesign,,Etsy,6.98,7.26,33.17,23.47,2.44,33.17,1,
4078389035,5/31/2026 6:36:32 PM,YemlihaDesign,,Etsy,6.17,6.65,28.37,19.86,1.86,28.37,1,
4078410439,5/31/2026 7:06:04 PM,Devran Custom Design,,Etsy,7.90,8.61,93.40,79.80,4.99,93.40,1,
4078351607,5/31/2026 5:44:08 PM, Velvet Whiskey Design,,Etsy,11.67,11.67,62.10,46.80,3.63,62.10,3,
4074031664,5/31/2026 6:03:04 PM, Velvet Whiskey Design,,Etsy,7.31,8.58,55.67,43.33,3.76,55.67,1,
4078393599,5/31/2026 6:43:03 PM, Velvet Whiskey Design,,Etsy,8.61,10.43,72.54,58.00,4.11,72.54,1,
4078406741,5/31/2026 7:01:24 PM,Custom Gift by FTM,,Etsy,5.40,0.00,25.68,24.22,1.46,25.68,1,
4074037366,5/31/2026 6:08:58 PM,Custom Gift by FTM,,Etsy,6.66,0.00,24.36,22.60,1.76,24.36,1,
4074070952,5/31/2026 6:43:00 PM,Woodmark Custom,,Etsy,9.67,9.67,69.27,55.61,3.99,69.27,1,
4078424565,5/31/2026 7:24:57 PM,Lumina Custom Design,,Etsy,7.73,14.49,126.25,111.76,0.00,126.25,1,
4078486305,5/31/2026 8:47:27 PM,YemlihaDesign,,Etsy,6.98,7.26,33.65,23.47,2.92,33.65,1,
4078459653,5/31/2026 8:11:57 PM,Woodmark Custom,,Etsy,6.37,7.42,32.50,22.50,2.58,32.50,1,
4074180474,5/31/2026 8:37:51 PM,YemlihaDesign,,Etsy,7.42,8.61,33.68,23.47,1.60,33.68,1,
4078426739,5/31/2026 7:28:01 PM,Woodmark Custom,,Etsy,6.10,6.52,32.50,23.85,2.13,32.50,1,
4078450531,5/31/2026 7:59:51 PM,Devran Custom Design,,Etsy,7.26,7.45,67.41,54.97,4.99,67.41,1,
4074113544,5/31/2026 7:28:00 PM,Devran Custom Design,,Etsy,5.48,5.48,17.48,12.00,0.00,17.48,1,
4074159594,5/31/2026 8:15:18 PM,Marbella Custom Gifts,,Etsy,5.73,5.73,26.95,19.34,1.88,26.95,1,
4078449995,5/31/2026 7:59:12 PM, Velvet Whiskey Design,,Etsy,11.82,12.22,128.28,104.40,11.66,128.28,9,
4074179056,5/31/2026 8:36:13 PM, Velvet Whiskey Design,,Etsy,9.76,12.22,98.29,81.20,4.87,98.29,7,
4074266530,5/31/2026 10:26:10 PM,Etched Elegance Shop,,Etsy,7.13,8.40,35.43,24.97,2.06,35.43,1,
4074216896,5/31/2026 9:20:25 PM,Etched Elegance Shop,,Etsy,10.12,22.72,245.60,208.98,13.90,245.60,1,
4074234008,5/31/2026 9:41:10 PM,Etched Elegance Shop,,Etsy,8.76,11.67,37.41,23.89,1.85,37.41,1,
4074196562,5/31/2026 8:55:47 PM,Etched Elegance Shop,,Etsy,6.98,7.26,30.96,21.67,2.03,30.96,1,
4074225628,5/31/2026 9:30:54 PM,YemlihaDesign,,Etsy,7.26,7.26,57.99,46.94,3.79,57.99,2,
4074233714,5/31/2026 9:40:45 PM,Lumina Custom Design,,Etsy,7.26,0.00,28.36,26.38,1.98,28.36,2,
4074250200,5/31/2026 10:02:42 PM, Velvet Whiskey Design,,Etsy,17.12,19.78,182.27,150.80,11.69,182.27,13,
4078548629,5/31/2026 10:12:31 PM,Devran Custom Design,,Etsy,8.34,8.34,26.11,16.29,1.48,26.11,1,
4074192410,5/31/2026 8:51:08 PM,Devran Custom Design,,Etsy,5.40,5.40,23.06,16.15,1.51,23.06,1,
4078559511,5/31/2026 10:29:55 PM,YemlihaDesign,,Etsy,6.37,6.37,32.11,23.82,1.92,32.11,1,
4074268402,5/31/2026 10:29:10 PM,CuteArtCustomDesign,,Etsy,8.16,9.49,63.75,49.40,4.86,63.75,2,
4078565643,5/31/2026 10:40:40 PM,Woodmark Custom,,Etsy,5.48,7.42,18.56,9.99,1.15,18.56,1,
4066083178,5/31/2026 10:56:14 PM,Etched Elegance Shop,,Etsy,10.00,0.00,0.00,0.00,0.00,0.00,0,
4078587121,5/31/2026 11:21:49 PM,Woodmark Custom,,Etsy,14.67,14.67,74.79,56.90,3.22,74.79,1,
